,celltype,pred_seed0,conf_seed0,pred_seed1,conf_seed1,pred_seed2,conf_seed2,pred_seed3,conf_seed3,pred_seed4,conf_seed4,n_wrong,mean_conf,ref_pred,ref_wrong,pred_when_wrong,status,doublet_score,predicted_doublet,n_genes_by_counts,total_counts
AZ_A2,gamma,gamma,0.9999994,gamma,0.9999949,gamma,0.9999459,gamma,0.99999654,gamma,0.99999976,0,0.9999873000000001,gamma,False,—,correct (5/5),0.025641025641025644,False,3362,375041.0
AZ_H5,gamma,gamma,0.9997956,gamma,0.9999702,gamma,0.99997175,gamma,0.99999905,gamma,0.9998914,0,0.9999255999999999,gamma,False,—,correct (5/5),0.2664092664092664,False,2818,339815.0
AZ_G5,gamma,gamma,0.99999726,gamma,0.99999964,gamma,0.99999976,gamma,0.9999739,gamma,0.99999905,0,0.999993922,gamma,False,—,correct (5/5),0.07078507078507078,False,3598,590730.0
AZ_D8,gamma,gamma,0.99999297,gamma,0.99999964,gamma,0.9999999,gamma,0.9999999,gamma,1.0,0,0.9999984820000002,gamma,False,—,correct (5/5),0.09379968203497614,False,5311,730742.0
AZ_D12,gamma,gamma,0.99999964,gamma,0.9999999,gamma,1.0,gamma,0.9999999,gamma,0.9999999,0,0.9999998680000001,gamma,False,—,correct (5/5),0.02432432432432433,False,3436,526148.0
HP1502401_H13,gamma,gamma,0.99999905,gamma,0.99999976,gamma,1.0,gamma,1.0,gamma,0.99999976,0,0.999999714,gamma,False,—,correct (5/5),0.018618618618618618,False,2899,33828.0
HP1502401_L14,gamma,gamma,0.9999999,gamma,1.0,gamma,1.0,gamma,1.0,gamma,1.0,0,0.9999999800000001,gamma,False,—,correct (5/5),0.06633906633906633,False,4914,887825.0
HP1502401_K14,gamma,gamma,1.0,gamma,0.9999999,gamma,1.0,gamma,1.0,gamma,1.0,0,0.9999999800000001,gamma,False,—,correct (5/5),0.04904904904904905,False,4570,1.13221e+06
HP1502401_F17,gamma,gamma,0.999944,gamma,0.9931379,gamma,1.0,gamma,0.9999789,gamma,0.99997985,0,0.99860813,gamma,False,—,correct (5/5),0.018618618618618618,False,2369,467372.0
HP1502401_E5,gamma,gamma,0.9999995,gamma,0.9999999,gamma,1.0,gamma,1.0,gamma,0.9999999,0,0.99999986,gamma,False,—,correct (5/5),0.04904904904904905,False,4214,982428.0
HP1502401_E7,gamma,gamma,1.0,gamma,0.9999994,gamma,1.0,gamma,1.0,gamma,1.0,0,0.9999998800000001,gamma,False,—,correct (5/5),0.021879021879021885,False,5022,1.081178e+06
HP1502401_B18,gamma,gamma,0.99999905,gamma,0.99999404,gamma,1.0,gamma,0.99999845,gamma,0.9999995,0,0.999998208,gamma,False,—,correct (5/5),0.2664092664092664,False,3458,730138.0
HP1502401_K24,gamma,gamma,0.9999932,gamma,0.9999919,gamma,0.9999999,gamma,0.9999999,gamma,0.9999999,0,0.99999696,gamma,False,—,correct (5/5),0.07567567567567568,False,4763,1.111033e+06
HP1502401_K23,gamma,gamma,1.0,gamma,0.99999964,gamma,1.0,gamma,0.9999999,gamma,0.9999999,0,0.999999888,gamma,False,—,correct (5/5),0.031660231660231665,False,2925,799074.0
HP1502401_F18,gamma,gamma,0.99999785,gamma,0.99999905,gamma,0.9999999,gamma,0.99999917,gamma,0.9999995,0,0.999999094,gamma,False,—,correct (5/5),0.04633204633204634,False,3307,775282.0
HP1502401_G11,gamma,gamma,0.99999976,gamma,0.99999976,gamma,1.0,gamma,1.0,gamma,0.9999993,0,0.999999764,gamma,False,—,correct (5/5),0.04144144144144144,False,4159,1.059208e+06
HP1502401_G12,gamma,gamma,0.99999964,gamma,0.99999976,gamma,1.0,gamma,1.0,gamma,1.0,0,0.9999998800000001,gamma,False,—,correct (5/5),0.03923278116826505,False,3507,353586.0
HP1502401_N23,gamma,gamma,0.99999976,gamma,0.9999964,gamma,1.0,gamma,0.9999999,gamma,1.0,0,0.9999992120000002,gamma,False,—,correct (5/5),0.05513513513513514,False,3818,934488.0
HP1502401_B15,gamma,gamma,0.9999999,gamma,0.9999999,gamma,1.0,gamma,1.0,gamma,1.0,0,0.99999996,gamma,False,—,correct (5/5),0.033386327503974564,False,4245,320162.0
HP1502401_N11,gamma,gamma,0.99999905,gamma,0.99999475,gamma,0.9999999,gamma,1.0,gamma,0.9999988,0,0.9999985,gamma,False,—,correct (5/5),0.018618618618618618,False,3612,57547.0
HP1502401_N9,gamma,gamma,0.9999931,gamma,0.99999964,gamma,1.0,gamma,0.9999994,gamma,0.9999999,0,0.999998408,gamma,False,—,correct (5/5),0.03521703521703521,False,3664,224519.0
HP1502401_F15,gamma,gamma,0.9999969,gamma,0.99999666,gamma,1.0,gamma,1.0,gamma,0.99997056,0,0.9999928239999999,gamma,False,—,correct (5/5),0.051975051975051964,False,4080,478233.0
HP1502401_B11,gamma,gamma,0.9999994,gamma,0.99999964,gamma,1.0,gamma,0.9999999,gamma,0.99999976,0,0.99999974,gamma,False,—,correct (5/5),0.04633204633204634,False,4000,340910.0
HP1502401_I8,gamma,gamma,0.99999833,gamma,0.9999918,gamma,0.99999845,gamma,0.9999994,gamma,0.9999989,0,0.9999973759999999,gamma,False,—,correct (5/5),0.04904904904904905,False,5282,470804.0
HP1504101T2D_B4,gamma,gamma,0.999997,gamma,0.9999994,gamma,1.0,gamma,0.99999976,gamma,0.9999994,0,0.999999112,gamma,False,—,correct (5/5),0.03923278116826505,False,4113,480146.0
HP1504101T2D_B10,gamma,gamma,0.9999962,gamma,0.9999995,gamma,0.99999976,gamma,0.9999995,gamma,0.99999964,0,0.99999892,gamma,False,—,correct (5/5),0.027027027027027025,False,4741,372826.0
HP1504101T2D_G16,gamma,gamma,0.9999994,gamma,1.0,gamma,1.0,gamma,1.0,gamma,0.99999976,0,0.999999832,gamma,False,—,correct (5/5),0.02432432432432433,False,5508,408478.0
HP1504101T2D_A15,gamma,gamma,0.9999999,gamma,1.0,gamma,1.0,gamma,1.0,gamma,1.0,0,0.9999999800000001,gamma,False,—,correct (5/5),0.03923278116826505,False,5046,448628.0
HP1504101T2D_K2,gamma,gamma,0.99999964,gamma,0.9999999,gamma,1.0,gamma,0.9999999,gamma,0.99999905,0,0.9999996980000001,gamma,False,—,correct (5/5),0.04904904904904905,False,5533,533854.0
HP1504101T2D_B22,gamma,gamma,0.9999989,gamma,0.99999976,gamma,1.0,gamma,0.9999994,gamma,0.99999976,0,0.999999564,gamma,False,—,correct (5/5),0.03923278116826505,False,5549,431346.0
HP1504101T2D_G4,gamma,gamma,0.9999118,gamma,0.99999917,gamma,0.99999976,gamma,0.99987113,gamma,0.99999976,0,0.999956324,gamma,False,—,correct (5/5),0.025641025641025644,False,5385,529686.0
HP1504101T2D_L13,gamma,gamma,0.9999989,gamma,0.9999993,gamma,1.0,gamma,0.9999987,gamma,0.9999939,0,0.99999816,gamma,False,—,correct (5/5),0.033386327503974564,False,4237,332894.0
HP1504101T2D_B24,gamma,gamma,1.0,gamma,1.0,gamma,1.0,gamma,1.0,gamma,0.99999976,0,0.9999999519999999,gamma,False,—,correct (5/5),0.027027027027027025,False,5105,111729.0
HP1504101T2D_H14,gamma,gamma,0.9999999,gamma,0.9999999,gamma,1.0,gamma,0.9999999,gamma,1.0,0,0.99999994,gamma,False,—,correct (5/5),0.021879021879021885,False,5096,761080.0
HP1504101T2D_A20,gamma,gamma,0.9999912,gamma,0.99999523,gamma,1.0,gamma,0.99999964,gamma,0.9999999,0,0.999997194,gamma,False,—,correct (5/5),0.017626321974148065,False,4811,656258.0
HP1504101T2D_I7,gamma,gamma,0.9999999,gamma,0.9999999,gamma,1.0,gamma,0.99999964,gamma,0.9999995,0,0.999999788,gamma,False,—,correct (5/5),0.03716216216216217,False,6278,120990.0
HP1504101T2D_E11,gamma,gamma,0.99999976,gamma,1.0,gamma,1.0,gamma,1.0,gamma,1.0,0,0.9999999519999999,gamma,False,—,correct (5/5),0.03923278116826505,False,5420,425952.0
HP1504101T2D_E18,gamma,gamma,0.99999976,gamma,1.0,gamma,1.0,gamma,0.9999999,gamma,0.99999964,0,0.9999998600000002,gamma,False,—,correct (5/5),0.05855855855855858,False,5107,708006.0
HP1504101T2D_L15,gamma,gamma,0.9999976,gamma,0.9999987,gamma,0.99999976,gamma,0.99999917,gamma,0.9999999,0,0.999999026,gamma,False,—,correct (5/5),0.017626321974148065,False,5126,377719.0
HP1504101T2D_D17,gamma,gamma,0.9999926,gamma,0.99999714,gamma,0.9999999,gamma,0.9999814,gamma,0.9999951,0,0.9999932279999999,gamma,False,—,correct (5/5),0.05513513513513514,False,4809,679645.0
HP1504101T2D_A4,gamma,gamma,0.99999845,gamma,0.9999949,gamma,0.99999976,gamma,0.99999654,gamma,0.99999774,0,0.999997478,gamma,False,—,correct (5/5),0.1309771309771309,False,5550,621018.0
HP1504101T2D_P9,gamma,gamma,0.9999999,gamma,0.99999917,gamma,0.99999976,gamma,0.9999999,gamma,0.99999976,0,0.9999996980000001,gamma,False,—,correct (5/5),0.027027027027027025,False,4937,613391.0
HP1504101T2D_F11,gamma,gamma,0.99999976,gamma,0.9999957,gamma,1.0,gamma,0.9999988,gamma,0.99999905,0,0.9999986620000001,gamma,False,—,correct (5/5),0.02432432432432433,False,4217,400739.0
HP1504101T2D_O4,gamma,gamma,0.9999788,gamma,0.99996006,gamma,0.9999999,gamma,0.99997663,gamma,0.99999976,0,0.9999830299999999,gamma,False,—,correct (5/5),0.023071852340145027,False,5330,425446.0
HP1504101T2D_E4,gamma,gamma,0.99999976,gamma,0.9999825,gamma,0.9999999,gamma,0.99999785,gamma,0.9999732,0,0.999990642,gamma,False,—,correct (5/5),0.1783783783783784,False,5211,659044.0
HP1504101T2D_I16,gamma,gamma,0.99999964,gamma,0.99999976,gamma,1.0,gamma,0.9999995,gamma,1.0,0,0.9999997799999999,gamma,False,—,correct (5/5),0.033386327503974564,False,4988,725141.0
HP1504101T2D_D1,gamma,gamma,0.50755817,alpha,0.6373533,gamma,0.9942731,gamma,0.7080118,alpha,0.8771797,2,0.7448752140000001,gamma,False,alpha,unstable error (1–3/5),0.05513513513513514,False,5077,36255.0
HP1504101T2D_D18,gamma,gamma,0.99992716,gamma,0.99999917,gamma,0.9999993,gamma,0.9999987,gamma,0.99999917,0,0.9999847,gamma,False,—,correct (5/5),0.06227967097532316,False,5936,937545.0
HP1504101T2D_F2,gamma,gamma,0.99999225,gamma,0.99996555,gamma,0.99999714,gamma,0.9999672,gamma,0.999938,0,0.999972028,gamma,False,—,correct (5/5),0.05855855855855858,False,6474,724685.0
HP1504101T2D_I15,gamma,gamma,0.9999982,gamma,0.9999993,gamma,0.99999976,gamma,0.99998033,gamma,0.99999976,0,0.99999547,gamma,False,—,correct (5/5),0.03923278116826505,False,4957,582843.0
HP1504101T2D_I10,gamma,gamma,0.9999324,gamma,0.9999963,gamma,0.9999999,gamma,0.9999862,gamma,0.99999964,0,0.9999828879999999,gamma,False,—,correct (5/5),0.027027027027027025,False,5644,341799.0
HP1504101T2D_E14,gamma,gamma,0.9999931,gamma,0.9999982,gamma,1.0,gamma,0.9999994,gamma,0.9999988,0,0.9999979,gamma,False,—,correct (5/5),0.020741671904462605,False,5187,629865.0
HP1504101T2D_P24,gamma,gamma,1.0,gamma,0.9999999,gamma,1.0,gamma,0.99999976,gamma,0.99999976,0,0.999999884,gamma,False,—,correct (5/5),0.05513513513513514,False,6772,1.485804e+06
HP1504101T2D_E9,gamma,gamma,1.0,gamma,0.99999964,gamma,1.0,gamma,1.0,gamma,0.9999995,0,0.999999828,gamma,False,—,correct (5/5),0.02432432432432433,False,5218,566997.0
HP1504101T2D_B17,gamma,gamma,0.9999989,gamma,0.9999976,gamma,1.0,gamma,1.0,gamma,0.9999901,0,0.99999732,gamma,False,—,correct (5/5),0.051975051975051964,False,5813,587842.0
HP1504101T2D_N20,gamma,gamma,0.99999964,gamma,0.9999999,gamma,1.0,gamma,1.0,gamma,0.9999999,0,0.999999888,gamma,False,—,correct (5/5),0.023071852340145027,False,3657,1.079406e+06
HP1504101T2D_C12,gamma,gamma,0.9999974,gamma,0.99999905,gamma,0.99999976,gamma,0.9999993,gamma,0.9999995,0,0.999999002,gamma,False,—,correct (5/5),0.03521703521703521,False,5764,270872.0
HP1504101T2D_I19,gamma,gamma,0.9999819,gamma,0.9999993,gamma,1.0,gamma,0.9999994,gamma,0.99999726,0,0.9999955720000001,gamma,False,—,correct (5/5),0.019656019656019656,False,2785,311287.0
HP1504101T2D_M1,gamma,gamma,0.9999999,gamma,0.9999999,gamma,0.9999999,gamma,1.0,gamma,0.9999987,0,0.99999968,gamma,False,—,correct (5/5),0.11969111969111967,False,5437,722105.0
HP1504101T2D_A13,gamma,gamma,0.9999964,gamma,0.99999845,gamma,0.9999999,gamma,0.99999785,gamma,0.9999999,0,0.9999984999999999,gamma,False,—,correct (5/5),0.021879021879021885,False,5378,662643.0
HP1504101T2D_D21,gamma,gamma,0.99999714,gamma,0.9999999,gamma,1.0,gamma,0.9999999,gamma,0.9999999,0,0.9999993680000001,gamma,False,—,correct (5/5),0.023071852340145027,False,5391,762657.0
HP1504101T2D_B18,gamma,gamma,0.99999905,gamma,0.9999993,gamma,1.0,gamma,0.9999902,gamma,0.9999999,0,0.99999769,gamma,False,—,correct (5/5),0.018618618618618618,False,5901,768784.0
HP1504101T2D_A17,gamma,gamma,0.99999106,gamma,0.9999963,gamma,0.9999995,gamma,0.9999974,gamma,0.9999989,0,0.9999966319999999,gamma,False,—,correct (5/5),0.03716216216216217,False,4971,303043.0
HP1504101T2D_E7,gamma,gamma,0.9999999,gamma,0.9999999,gamma,1.0,gamma,1.0,gamma,0.99999845,0,0.99999965,gamma,False,—,correct (5/5),0.05513513513513514,False,4652,407928.0
HP1504101T2D_G3,gamma,gamma,0.99999857,gamma,0.99999976,gamma,1.0,gamma,0.99999774,gamma,0.99999785,0,0.999998784,gamma,False,—,correct (5/5),0.030030030030030033,False,4565,507291.0
HP1504101T2D_C21,gamma,gamma,0.9999995,gamma,0.9999994,gamma,1.0,gamma,1.0,gamma,0.9999982,0,0.99999942,gamma,False,—,correct (5/5),0.14414414414414414,False,5993,593261.0
HP1504101T2D_K8,gamma,gamma,0.9999994,gamma,0.99999964,gamma,1.0,gamma,1.0,gamma,0.9999999,0,0.999999788,gamma,False,—,correct (5/5),0.023071852340145027,False,5489,615330.0
HP1504101T2D_D24,gamma,gamma,0.9999988,gamma,0.9999999,gamma,0.9999999,gamma,0.99999976,gamma,1.0,0,0.9999996720000001,gamma,False,—,correct (5/5),0.06633906633906633,False,6593,1.240023e+06
HP1504101T2D_F14,gamma,gamma,0.9999993,gamma,0.99999964,gamma,1.0,gamma,0.9999999,gamma,0.9999981,0,0.9999993880000002,gamma,False,—,correct (5/5),0.03716216216216217,False,4424,626685.0
HP1504101T2D_B5,gamma,gamma,0.9999933,gamma,0.99999976,gamma,1.0,gamma,0.9999995,gamma,0.9999987,0,0.9999982519999999,gamma,False,—,correct (5/5),0.027027027027027025,False,5771,494575.0
HP1504101T2D_L24,gamma,gamma,1.0,gamma,0.9999999,gamma,1.0,gamma,0.99999964,gamma,1.0,0,0.999999908,gamma,False,—,correct (5/5),0.05855855855855858,False,6498,1.071667e+06
HP1504101T2D_B12,gamma,gamma,0.9999293,gamma,0.9998511,gamma,0.99999845,gamma,0.9999614,gamma,0.9999801,0,0.9999440700000001,gamma,False,—,correct (5/5),0.04633204633204634,False,6982,702246.0
HP1504101T2D_E8,gamma,gamma,0.9997595,gamma,0.9999969,gamma,0.9999993,gamma,0.999881,gamma,0.999998,0,0.9999269399999999,gamma,False,—,correct (5/5),0.018618618618618618,False,4552,243257.0
HP1504101T2D_L1,gamma,gamma,0.99999964,gamma,0.9999937,gamma,1.0,gamma,0.99999964,gamma,0.99999964,0,0.9999985240000001,gamma,False,—,correct (5/5),0.031660231660231665,False,5290,650230.0
HP1504101T2D_J3,gamma,gamma,0.9999995,gamma,0.9999982,gamma,1.0,gamma,1.0,gamma,0.99999976,0,0.9999994919999999,gamma,False,—,correct (5/5),0.02432432432432433,False,4771,377796.0
HP1504101T2D_G21,gamma,gamma,1.0,gamma,0.9999989,gamma,1.0,gamma,0.9999999,gamma,0.99999344,0,0.999998448,gamma,False,—,correct (5/5),0.03716216216216217,False,6077,1.094514e+06
HP1504101T2D_D15,gamma,gamma,0.99999917,gamma,1.0,gamma,1.0,gamma,0.9999995,gamma,1.0,0,0.999999734,gamma,False,—,correct (5/5),0.03521703521703521,False,5282,380377.0
HP1504101T2D_D23,gamma,gamma,0.99999917,gamma,0.9999999,gamma,1.0,gamma,1.0,gamma,0.99998045,0,0.999995904,gamma,False,—,correct (5/5),0.03716216216216217,False,5422,843150.0
HP1504101T2D_H1,gamma,gamma,0.99999905,gamma,1.0,gamma,1.0,gamma,0.9999995,gamma,0.9999994,0,0.99999959,gamma,False,—,correct (5/5),0.04904904904904905,False,5156,525745.0
HP1504101T2D_D12,gamma,gamma,0.93764234,gamma,0.97087985,gamma,0.9435101,gamma,0.8985632,gamma,0.9901245,0,0.9481439979999999,gamma,False,—,correct (5/5),0.1783783783783784,False,6066,646870.0
HP1504101T2D_F13,gamma,gamma,0.99999964,gamma,0.99999845,gamma,1.0,gamma,1.0,gamma,1.0,0,0.999999618,gamma,False,—,correct (5/5),0.019656019656019656,False,5744,722246.0
HP1504101T2D_J9,gamma,gamma,0.9999957,gamma,0.9999993,gamma,1.0,gamma,0.99999905,gamma,0.9999994,0,0.99999869,gamma,False,—,correct (5/5),0.02848794740686632,False,4166,610750.0
HP1504101T2D_H24,gamma,gamma,0.99999964,gamma,0.9999994,gamma,1.0,gamma,0.99999976,gamma,1.0,0,0.99999976,gamma,False,—,correct (5/5),0.04380242311276794,False,6753,1.08932e+06
HP1504101T2D_E20,gamma,gamma,0.9999999,gamma,0.9999999,gamma,1.0,gamma,1.0,gamma,0.99999976,0,0.999999912,gamma,False,—,correct (5/5),0.019656019656019656,False,4275,746615.0
HP1504101T2D_P12,gamma,gamma,0.9999989,gamma,0.9999999,gamma,0.9999995,gamma,0.9999994,gamma,0.99999976,0,0.999999492,gamma,False,—,correct (5/5),0.02432432432432433,False,5129,534204.0
HP1504101T2D_J22,gamma,gamma,0.99999905,gamma,0.9999994,gamma,1.0,gamma,0.9999993,gamma,0.9999999,0,0.99999953,gamma,False,—,correct (5/5),0.07567567567567568,False,6716,1.234958e+06
HP1504101T2D_O11,gamma,gamma,0.99999976,gamma,0.9999999,gamma,1.0,gamma,1.0,gamma,0.9999999,0,0.999999912,gamma,False,—,correct (5/5),0.05513513513513514,False,5647,779471.0
HP1504101T2D_J5,gamma,gamma,0.99994576,gamma,0.9999219,gamma,0.99997735,gamma,0.9994649,gamma,0.9998872,0,0.999839422,gamma,False,—,correct (5/5),0.10990990990990991,False,6127,615620.0
HP1504101T2D_G8,gamma,gamma,0.99999964,gamma,1.0,gamma,1.0,gamma,1.0,gamma,1.0,0,0.999999928,gamma,False,—,correct (5/5),0.014892443463872035,False,5814,566883.0
HP1504101T2D_D11,gamma,gamma,0.99986887,gamma,0.99998045,gamma,0.99999857,gamma,0.99999344,gamma,0.9999527,0,0.9999588059999999,gamma,False,—,correct (5/5),0.20120120120120114,False,5804,235999.0
HP1504101T2D_O23,gamma,gamma,0.99999976,gamma,0.9999999,gamma,1.0,gamma,1.0,gamma,0.9999994,0,0.9999998120000001,gamma,False,—,correct (5/5),0.031660231660231665,False,5383,801089.0
HP1504101T2D_F20,gamma,gamma,0.99999976,gamma,1.0,gamma,1.0,gamma,1.0,gamma,1.0,0,0.9999999519999999,gamma,False,—,correct (5/5),0.030030030030030033,False,5485,1.078888e+06
HP1504101T2D_M3,gamma,gamma,0.99999976,gamma,1.0,gamma,1.0,gamma,0.99999905,gamma,0.9999999,0,0.999999742,gamma,False,—,correct (5/5),0.03716216216216217,False,4503,294971.0
HP1504101T2D_N16,gamma,gamma,0.9999987,gamma,0.99999976,gamma,1.0,gamma,0.9999999,gamma,1.0,0,0.9999996720000001,gamma,False,—,correct (5/5),0.04633204633204634,False,4917,825509.0
HP1504101T2D_A18,gamma,gamma,0.9999999,gamma,1.0,gamma,1.0,gamma,1.0,gamma,1.0,0,0.9999999800000001,gamma,False,—,correct (5/5),0.015765765765765768,False,5411,670968.0
HP1504101T2D_F16,gamma,gamma,0.9999995,gamma,0.9999999,gamma,1.0,gamma,1.0,gamma,0.99999976,0,0.999999832,gamma,False,—,correct (5/5),0.027027027027027025,False,4997,765273.0
HP1504901_L12,gamma,gamma,0.9999999,gamma,0.99999917,gamma,1.0,gamma,1.0,gamma,0.99999976,0,0.999999766,gamma,False,—,correct (5/5),0.02432432432432433,False,3096,333186.0
HP1504901_N9,gamma,gamma,0.9999976,gamma,0.9999603,gamma,0.99999595,gamma,0.9999995,gamma,0.99999845,0,0.99999036,gamma,False,—,correct (5/5),0.030030030030030033,False,3446,188132.0
HP1504901_F15,gamma,gamma,0.9999957,gamma,0.999848,gamma,0.99999976,gamma,0.99999774,gamma,0.99999833,0,0.999967906,gamma,False,—,correct (5/5),0.06633906633906633,False,2972,180937.0
HP1504901_G20,gamma,gamma,0.99999714,gamma,0.99999905,gamma,1.0,gamma,0.9999999,gamma,0.9999999,0,0.999999198,gamma,False,—,correct (5/5),0.015765765765765768,False,2770,411323.0
HP1504901_H19,gamma,gamma,0.9999944,gamma,0.99999785,gamma,0.9999999,gamma,0.9999999,gamma,0.99999964,0,0.9999983379999999,gamma,False,—,correct (5/5),0.03716216216216217,False,3232,256665.0
HP1504901_B8,gamma,gamma,0.99999607,gamma,0.99991965,gamma,0.9999999,gamma,0.99977154,gamma,0.9999951,0,0.999936452,gamma,False,—,correct (5/5),0.03923278116826505,False,3441,378770.0
HP1504901_O1,gamma,gamma,0.99201185,gamma,0.99227166,gamma,0.99711525,gamma,0.9968919,gamma,0.9997558,0,0.9956092919999999,gamma,False,—,correct (5/5),0.02848794740686632,False,2765,146770.0
HP1504901_F18,gamma,gamma,0.9999989,gamma,0.9999982,gamma,0.9999999,gamma,0.9999994,gamma,0.99999917,0,0.9999991140000001,gamma,False,—,correct (5/5),0.030030030030030033,False,4518,432268.0
HP1504901_H14,gamma,gamma,0.9999999,gamma,0.99999917,gamma,1.0,gamma,1.0,gamma,0.9999999,0,0.999999794,gamma,False,—,correct (5/5),0.03923278116826505,False,3398,381091.0
HP1504901_F1,gamma,gamma,0.9999795,gamma,0.9991184,gamma,1.0,gamma,0.99999917,gamma,0.99999547,0,0.9998185079999999,gamma,False,—,correct (5/5),0.05513513513513514,False,3399,147177.0
HP1504901_B20,gamma,gamma,0.9999888,gamma,0.99998355,gamma,0.9999957,gamma,0.99999654,gamma,0.99999845,0,0.999992608,gamma,False,—,correct (5/5),0.016676250718803912,False,3157,583310.0
HP1504901_O21,gamma,gamma,0.99999344,gamma,0.9999974,gamma,0.99999917,gamma,0.9999994,gamma,0.99999905,0,0.9999976920000002,gamma,False,—,correct (5/5),0.020741671904462605,False,3493,336236.0
HP1504901_A5,gamma,gamma,0.99999917,gamma,0.9999989,gamma,1.0,gamma,0.9999999,gamma,0.9999999,0,0.9999995740000001,gamma,False,—,correct (5/5),0.04144144144144144,False,3554,169949.0
HP1504901_L18,gamma,gamma,0.99999917,gamma,0.999995,gamma,1.0,gamma,1.0,gamma,0.9999999,0,0.9999988139999999,gamma,False,—,correct (5/5),0.05513513513513514,False,3389,451243.0
HP1504901_D9,gamma,gamma,1.0,gamma,0.999997,gamma,1.0,gamma,0.99999976,gamma,0.99999964,0,0.9999992800000002,gamma,False,—,correct (5/5),0.04380242311276794,False,3649,437137.0
HP1504901_K14,gamma,gamma,0.99992895,gamma,0.9999925,gamma,0.9999435,gamma,0.9999666,gamma,0.9999975,0,0.99996581,gamma,False,—,correct (5/5),0.07567567567567568,False,3242,392418.0
HP1504901_N15,gamma,gamma,0.99995613,gamma,0.9999944,gamma,1.0,gamma,1.0,gamma,0.9999999,0,0.9999900860000001,gamma,False,—,correct (5/5),0.02848794740686632,False,4121,242242.0
HP1504901_B23,gamma,gamma,0.9999759,gamma,0.99990714,gamma,0.9999889,gamma,0.99999964,gamma,0.9999968,0,0.9999736760000001,gamma,False,—,correct (5/5),0.030030030030030033,False,3423,283881.0
HP1504901_O5,gamma,gamma,0.9810161,gamma,0.99031067,gamma,0.99865025,gamma,0.9995658,gamma,0.9991667,0,0.993741904,gamma,False,—,correct (5/5),0.11969111969111967,False,4497,357907.0
HP1504901_J9,gamma,gamma,0.9999982,gamma,0.9999701,gamma,0.9999447,gamma,0.9999981,gamma,0.9999989,0,0.9999819999999999,gamma,False,—,correct (5/5),0.03923278116826505,False,3030,330730.0
HP1504901_M4,gamma,gamma,0.99996376,gamma,0.9999156,gamma,0.99997246,gamma,0.99985933,gamma,0.999962,0,0.9999346299999999,gamma,False,—,correct (5/5),0.019656019656019656,False,3078,120194.0
HP1504901_B6,gamma,gamma,1.0,gamma,0.99999917,gamma,1.0,gamma,1.0,gamma,0.9999999,0,0.999999814,gamma,False,—,correct (5/5),0.020741671904462605,False,3521,279972.0
HP1504901_E23,gamma,gamma,0.99990654,gamma,0.9999912,gamma,0.9999918,gamma,0.9999943,gamma,0.9999684,0,0.999970448,gamma,False,—,correct (5/5),0.08108108108108107,False,3120,353563.0
HP1504901_O24,gamma,gamma,1.0,gamma,0.99999964,gamma,1.0,gamma,1.0,gamma,1.0,0,0.999999928,gamma,False,—,correct (5/5),0.04144144144144144,False,3563,418360.0
HP1504901_L3,gamma,gamma,0.9999999,gamma,0.9999995,gamma,1.0,gamma,1.0,gamma,1.0,0,0.9999998800000001,gamma,False,—,correct (5/5),0.014054054054054054,False,3635,227019.0
HP1504901_I18,gamma,gamma,0.9999536,gamma,0.99337006,gamma,0.9999372,gamma,0.9999969,gamma,0.9999964,0,0.998650832,gamma,False,—,correct (5/5),0.15970515970515978,False,4091,345375.0
HP1504901_D24,gamma,gamma,0.99984443,gamma,0.999997,gamma,0.99991465,gamma,0.99999344,gamma,0.99999726,0,0.9999493559999999,gamma,False,—,correct (5/5),0.03521703521703521,False,3393,318194.0
HP1504901_I22,gamma,gamma,0.99999034,gamma,0.99994636,gamma,0.9999572,gamma,0.9999857,gamma,0.9999982,0,0.99997556,gamma,False,—,correct (5/5),0.04633204633204634,False,4015,387033.0
HP1504901_C14,gamma,gamma,0.99998903,gamma,0.99996424,gamma,0.99999833,gamma,0.99999833,gamma,0.9999944,0,0.999988866,gamma,False,—,correct (5/5),0.031660231660231665,False,3116,264111.0
HP1504901_C23,gamma,gamma,0.99999094,gamma,0.9999944,gamma,1.0,gamma,0.99999416,gamma,0.99999785,0,0.99999547,gamma,False,—,correct (5/5),0.033386327503974564,False,3558,289636.0
HP1504901_L9,gamma,gamma,0.99999595,gamma,0.9999989,gamma,0.9999999,gamma,0.9999999,gamma,0.9999995,0,0.99999883,gamma,False,—,correct (5/5),0.04380242311276794,False,3311,255378.0
HP1504901_N23,gamma,gamma,0.99999845,gamma,0.9999449,gamma,0.99999976,gamma,0.9999989,gamma,0.9999993,0,0.9999882620000001,gamma,False,—,correct (5/5),0.10990990990990991,False,3232,350248.0
HP1506401_I2,gamma,gamma,0.99999976,gamma,0.9999982,gamma,1.0,gamma,1.0,gamma,1.0,0,0.999999592,gamma,False,—,correct (5/5),0.014892443463872035,False,6022,66499.0
HP1506401_I1,gamma,gamma,0.999998,gamma,0.99999833,gamma,0.9999999,gamma,0.99999976,gamma,0.9999999,0,0.999999178,gamma,False,—,correct (5/5),0.015765765765765768,False,6098,145575.0
HP1506401_E3,gamma,gamma,0.9999993,gamma,0.999998,gamma,1.0,gamma,1.0,gamma,0.9999999,0,0.9999994400000001,gamma,False,—,correct (5/5),0.02432432432432433,False,5640,63148.0
HP1506401_B22,gamma,gamma,0.99998105,gamma,0.99998105,gamma,1.0,gamma,0.9999981,gamma,1.0,0,0.9999920400000001,gamma,False,—,correct (5/5),0.023071852340145027,False,7143,132375.0
HP1506401_N7,gamma,gamma,0.99999905,gamma,0.9999851,gamma,1.0,gamma,0.99999964,gamma,0.99999976,0,0.9999967099999999,gamma,False,—,correct (5/5),0.016676250718803912,False,3638,14633.0
HP1506401_I14,gamma,gamma,0.99999976,gamma,0.9999944,gamma,0.9999882,gamma,0.99999976,gamma,0.9999976,0,0.9999959439999999,gamma,False,—,correct (5/5),0.03923278116826505,False,6561,288537.0
HP1506401_G8,gamma,gamma,0.99999917,gamma,0.9999707,gamma,0.99999034,gamma,0.9999993,gamma,0.9999999,0,0.999991882,gamma,False,—,correct (5/5),0.030030030030030033,False,7827,185175.0
HP1506401_H12,gamma,gamma,0.9999999,gamma,0.9999958,gamma,1.0,gamma,1.0,gamma,1.0,0,0.9999991399999999,gamma,False,—,correct (5/5),0.019656019656019656,False,7892,208223.0
HP1506401_E12,gamma,gamma,0.9999968,gamma,0.99999034,gamma,0.9999999,gamma,1.0,gamma,1.0,0,0.9999974080000001,gamma,False,—,correct (5/5),0.025641025641025644,False,7776,420014.0
HP1506401_B4,gamma,gamma,0.99999964,gamma,0.9999976,gamma,1.0,gamma,0.9999927,gamma,1.0,0,0.999997988,gamma,False,—,correct (5/5),0.04633204633204634,False,7966,503431.0
HP1506401_K23,gamma,gamma,0.99999845,gamma,0.9999989,gamma,1.0,gamma,1.0,gamma,1.0,0,0.99999947,gamma,False,—,correct (5/5),0.017626321974148065,False,6979,244243.0
HP1506401_I17,gamma,gamma,0.99999976,gamma,0.99999917,gamma,1.0,gamma,1.0,gamma,1.0,0,0.9999997860000001,gamma,False,—,correct (5/5),0.08108108108108107,False,7138,1.049464e+06
HP1506401_H11,gamma,gamma,0.9999851,gamma,0.99997044,gamma,0.9999999,gamma,0.9999982,gamma,0.99999905,0,0.9999905379999999,gamma,False,—,correct (5/5),0.020741671904462605,False,7410,121268.0
HP1506401_F14,gamma,gamma,0.9998832,gamma,0.99988115,gamma,0.99999535,gamma,0.9999864,gamma,0.99992406,0,0.999934032,gamma,False,—,correct (5/5),0.04904904904904905,False,7473,170332.0
HP1506401_K22,gamma,gamma,0.9999995,gamma,0.99999976,gamma,0.9999964,gamma,0.9999995,gamma,0.9999974,0,0.999998512,gamma,False,—,correct (5/5),0.019656019656019656,False,5424,57185.0
HP1506401_O6,gamma,gamma,0.9999995,gamma,0.99999905,gamma,1.0,gamma,0.9999999,gamma,0.99999917,0,0.999999524,gamma,False,—,correct (5/5),0.027027027027027025,False,7453,269312.0
HP1506401_D9,gamma,gamma,0.9999993,gamma,0.9999939,gamma,1.0,gamma,1.0,gamma,0.9999999,0,0.9999986200000001,gamma,False,—,correct (5/5),0.018618618618618618,False,7263,281130.0
HP1506401_L17,gamma,gamma,0.99978167,gamma,0.99898916,gamma,0.9999938,gamma,0.9999845,gamma,0.9999989,0,0.999749606,gamma,False,—,correct (5/5),0.027027027027027025,False,7599,112516.0
HP1506401_M6,gamma,gamma,0.9999995,gamma,0.999998,gamma,0.99999964,gamma,0.99999964,gamma,0.9999993,0,0.999999216,gamma,False,—,correct (5/5),0.03521703521703521,False,7013,194231.0
HP1506401_B3,gamma,gamma,0.999992,gamma,0.99995625,gamma,1.0,gamma,0.999997,gamma,0.9999999,0,0.9999890300000001,gamma,False,—,correct (5/5),0.03521703521703521,False,8164,257730.0
HP1506401_M24,gamma,gamma,0.99999917,gamma,0.99999976,gamma,1.0,gamma,1.0,gamma,1.0,0,0.9999997860000001,gamma,False,—,correct (5/5),0.016676250718803912,False,7321,489188.0
HP1506401_H19,gamma,gamma,0.99996877,gamma,0.99995816,gamma,0.99999917,gamma,0.999974,gamma,0.99999774,0,0.999979568,gamma,False,—,correct (5/5),0.019656019656019656,False,5275,28749.0
HP1507101_J9,gamma,gamma,0.99999976,gamma,0.9999999,gamma,1.0,gamma,1.0,gamma,1.0,0,0.999999932,gamma,False,—,correct (5/5),0.027027027027027025,False,6056,258952.0
HP1507101_D19,gamma,gamma,0.99999905,gamma,0.99999714,gamma,0.9999999,gamma,1.0,gamma,0.9999999,0,0.999999198,gamma,False,—,correct (5/5),0.017626321974148065,False,6363,80910.0
HP1507101_M22,gamma,gamma,0.9999993,gamma,0.99999833,gamma,1.0,gamma,1.0,gamma,1.0,0,0.9999995260000001,gamma,False,—,correct (5/5),0.014892443463872035,False,4617,31246.0
HP1507101_B20,gamma,gamma,0.9999982,gamma,0.99999917,gamma,1.0,gamma,0.9999999,gamma,0.9999999,0,0.999999434,gamma,False,—,correct (5/5),0.031660231660231665,False,6057,140465.0
HP1507101_F9,gamma,gamma,0.99999976,gamma,0.99999845,gamma,1.0,gamma,1.0,gamma,0.9999999,0,0.999999622,gamma,False,—,correct (5/5),0.015765765765765768,False,5635,190415.0
HP1508501T2D_A19,gamma,gamma,0.99999964,gamma,0.99999905,gamma,1.0,gamma,1.0,gamma,0.9999999,0,0.999999718,gamma,False,—,correct (5/5),0.033386327503974564,False,6025,470937.0
HP1508501T2D_K16,gamma,gamma,0.9999999,gamma,0.99999607,gamma,0.99999714,gamma,1.0,gamma,0.99999976,0,0.9999985739999999,gamma,False,—,correct (5/5),0.020741671904462605,False,6398,176055.0
HP1508501T2D_H18,gamma,gamma,0.9999994,gamma,0.99999857,gamma,1.0,gamma,1.0,gamma,0.9999995,0,0.9999994940000001,gamma,False,—,correct (5/5),0.023071852340145027,False,6769,893186.0
HP1508501T2D_J17,gamma,gamma,0.8983599,gamma,0.9904185,gamma,0.9871694,gamma,0.99819034,gamma,0.99959403,0,0.974746434,gamma,False,—,correct (5/5),0.1309771309771309,False,8148,481896.0
HP1508501T2D_B10,gamma,gamma,0.999998,gamma,0.9998574,gamma,0.99999774,gamma,0.9999987,gamma,0.99999595,0,0.9999695579999999,gamma,False,—,correct (5/5),0.05855855855855858,False,6598,140503.0
HP1508501T2D_N18,gamma,gamma,0.95342773,gamma,0.99557555,gamma,0.99966705,gamma,0.9968927,gamma,0.9999802,0,0.989108646,gamma,False,—,correct (5/5),0.04380242311276794,False,5820,430352.0
HP1508501T2D_F11,gamma,gamma,0.99999976,gamma,0.9999995,gamma,1.0,gamma,0.99999976,gamma,0.9999988,0,0.999999564,gamma,False,—,correct (5/5),0.020741671904462605,False,6368,208903.0
HP1508501T2D_G22,gamma,gamma,0.9999083,gamma,0.99997103,gamma,0.9999045,gamma,0.99997747,gamma,0.9999958,0,0.99995142,gamma,False,—,correct (5/5),0.04144144144144144,False,5945,340184.0
HP1508501T2D_P4,gamma,gamma,0.9999964,gamma,0.99998426,gamma,1.0,gamma,0.9999999,gamma,0.99998367,0,0.9999928459999999,gamma,False,—,correct (5/5),0.033386327503974564,False,6321,100302.0
HP1509101_F21,gamma,gamma,0.9999993,gamma,0.9999995,gamma,1.0,gamma,1.0,gamma,0.99999964,0,0.9999996880000002,gamma,False,—,correct (5/5),0.02432432432432433,False,6790,497376.0
HP1509101_O8,gamma,gamma,0.9999528,gamma,0.9999943,gamma,0.99999917,gamma,0.99999976,gamma,0.99999833,0,0.9999888720000001,gamma,False,—,correct (5/5),0.019656019656019656,False,5577,62367.0
HP1509101_G8,gamma,gamma,0.99999976,gamma,0.9999988,gamma,1.0,gamma,0.9999999,gamma,0.99999976,0,0.9999996440000001,gamma,False,—,correct (5/5),0.014892443463872035,False,2940,14457.0
HP1509101_K8,gamma,gamma,0.99999976,gamma,0.9999999,gamma,1.0,gamma,1.0,gamma,0.9999999,0,0.999999912,gamma,False,—,correct (5/5),0.016676250718803912,False,3012,11035.0
HP1525301T2D_E19,gamma,gamma,0.9999974,gamma,0.9999989,gamma,1.0,gamma,0.9999999,gamma,1.0,0,0.99999924,gamma,False,—,correct (5/5),0.05513513513513514,False,7413,148192.0
HP1525301T2D_B5,gamma,gamma,0.99999785,gamma,0.99999666,gamma,1.0,gamma,0.99999964,gamma,0.9999995,0,0.9999987300000001,gamma,False,—,correct (5/5),0.04904904904904905,False,6336,103937.0
HP1525301T2D_E3,gamma,gamma,0.99999917,gamma,0.99999857,gamma,1.0,gamma,0.99999976,gamma,0.9999993,0,0.99999936,gamma,False,—,correct (5/5),0.0870870870870871,False,7269,148977.0
HP1525301T2D_G23,gamma,gamma,0.9999962,gamma,0.9999994,gamma,1.0,gamma,1.0,gamma,1.0,0,0.99999912,gamma,False,—,correct (5/5),0.016676250718803912,False,6486,182678.0
HP1525301T2D_J18,gamma,gamma,0.9999747,gamma,0.9999552,gamma,0.9999964,gamma,0.99998856,gamma,0.9999989,0,0.999982752,gamma,False,—,correct (5/5),0.051975051975051964,False,6401,67856.0
HP1525301T2D_B8,gamma,gamma,0.9999963,gamma,0.999984,gamma,1.0,gamma,0.99999976,gamma,0.99999857,0,0.9999957260000001,gamma,False,—,correct (5/5),0.04380242311276794,False,5484,83361.0
HP1525301T2D_A16,gamma,gamma,0.999998,gamma,0.99994695,gamma,0.9999999,gamma,0.99999976,gamma,0.99999666,0,0.9999882540000001,gamma,False,—,correct (5/5),0.07567567567567568,False,6271,127180.0
HP1525301T2D_D12,gamma,gamma,0.99999654,gamma,0.9999943,gamma,1.0,gamma,0.99999964,gamma,1.0,0,0.999998096,gamma,False,—,correct (5/5),0.031660231660231665,False,6316,168925.0
HP1525301T2D_N21,gamma,gamma,0.9999999,gamma,0.99999976,gamma,1.0,gamma,1.0,gamma,1.0,0,0.999999932,gamma,False,—,correct (5/5),0.02432432432432433,False,5902,168637.0
HP1525301T2D_O11,gamma,gamma,0.9999919,gamma,0.9999981,gamma,1.0,gamma,1.0,gamma,0.9999999,0,0.9999979800000001,gamma,False,—,correct (5/5),0.018618618618618618,False,5350,43682.0
HP1526901T2D_K12,gamma,gamma,0.99999845,gamma,0.9999951,gamma,1.0,gamma,0.99999964,gamma,0.9999999,0,0.999998618,gamma,False,—,correct (5/5),0.0870870870870871,False,6889,320880.0
HP1526901T2D_A20,gamma,gamma,1.0,gamma,0.99999917,gamma,1.0,gamma,1.0,gamma,1.0,0,0.9999998340000001,gamma,False,—,correct (5/5),0.04144144144144144,False,6731,232758.0
HP1526901T2D_C13,gamma,gamma,0.99999714,gamma,0.9999968,gamma,0.9999999,gamma,0.9999988,gamma,0.9999993,0,0.9999983880000001,gamma,False,—,correct (5/5),0.033386327503974564,False,6262,193899.0
HP1526901T2D_C19,gamma,gamma,0.9999995,gamma,0.99999833,gamma,1.0,gamma,1.0,gamma,1.0,0,0.999999566,gamma,False,—,correct (5/5),0.020741671904462605,False,7117,220987.0
HP1526901T2D_H23,gamma,gamma,0.9999975,gamma,0.99999726,gamma,1.0,gamma,0.9999993,gamma,0.9999999,0,0.9999987919999999,gamma,False,—,correct (5/5),0.019656019656019656,False,7044,446609.0
HP1526901T2D_K11,gamma,gamma,0.9999999,gamma,0.9999999,gamma,1.0,gamma,1.0,gamma,1.0,0,0.99999996,gamma,False,—,correct (5/5),0.033386327503974564,False,6739,343432.0
HP1526901T2D_L14,gamma,gamma,0.9999956,gamma,0.9999989,gamma,1.0,gamma,0.9999995,gamma,1.0,0,0.9999988,gamma,False,—,correct (5/5),0.016676250718803912,False,6764,240939.0
HP1526901T2D_L7,gamma,gamma,0.9999989,gamma,0.99999774,gamma,1.0,gamma,0.9999734,gamma,0.9999999,0,0.999993988,gamma,False,—,correct (5/5),0.04380242311276794,False,7329,245988.0
HP1526901T2D_G1,gamma,gamma,0.9999969,gamma,0.9999826,gamma,0.99999976,gamma,0.9999989,gamma,0.9999999,0,0.999995612,gamma,False,—,correct (5/5),0.09379968203497614,False,6668,344103.0
HP1526901T2D_N18,gamma,gamma,1.0,gamma,0.9999999,gamma,1.0,gamma,1.0,gamma,1.0,0,0.9999999800000001,gamma,False,—,correct (5/5),0.015765765765765768,False,7185,225183.0
HP1526901T2D_H16,gamma,gamma,0.9999995,gamma,0.99999714,gamma,1.0,gamma,1.0,gamma,1.0,0,0.999999328,gamma,False,—,correct (5/5),0.025641025641025644,False,6863,343710.0
HP1526901T2D_K21,gamma,gamma,0.99999464,gamma,0.9999931,gamma,1.0,gamma,1.0,gamma,1.0,0,0.999997548,gamma,False,—,correct (5/5),0.04380242311276794,False,6967,262847.0
HP1526901T2D_P23,gamma,gamma,0.9999988,gamma,0.99999917,gamma,0.9999999,gamma,1.0,gamma,1.0,0,0.999999574,gamma,False,—,correct (5/5),0.016676250718803912,False,6457,211595.0
HP1526901T2D_N20,gamma,gamma,1.0,gamma,1.0,gamma,1.0,gamma,1.0,gamma,1.0,0,1.0,gamma,False,—,correct (5/5),0.030030030030030033,False,6311,279285.0
HP1526901T2D_I24,gamma,gamma,0.9999995,gamma,0.9999988,gamma,1.0,gamma,1.0,gamma,0.9999999,0,0.9999996400000001,gamma,False,—,correct (5/5),0.04380242311276794,False,6915,153591.0
HP1526901T2D_A15,gamma,gamma,0.9999982,gamma,0.9999993,gamma,1.0,gamma,0.9999999,gamma,1.0,0,0.9999994799999999,gamma,False,—,correct (5/5),0.04380242311276794,False,6923,295854.0
HP1526901T2D_D10,gamma,gamma,0.9999851,gamma,0.9998448,gamma,0.9999999,gamma,0.9999981,gamma,1.0,0,0.9999655799999999,gamma,False,—,correct (5/5),0.03923278116826505,False,6355,204719.0
HP1526901T2D_O3,gamma,gamma,0.9999975,gamma,0.99999774,gamma,1.0,gamma,0.9999999,gamma,0.9999999,0,0.999999008,gamma,False,—,correct (5/5),0.051975051975051964,False,6804,194528.0
HP1526901T2D_E4,gamma,gamma,0.99998534,gamma,0.9999472,gamma,0.99999964,gamma,0.9999993,gamma,0.99999976,0,0.9999862479999999,gamma,False,—,correct (5/5),0.04380242311276794,False,5344,44341.0
HP1526901T2D_F12,gamma,gamma,0.999997,gamma,0.99999714,gamma,1.0,gamma,1.0,gamma,1.0,0,0.9999988280000001,gamma,False,—,correct (5/5),0.033386327503974564,False,8092,295859.0
HP1526901T2D_O10,gamma,gamma,0.9999944,gamma,0.99999547,gamma,1.0,gamma,0.9999995,gamma,0.99999905,0,0.9999976839999999,gamma,False,—,correct (5/5),0.05513513513513514,False,6912,284695.0
HP1526901T2D_E10,gamma,gamma,0.9999925,gamma,0.9996138,gamma,1.0,gamma,0.99999964,gamma,0.9999993,0,0.999921048,gamma,False,—,correct (5/5),0.04633204633204634,False,7029,285195.0
HP1526901T2D_L12,gamma,gamma,0.9999927,gamma,0.99999344,gamma,0.9999999,gamma,1.0,gamma,0.9999999,0,0.999997188,gamma,False,—,correct (5/5),0.0870870870870871,False,6687,270480.0
HP1526901T2D_M22,gamma,gamma,0.9999939,gamma,0.99999535,gamma,1.0,gamma,0.99999845,gamma,1.0,0,0.9999975400000001,gamma,False,—,correct (5/5),0.04380242311276794,False,6896,378487.0
HP1526901T2D_F20,gamma,delta,0.8773853,alpha,0.5452512,gamma,0.93852955,gamma,0.6358753,gamma,0.99864906,2,0.799138082,gamma,False,alpha,unstable error (1–3/5),0.4864864864864872,True,8271,228766.0
HP1526901T2D_G19,gamma,gamma,0.99999964,gamma,0.9999999,gamma,1.0,gamma,1.0,gamma,0.9999999,0,0.999999888,gamma,False,—,correct (5/5),0.03923278116826505,False,6465,477723.0
HP1526901T2D_D14,gamma,gamma,0.9998241,gamma,0.9999374,gamma,0.9999783,gamma,0.9999995,gamma,0.99999785,0,0.99994743,gamma,False,—,correct (5/5),0.09379968203497614,False,6931,202355.0
HP1526901T2D_E5,gamma,gamma,1.0,gamma,0.99999964,gamma,1.0,gamma,1.0,gamma,1.0,0,0.999999928,gamma,False,—,correct (5/5),0.014892443463872035,False,6896,390272.0
HP1526901T2D_G9,gamma,gamma,0.9999999,gamma,0.9999999,gamma,1.0,gamma,1.0,gamma,1.0,0,0.99999996,gamma,False,—,correct (5/5),0.02432432432432433,False,7139,385471.0
HP1526901T2D_B13,gamma,gamma,0.99999857,gamma,0.9999968,gamma,1.0,gamma,0.99999976,gamma,1.0,0,0.999999026,gamma,False,—,correct (5/5),0.04633204633204634,False,6573,223324.0
HP1526901T2D_H3,gamma,gamma,0.9999957,gamma,0.99999917,gamma,0.99999964,gamma,0.99999964,gamma,0.99999964,0,0.9999987579999999,gamma,False,—,correct (5/5),0.051975051975051964,False,7764,422326.0
HP1526901T2D_J17,gamma,gamma,0.9999651,gamma,0.9999846,gamma,1.0,gamma,0.9999995,gamma,0.9999995,0,0.99998974,gamma,False,—,correct (5/5),0.023071852340145027,False,6651,295536.0
HP1526901T2D_N19,gamma,gamma,1.0,gamma,0.99999166,gamma,0.9999999,gamma,1.0,gamma,1.0,0,0.999998312,gamma,False,—,correct (5/5),0.033386327503974564,False,6750,364240.0
HP1526901T2D_M3,gamma,gamma,0.9999989,gamma,0.99999774,gamma,1.0,gamma,1.0,gamma,1.0,0,0.999999328,gamma,False,—,correct (5/5),0.04380242311276794,False,6414,334804.0
HP1526901T2D_F7,gamma,gamma,0.9999995,gamma,0.9999994,gamma,1.0,gamma,1.0,gamma,1.0,0,0.9999997799999999,gamma,False,—,correct (5/5),0.021879021879021885,False,7566,312856.0
AZ_B8,acinar,acinar,0.9999999,acinar,0.9999994,acinar,1.0,acinar,0.9999999,acinar,0.99999845,0,0.99999953,acinar,False,—,correct (5/5),0.04904904904904905,False,5429,1.526683e+06
AZ_A7,acinar,acinar,0.99999976,acinar,1.0,acinar,1.0,acinar,1.0,acinar,0.999413,0,0.9998825520000001,acinar,False,—,correct (5/5),0.030030030030030033,False,5252,2.081258e+06
AZ_H10,acinar,acinar,0.999992,acinar,0.99999857,acinar,1.0,acinar,0.99999964,acinar,0.999998,0,0.999997642,acinar,False,—,correct (5/5),0.05855855855855858,False,6780,1.199995e+06
AZ_F6,acinar,acinar,0.9999999,acinar,0.9999999,acinar,0.9999999,acinar,0.99999976,acinar,0.9999999,0,0.9999998720000001,acinar,False,—,correct (5/5),0.033386327503974564,False,6157,2.764388e+06
HP1502401_A14,acinar,acinar,0.99999785,acinar,0.9999995,acinar,0.99999976,acinar,0.9999964,acinar,0.9997563,0,0.9999499620000002,acinar,False,—,correct (5/5),0.04904904904904905,False,5445,571376.0
HP1502401_I14,acinar,acinar,0.99918765,acinar,0.9999895,acinar,0.9999976,acinar,0.99969745,acinar,0.993666,0,0.99850764,acinar,False,—,correct (5/5),0.04633204633204634,False,6766,1.1424e+06
HP1502401_F13,acinar,acinar,0.9997607,acinar,0.99999964,acinar,0.99999917,acinar,0.99999785,acinar,0.9185884,0,0.983669152,acinar,False,—,correct (5/5),0.03923278116826505,False,5020,108986.0
HP1502401_G18,acinar,acinar,0.9999665,acinar,0.9999995,acinar,0.9999999,acinar,0.99998605,acinar,0.99947125,0,0.9998846400000001,acinar,False,—,correct (5/5),0.025641025641025644,False,4768,1.393723e+06
HP1502401_N2,acinar,acinar,0.9999931,acinar,0.9999999,acinar,0.99999976,acinar,0.99999845,acinar,0.99999654,0,0.99999755,acinar,False,—,correct (5/5),0.04144144144144144,False,6140,886031.0
HP1502401_O14,acinar,acinar,0.99996233,acinar,0.9999956,acinar,0.9999994,acinar,0.9999281,acinar,0.99963415,0,0.9999039160000001,acinar,False,—,correct (5/5),0.09379968203497614,False,4671,474494.0
HP1502401_B17,acinar,acinar,0.9999509,acinar,0.9999987,acinar,0.99999905,acinar,0.999984,acinar,0.99998736,0,0.999984002,acinar,False,—,correct (5/5),0.08108108108108107,False,4652,770087.0
HP1502401_M8,acinar,acinar,0.9904034,acinar,0.9999989,acinar,0.99998796,acinar,0.9981713,acinar,0.99798214,0,0.99730874,ductal,True,—,correct (5/5),0.027027027027027025,False,4455,541747.0
HP1502401_K10,acinar,acinar,0.99999213,acinar,0.9999982,acinar,0.9999999,acinar,0.99999404,acinar,0.9997304,0,0.9999429339999999,acinar,False,—,correct (5/5),0.04380242311276794,False,5838,1.404694e+06
HP1502401_D10,acinar,acinar,0.9999143,acinar,0.9999999,acinar,1.0,acinar,0.99999547,acinar,0.9945168,0,0.9988852940000001,acinar,False,—,correct (5/5),0.051975051975051964,False,5799,1.631241e+06
HP1502401_D11,acinar,acinar,0.9962203,acinar,0.9999751,acinar,0.9999838,acinar,0.9984377,acinar,0.91002506,0,0.9809283919999998,acinar,False,—,correct (5/5),0.03521703521703521,False,4184,27993.0
HP1502401_A22,acinar,acinar,0.9968652,acinar,0.9992046,acinar,0.99999774,acinar,0.99997103,acinar,0.99978095,0,0.9991639039999999,acinar,False,—,correct (5/5),0.04904904904904905,False,4559,1.418079e+06
HP1502401_K12,acinar,acinar,0.73058087,acinar,0.95748836,acinar,0.99766517,acinar,0.99476707,acinar,0.53699136,0,0.8434985659999998,acinar,False,—,correct (5/5),0.07078507078507078,False,3951,44542.0
HP1502401_D2,acinar,acinar,0.99998856,acinar,0.9999945,acinar,0.99999917,acinar,0.99999714,acinar,0.9984359,0,0.9996830540000001,acinar,False,—,correct (5/5),0.05513513513513514,False,6976,1.911225e+06
HP1502401_E23,acinar,acinar,0.9999999,acinar,0.9999999,acinar,0.9999999,acinar,0.9999999,acinar,0.99999964,0,0.9999998480000001,acinar,False,—,correct (5/5),0.051975051975051964,False,4122,1.404989e+06
HP1502401_E24,acinar,acinar,0.9999671,acinar,0.9999999,acinar,0.99999976,acinar,0.9999981,acinar,0.9999132,0,0.9999756120000001,acinar,False,—,correct (5/5),0.033386327503974564,False,5377,632968.0
HP1502401_E2,acinar,acinar,0.9978522,acinar,0.9999958,acinar,0.9999969,acinar,0.9998497,acinar,0.999466,0,0.9994321199999998,acinar,False,—,correct (5/5),0.033386327503974564,False,5231,1.598421e+06
HP1502401_C1,acinar,acinar,0.9989083,acinar,0.99935454,acinar,0.9996743,acinar,0.9999938,acinar,0.99935526,0,0.9994572399999999,acinar,False,—,correct (5/5),0.03923278116826505,False,5379,367302.0
HP1502401_J2,acinar,acinar,0.99950635,acinar,0.99999785,acinar,0.9999988,acinar,0.99999785,acinar,0.99601775,0,0.9991037199999999,acinar,False,—,correct (5/5),0.04380242311276794,False,5643,1.939017e+06
HP1502401_M22,acinar,acinar,0.64659727,acinar,0.9997402,acinar,0.9999465,acinar,0.9999027,acinar,0.95986885,0,0.921211104,acinar,False,—,correct (5/5),0.051975051975051964,False,5567,1.474416e+06
HP1502401_E20,acinar,acinar,0.9977071,acinar,0.9999962,acinar,0.9999974,acinar,0.99969816,acinar,0.6995746,0,0.9393946920000001,acinar,False,—,correct (5/5),0.03716216216216217,False,7093,1.501903e+06
HP1504101T2D_L14,acinar,acinar,0.9999994,acinar,1.0,acinar,0.9999999,acinar,0.9999987,acinar,0.99999976,0,0.999999552,acinar,False,—,correct (5/5),0.04144144144144144,False,6829,899300.0
HP1504101T2D_K19,acinar,acinar,0.8295577,acinar,0.88556087,acinar,0.9988826,acinar,0.9857368,acinar,0.800538,0,0.9000551940000001,acinar,False,—,correct (5/5),0.07567567567567568,False,6797,631489.0
HP1504101T2D_I6,acinar,acinar,0.97822213,ductal,0.84767056,acinar,0.9999901,ductal,0.67084736,acinar,0.9825897,2,0.89586397,acinar,False,ductal,unstable error (1–3/5),0.09379968203497614,False,5852,821537.0
HP1504101T2D_A10,acinar,acinar,0.99999225,acinar,0.99949634,acinar,0.99999785,acinar,0.9993586,acinar,0.9993135,0,0.9996317080000001,acinar,False,—,correct (5/5),0.07567567567567568,False,6530,946689.0
HP1504101T2D_C11,acinar,acinar,0.99999964,acinar,0.9999471,acinar,0.9999994,acinar,0.99999905,acinar,0.99999356,0,0.9999877500000001,acinar,False,—,correct (5/5),0.04904904904904905,False,7281,682419.0
HP1504101T2D_K10,acinar,acinar,0.9999987,acinar,0.9999988,acinar,0.9999994,acinar,0.99999523,acinar,0.99999964,0,0.999998354,acinar,False,—,correct (5/5),0.033386327503974564,False,6530,524065.0
HP1504101T2D_J16,acinar,acinar,0.99981886,acinar,0.9999999,acinar,0.99999964,acinar,0.9999988,acinar,0.99917454,0,0.999798348,acinar,False,—,correct (5/5),0.04144144144144144,False,6434,814752.0
HP1504101T2D_F1,acinar,acinar,0.9999951,acinar,0.9998957,acinar,0.9999808,acinar,0.9999598,ductal,0.87849414,1,0.9756651080000001,acinar,False,ductal,unstable error (1–3/5),0.03923278116826505,False,6283,553585.0
HP1504901_F23,acinar,acinar,0.9999987,acinar,0.99923015,acinar,0.9999993,acinar,0.999997,acinar,0.9999125,0,0.9998275300000001,acinar,False,—,correct (5/5),0.04904904904904905,False,4181,484148.0
HP1504901_D13,acinar,acinar,0.99960345,acinar,0.83411145,acinar,0.9997247,acinar,0.99523723,acinar,0.99673575,0,0.9650825160000001,acinar,False,—,correct (5/5),0.20120120120120114,False,4381,560043.0
HP1504901_O4,acinar,ductal,0.98955196,acinar,0.6003288,ductal,0.7012354,ductal,0.98234624,ductal,0.9989405,4,0.85448058,ductal,True,ductal,stable error (≥4/5),0.03716216216216217,False,3888,369531.0
HP1504901_H16,acinar,acinar,0.91128963,ductal,0.79786915,acinar,0.93695617,acinar,0.85542715,ductal,0.5894156,2,0.8181915400000002,acinar,False,ductal,unstable error (1–3/5),0.11969111969111967,False,4502,543363.0
HP1506401_K2,acinar,acinar,0.99997854,acinar,0.99751127,acinar,0.9999999,acinar,0.99999964,acinar,0.95078945,0,0.98965576,acinar,False,—,correct (5/5),0.04633204633204634,False,9012,464573.0
HP1506401_M1,acinar,acinar,0.99999726,acinar,0.99980146,acinar,0.99999964,acinar,0.9999999,acinar,0.99217093,0,0.9983938379999999,acinar,False,—,correct (5/5),0.051975051975051964,False,8463,927680.0
HP1506401_D14,acinar,acinar,0.99999166,acinar,0.9997073,acinar,0.99993026,acinar,0.99996734,acinar,0.99859434,0,0.99963818,acinar,False,—,correct (5/5),0.033386327503974564,False,7417,99431.0
HP1506401_A9,acinar,acinar,0.99998,acinar,0.9999548,acinar,0.9999871,acinar,0.9999974,acinar,0.9999068,0,0.99996522,acinar,False,—,correct (5/5),0.033386327503974564,False,7735,129702.0
HP1506401_J9,acinar,acinar,0.99995005,acinar,0.9974343,acinar,0.9999939,acinar,0.99999833,acinar,0.9999192,0,0.999459156,acinar,False,—,correct (5/5),0.03923278116826505,False,8090,158769.0
HP1506401_N1,acinar,acinar,0.99991214,acinar,0.95481354,acinar,0.9999976,acinar,0.9999995,acinar,0.9929987,0,0.989544296,acinar,False,—,correct (5/5),0.04380242311276794,False,7098,71430.0
HP1506401_G14,acinar,acinar,1.0,acinar,0.9999988,acinar,0.99999976,acinar,1.0,acinar,0.99999964,0,0.9999996400000001,acinar,False,—,correct (5/5),0.03521703521703521,False,9683,3.101793e+06
HP1506401_O16,acinar,acinar,0.9999999,acinar,0.9999993,acinar,0.99999976,acinar,1.0,acinar,0.99999976,0,0.9999997439999999,acinar,False,—,correct (5/5),0.033386327503974564,False,8691,465904.0
HP1506401_D3,acinar,acinar,1.0,acinar,0.9999993,acinar,0.99999976,acinar,1.0,acinar,0.99999964,0,0.99999974,acinar,False,—,correct (5/5),0.03716216216216217,False,8180,1.094995e+06
HP1506401_E23,acinar,acinar,0.9999999,acinar,0.9999914,acinar,0.9999982,acinar,0.9999987,acinar,0.9999995,0,0.9999975400000001,acinar,False,—,correct (5/5),0.03716216216216217,False,7863,306895.0
HP1506401_N9,acinar,acinar,1.0,acinar,0.999997,acinar,0.9999999,acinar,0.9999999,acinar,0.9999999,0,0.9999993400000001,acinar,False,—,correct (5/5),0.03716216216216217,False,7888,452729.0
HP1506401_L19,acinar,acinar,0.99999857,acinar,0.99997795,acinar,0.9999995,acinar,0.9999981,acinar,0.9999747,0,0.9999897640000001,acinar,False,—,correct (5/5),0.033386327503974564,False,4810,33677.0
HP1506401_H15,acinar,acinar,0.99999976,acinar,0.9999995,acinar,1.0,acinar,1.0,acinar,0.9999994,0,0.999999732,acinar,False,—,correct (5/5),0.030030030030030033,False,8637,598572.0
HP1506401_H16,acinar,acinar,0.9999999,acinar,0.9999896,acinar,0.9999987,acinar,0.9999974,acinar,0.99999523,0,0.9999961660000001,acinar,False,—,correct (5/5),0.033386327503974564,False,8609,278091.0
HP1506401_C24,acinar,acinar,0.9996439,acinar,0.5627267,acinar,0.9997303,acinar,0.9999695,acinar,0.96877664,0,0.9061694079999999,acinar,False,—,correct (5/5),0.04633204633204634,False,7548,96387.0
HP1506401_N21,acinar,acinar,0.99813473,acinar,0.9962805,acinar,0.99945635,acinar,0.9998858,ductal,0.6598215,1,0.9307157759999999,acinar,False,ductal,unstable error (1–3/5),0.031660231660231665,False,3913,12536.0
HP1506401_J2,acinar,acinar,0.9999976,acinar,0.9993999,acinar,0.99999857,acinar,0.99999976,acinar,0.9999708,0,0.9998733260000001,acinar,False,—,correct (5/5),0.04633204633204634,False,8802,365890.0
HP1506401_B1,acinar,acinar,0.99999976,acinar,0.99999475,acinar,0.9999993,acinar,0.9999999,acinar,0.99999785,0,0.9999983120000001,acinar,False,—,correct (5/5),0.030030030030030033,False,8803,558702.0
HP1506401_I15,acinar,acinar,0.99997234,acinar,0.9982948,acinar,0.9999989,acinar,0.9999981,ductal,0.528318,1,0.9053164279999999,acinar,False,ductal,unstable error (1–3/5),0.04380242311276794,False,8729,1.172779e+06
HP1506401_M3,acinar,acinar,0.9999658,acinar,0.99978656,acinar,0.99459016,acinar,0.9999908,acinar,0.9997873,0,0.9988241240000001,acinar,False,—,correct (5/5),0.04380242311276794,False,2819,13141.0
HP1506401_D24,acinar,acinar,0.99999154,acinar,0.9999889,acinar,0.9999993,acinar,0.99999976,acinar,0.9999746,0,0.9999908200000001,acinar,False,—,correct (5/5),0.06227967097532316,False,9438,751289.0
HP1506401_J24,acinar,acinar,0.9999988,acinar,0.9999958,acinar,0.9999995,acinar,1.0,acinar,0.9999925,0,0.99999732,acinar,False,—,correct (5/5),0.033386327503974564,False,9269,465109.0
HP1506401_J6,acinar,acinar,0.9999999,acinar,0.9999981,acinar,0.99999964,acinar,0.9999999,acinar,0.999997,0,0.999998908,acinar,False,—,correct (5/5),0.031660231660231665,False,7726,152426.0
HP1506401_N5,acinar,acinar,1.0,acinar,0.999997,acinar,0.99999976,acinar,1.0,acinar,1.0,0,0.999999352,acinar,False,—,correct (5/5),0.04144144144144144,False,7705,525883.0
HP1506401_E20,acinar,acinar,0.9999856,acinar,0.99121827,acinar,0.9999838,acinar,0.9999888,acinar,0.99759394,0,0.9977540819999999,acinar,False,—,correct (5/5),0.03521703521703521,False,4781,23721.0
HP1506401_F16,acinar,acinar,0.997015,ductal,0.8616124,acinar,0.99990356,acinar,0.999967,acinar,0.92743945,1,0.9571874820000001,acinar,False,ductal,unstable error (1–3/5),0.05513513513513514,False,8284,159008.0
HP1506401_M18,acinar,acinar,0.9999987,acinar,0.9986125,acinar,0.9999982,acinar,0.9999865,acinar,0.99999905,0,0.9997189899999999,acinar,False,—,correct (5/5),0.06227967097532316,False,7238,203738.0
HP1506401_I13,acinar,acinar,0.99999964,acinar,0.99996996,acinar,0.9999994,acinar,0.99999976,acinar,0.99714065,0,0.999421882,acinar,False,—,correct (5/5),0.04144144144144144,False,8951,755806.0
HP1506401_L18,acinar,acinar,0.999995,acinar,0.9999964,acinar,0.99999964,acinar,0.9999999,acinar,0.9999707,0,0.999992328,acinar,False,—,correct (5/5),0.021879021879021885,False,8176,272936.0
HP1506401_H18,acinar,acinar,0.99993324,acinar,0.9676994,acinar,0.9999982,acinar,0.9999933,ductal,0.56628704,1,0.906782236,acinar,False,ductal,unstable error (1–3/5),0.04633204633204634,False,7904,167966.0
HP1506401_F2,acinar,acinar,0.9987206,acinar,0.9925948,acinar,0.9999429,acinar,0.9999634,ductal,0.9450134,1,0.9872470200000001,acinar,False,ductal,unstable error (1–3/5),0.03716216216216217,False,8189,173900.0
HP1506401_M4,acinar,acinar,0.9999882,acinar,0.99731797,acinar,0.9999994,acinar,0.99999976,acinar,0.99965644,0,0.999392354,acinar,False,—,correct (5/5),0.03521703521703521,False,8634,226909.0
HP1506401_J3,acinar,acinar,0.9999999,acinar,0.9999901,acinar,0.99999976,acinar,0.99999917,acinar,0.9999999,0,0.9999977660000001,acinar,False,—,correct (5/5),0.04144144144144144,False,7150,346955.0
HP1506401_L22,acinar,acinar,0.99999917,acinar,0.9997495,acinar,0.9999969,acinar,0.99999523,acinar,0.9999982,0,0.9999477999999999,acinar,False,—,correct (5/5),0.04144144144144144,False,3336,39594.0
HP1506401_N24,acinar,acinar,0.9998803,acinar,0.99982846,acinar,0.9999968,acinar,0.99998724,acinar,0.9732197,0,0.9945824999999999,acinar,False,—,correct (5/5),0.030030030030030033,False,8801,543618.0
HP1506401_M19,acinar,acinar,0.9999999,acinar,0.9999975,acinar,0.9999999,acinar,0.99999976,acinar,0.99999964,0,0.9999993400000001,acinar,False,—,correct (5/5),0.03521703521703521,False,7758,232153.0
HP1506401_J23,acinar,acinar,0.99999845,acinar,0.99979264,acinar,1.0,acinar,1.0,acinar,0.998467,0,0.999651618,acinar,False,—,correct (5/5),0.03923278116826505,False,9232,1.048804e+06
HP1506401_D23,acinar,acinar,0.9996518,acinar,0.9988531,acinar,0.99999857,acinar,0.9999894,acinar,0.8223582,0,0.9641702139999999,acinar,False,—,correct (5/5),0.03521703521703521,False,8263,377751.0
HP1506401_B5,acinar,acinar,0.99999917,acinar,0.9999771,acinar,0.9999999,acinar,1.0,acinar,0.99999213,0,0.99999366,acinar,False,—,correct (5/5),0.03716216216216217,False,8904,335253.0
HP1506401_K6,acinar,acinar,0.9999938,acinar,0.9730863,acinar,0.99998367,acinar,0.99999976,acinar,0.9996829,0,0.994549286,acinar,False,—,correct (5/5),0.04904904904904905,False,8443,181837.0
HP1506401_O21,acinar,acinar,1.0,acinar,0.99999404,acinar,0.99999917,acinar,0.99999964,acinar,0.9999999,0,0.9999985499999999,acinar,False,—,correct (5/5),0.04144144144144144,False,8963,1.113111e+06
HP1506401_L9,acinar,acinar,0.99984646,acinar,0.89996064,acinar,0.9999969,acinar,0.9999924,acinar,0.9960628,0,0.9791718399999999,acinar,False,—,correct (5/5),0.03716216216216217,False,8210,144650.0
HP1506401_E18,acinar,acinar,0.99999857,acinar,0.9999964,acinar,0.9999993,acinar,0.9999999,acinar,0.99998224,0,0.9999952820000001,acinar,False,—,correct (5/5),0.033386327503974564,False,9392,2.104991e+06
HP1506401_G4,acinar,acinar,0.9999821,acinar,0.9998752,acinar,0.9999958,acinar,0.9999988,acinar,0.975245,0,0.9950193800000001,acinar,False,—,correct (5/5),0.03716216216216217,False,8336,276928.0
HP1506401_D12,acinar,acinar,0.99999976,acinar,0.99999714,acinar,0.99999976,acinar,1.0,acinar,0.99999857,0,0.9999990459999999,acinar,False,—,correct (5/5),0.033386327503974564,False,8457,420800.0
HP1506401_B14,acinar,acinar,1.0,acinar,0.99999547,acinar,0.9999999,acinar,0.9999987,acinar,0.9999999,0,0.999998794,acinar,False,—,correct (5/5),0.03716216216216217,False,8153,1.159041e+06
HP1506401_P17,acinar,acinar,0.99987006,acinar,0.99984956,acinar,0.9999802,acinar,0.99996245,acinar,0.9997156,0,0.999875574,acinar,False,—,correct (5/5),0.03923278116826505,False,5767,61248.0
HP1506401_B16,acinar,acinar,0.9999999,acinar,0.9999893,acinar,0.9999988,acinar,1.0,acinar,0.9999949,0,0.99999658,acinar,False,—,correct (5/5),0.033386327503974564,False,8444,305823.0
HP1506401_I6,acinar,acinar,1.0,acinar,0.9999925,acinar,0.9999999,acinar,0.9999999,acinar,0.99999976,0,0.9999984120000001,acinar,False,—,correct (5/5),0.03716216216216217,False,7778,485135.0
HP1506401_K15,acinar,acinar,1.0,acinar,0.9999958,acinar,0.9999994,acinar,0.9999999,acinar,0.9999993,0,0.99999888,acinar,False,—,correct (5/5),0.03923278116826505,False,5194,105358.0
HP1506401_C13,acinar,acinar,1.0,acinar,0.9999994,acinar,0.99999976,acinar,0.999998,acinar,1.0,0,0.9999994320000001,acinar,False,—,correct (5/5),0.03923278116826505,False,7796,545687.0
HP1506401_O7,acinar,acinar,0.8693551,acinar,0.91478056,acinar,0.99999976,acinar,0.99998105,acinar,0.71447825,0,0.899718944,acinar,False,—,correct (5/5),0.033386327503974564,False,9769,2.115707e+06
HP1506401_K14,acinar,acinar,1.0,acinar,0.9999988,acinar,0.9999999,acinar,0.9999995,acinar,0.9999999,0,0.99999962,acinar,False,—,correct (5/5),0.03716216216216217,False,7445,565634.0
HP1506401_M17,acinar,acinar,0.99999523,acinar,0.99990845,acinar,0.9999968,acinar,0.9999994,acinar,0.99997187,0,0.9999743500000001,acinar,False,—,correct (5/5),0.03521703521703521,False,5762,37383.0
HP1506401_J14,acinar,acinar,0.998334,acinar,0.9725299,acinar,0.9999838,acinar,0.9999975,ductal,0.93557346,1,0.981283732,acinar,False,ductal,unstable error (1–3/5),0.031660231660231665,False,8319,303464.0
HP1506401_N15,acinar,acinar,0.9999982,acinar,0.99770397,acinar,0.9999596,acinar,0.99999225,acinar,0.9999765,0,0.9995261039999999,acinar,False,—,correct (5/5),0.04380242311276794,False,6708,58778.0
HP1506401_O18,acinar,acinar,0.9999999,acinar,0.9999964,acinar,0.9999995,acinar,1.0,acinar,0.99999917,0,0.999998994,acinar,False,—,correct (5/5),0.03521703521703521,False,7946,520259.0
HP1506401_G15,acinar,acinar,0.99999213,acinar,0.9998574,acinar,0.99999917,acinar,0.99999976,acinar,0.9997141,0,0.9999125120000001,acinar,False,—,correct (5/5),0.030030030030030033,False,9393,1.273345e+06
HP1506401_F5,acinar,acinar,0.99997807,acinar,0.9998623,acinar,0.9999975,acinar,0.99999774,acinar,0.98562753,0,0.9970926280000001,acinar,False,—,correct (5/5),0.04144144144144144,False,8555,236798.0
HP1506401_L3,acinar,acinar,1.0,acinar,0.99999356,acinar,0.99999976,acinar,1.0,acinar,0.9999995,0,0.999998564,acinar,False,—,correct (5/5),0.031660231660231665,False,9274,927604.0
HP1506401_A7,acinar,acinar,1.0,acinar,0.99999833,acinar,0.9999999,acinar,0.9999999,acinar,0.99999976,0,0.9999995780000001,acinar,False,—,correct (5/5),0.03923278116826505,False,8575,1.167186e+06
HP1506401_M8,acinar,acinar,0.9999912,acinar,0.9999325,acinar,0.9999993,acinar,0.99999774,acinar,0.9910959,0,0.998203328,acinar,False,—,correct (5/5),0.025641025641025644,False,8184,199417.0
HP1506401_A6,acinar,acinar,1.0,acinar,0.99998975,acinar,0.99999976,acinar,0.999998,acinar,0.9999999,0,0.999997482,acinar,False,—,correct (5/5),0.03923278116826505,False,7907,422821.0
HP1506401_F3,acinar,acinar,0.9904912,acinar,0.97222114,acinar,0.99800295,acinar,0.9971609,acinar,0.849297,0,0.9614346380000001,mast,True,—,correct (5/5),0.08108108108108107,False,7175,69119.0
HP1506401_E24,acinar,acinar,1.0,acinar,0.99999964,acinar,0.99999964,acinar,0.9999993,acinar,0.99999976,0,0.9999996679999998,acinar,False,—,correct (5/5),0.03521703521703521,False,8029,987765.0
HP1506401_J15,acinar,acinar,0.9999945,acinar,0.88073903,acinar,0.9999995,acinar,0.9999999,acinar,0.9994673,0,0.9760400459999999,acinar,False,—,correct (5/5),0.04904904904904905,False,10058,845273.0
HP1506401_I10,acinar,acinar,0.99999976,acinar,0.9999933,acinar,0.9999994,acinar,0.9999999,acinar,0.99999547,0,0.999997566,acinar,False,—,correct (5/5),0.033386327503974564,False,7947,233912.0
HP1506401_G16,acinar,acinar,0.99999976,acinar,0.9999944,acinar,0.99999857,acinar,0.99999964,acinar,0.9999722,0,0.9999929139999999,acinar,False,—,correct (5/5),0.033386327503974564,False,8176,237419.0
HP1506401_P23,acinar,acinar,0.99999964,acinar,0.9999676,acinar,0.99999917,acinar,0.9999999,acinar,0.9999956,0,0.999992382,acinar,False,—,correct (5/5),0.033386327503974564,False,7435,235417.0
HP1506401_B6,acinar,acinar,0.99974173,acinar,0.9995383,acinar,0.9999988,acinar,0.99999475,acinar,0.9967698,0,0.999208676,acinar,False,—,correct (5/5),0.033386327503974564,False,9048,247052.0
HP1506401_N22,acinar,acinar,0.9999995,acinar,0.99995303,acinar,0.99999964,acinar,1.0,acinar,0.9999999,0,0.999990414,acinar,False,—,correct (5/5),0.03716216216216217,False,9204,444332.0
HP1506401_C7,acinar,acinar,0.99999857,acinar,0.9999918,acinar,1.0,acinar,0.9999995,acinar,0.99999726,0,0.999997426,acinar,False,—,correct (5/5),0.04144144144144144,False,8897,1.378378e+06
HP1506401_C23,acinar,acinar,0.9999999,acinar,0.99998176,acinar,0.99998534,acinar,1.0,acinar,0.9999982,0,0.99999304,acinar,False,—,correct (5/5),0.03716216216216217,False,7637,518278.0
HP1506401_H1,acinar,acinar,0.9999993,acinar,0.99997866,acinar,0.9999999,acinar,0.9999999,acinar,0.9999993,0,0.999995412,acinar,False,—,correct (5/5),0.03716216216216217,False,8682,746282.0
HP1506401_N23,acinar,acinar,0.9999716,acinar,0.99980956,acinar,0.99999607,acinar,0.99999774,acinar,0.9893857,0,0.9978321339999999,acinar,False,—,correct (5/5),0.025641025641025644,False,8630,196355.0
HP1506401_H3,acinar,acinar,0.9999987,acinar,0.99999106,acinar,0.9999999,acinar,0.99999774,acinar,0.9994271,0,0.9998829,acinar,False,—,correct (5/5),0.02848794740686632,False,8334,708264.0
HP1506401_L11,acinar,acinar,0.99999964,acinar,0.9999932,acinar,0.99999976,acinar,0.99999976,acinar,0.99999475,0,0.9999974220000001,acinar,False,—,correct (5/5),0.033386327503974564,False,7734,181153.0
HP1506401_E14,acinar,acinar,0.99999964,acinar,0.99999285,acinar,0.99999976,acinar,0.99999976,acinar,0.9999968,0,0.9999977620000001,acinar,False,—,correct (5/5),0.04144144144144144,False,8806,1.686429e+06
HP1506401_O12,acinar,acinar,0.9999989,acinar,0.9999932,acinar,0.99999845,acinar,0.99999964,acinar,0.9998915,0,0.9999763380000001,acinar,False,—,correct (5/5),0.03923278116826505,False,7346,268192.0
HP1506401_J11,acinar,acinar,0.9999982,acinar,0.99985814,acinar,1.0,acinar,0.99999976,acinar,0.9969223,0,0.9993556800000001,acinar,False,—,correct (5/5),0.03716216216216217,False,8373,473384.0
HP1506401_P10,acinar,acinar,0.99987113,acinar,0.96358967,acinar,0.99991715,acinar,0.9999769,ductal,0.95990676,1,0.984652322,acinar,False,ductal,unstable error (1–3/5),0.030030030030030033,False,6579,79093.0
HP1507101_E22,acinar,acinar,0.99999774,acinar,0.999998,acinar,0.999995,acinar,0.99999917,acinar,0.9999281,0,0.999983602,acinar,False,—,correct (5/5),0.021879021879021885,False,7205,218856.0
HP1507101_J7,acinar,ductal,0.69160515,acinar,0.99761665,acinar,0.9996039,acinar,0.9979792,ductal,0.89756835,2,0.9168746499999999,ductal,True,ductal,unstable error (1–3/5),0.04380242311276794,False,7339,454792.0
HP1507101_L17,acinar,ductal,0.5207118,acinar,0.9534587,acinar,0.99939096,acinar,0.59329164,ductal,0.9994066,2,0.81325194,ductal,True,ductal,unstable error (1–3/5),0.02848794740686632,False,5193,32963.0
HP1508501T2D_A23,acinar,acinar,0.99999774,acinar,0.9999869,acinar,0.9999994,acinar,0.99999464,acinar,0.9999968,0,0.9999950960000001,acinar,False,—,correct (5/5),0.04380242311276794,False,6389,171345.0
HP1508501T2D_I24,acinar,acinar,0.99999905,acinar,0.9999994,acinar,0.9999988,acinar,0.99999917,acinar,0.9999974,0,0.9999987640000001,acinar,False,—,correct (5/5),0.04144144144144144,False,7928,949426.0
HP1508501T2D_J23,acinar,acinar,0.99999714,acinar,0.9999989,acinar,0.999997,acinar,0.99998784,acinar,0.9999927,0,0.999994716,acinar,False,—,correct (5/5),0.033386327503974564,False,6368,109630.0
HP1508501T2D_N13,acinar,acinar,0.99999523,acinar,0.9999999,acinar,0.99999833,acinar,0.9999982,acinar,0.99999845,0,0.999998022,acinar,False,—,correct (5/5),0.04380242311276794,False,8260,383372.0
HP1508501T2D_N24,acinar,acinar,0.99997616,acinar,0.9999776,acinar,0.9998982,acinar,0.99988914,acinar,0.99900585,0,0.9997493900000001,acinar,False,—,correct (5/5),0.03521703521703521,False,7045,449901.0
HP1508501T2D_O7,acinar,acinar,0.99995303,acinar,0.9999963,acinar,0.99871504,acinar,0.9997348,acinar,0.99962735,0,0.9996053040000001,acinar,False,—,correct (5/5),0.02848794740686632,False,5473,224319.0
HP1508501T2D_M11,acinar,acinar,0.9999862,acinar,0.99999905,acinar,0.99991715,acinar,0.9999975,acinar,0.99998367,0,0.999976714,acinar,False,—,correct (5/5),0.030030030030030033,False,4393,87191.0
HP1508501T2D_G12,acinar,acinar,0.9999789,acinar,0.99999833,acinar,0.9999964,acinar,0.9999927,acinar,0.9999988,0,0.999993026,acinar,False,—,correct (5/5),0.030030030030030033,False,6673,218568.0
HP1508501T2D_M7,acinar,acinar,0.99997115,acinar,0.9999932,acinar,0.9999902,acinar,0.99999654,acinar,0.9841834,0,0.9968268980000001,acinar,False,—,correct (5/5),0.031660231660231665,False,7025,218300.0
HP1508501T2D_G19,acinar,acinar,0.9999988,acinar,0.9999999,acinar,0.9999969,acinar,0.9999995,acinar,0.99999857,0,0.9999987340000001,acinar,False,—,correct (5/5),0.031660231660231665,False,7759,2.117868e+06
HP1508501T2D_O13,acinar,acinar,0.99927014,acinar,0.9999927,acinar,0.9993742,acinar,0.9999459,acinar,0.99999845,0,0.999716278,acinar,False,—,correct (5/5),0.04904904904904905,False,7694,292051.0
HP1508501T2D_M18,acinar,acinar,0.9999999,acinar,0.99999964,acinar,0.99999976,acinar,0.9999945,acinar,1.0,0,0.9999987600000001,acinar,False,—,correct (5/5),0.04633204633204634,False,7476,872644.0
HP1508501T2D_K6,acinar,acinar,0.99949145,acinar,0.9999995,acinar,0.9999896,acinar,0.99999356,acinar,0.99995124,0,0.99988507,acinar,False,—,correct (5/5),0.03923278116826505,False,6990,93963.0
HP1508501T2D_F21,acinar,acinar,0.99999523,acinar,0.9999999,acinar,0.9999987,acinar,0.9999821,acinar,0.9999994,0,0.999995066,acinar,False,—,correct (5/5),0.03923278116826505,False,6698,4.078367e+06
HP1508501T2D_H16,acinar,acinar,0.99999857,acinar,0.99999917,acinar,0.9999989,acinar,0.9999496,acinar,0.9986314,0,0.999715528,acinar,False,—,correct (5/5),0.027027027027027025,False,7265,1.683047e+06
HP1508501T2D_G17,acinar,acinar,0.99999714,acinar,0.9999989,acinar,1.0,acinar,0.9999993,acinar,0.99999845,0,0.9999987579999999,acinar,False,—,correct (5/5),0.03716216216216217,False,7980,1.330944e+06
HP1508501T2D_I10,acinar,acinar,0.9999999,acinar,0.9999989,acinar,0.99999774,acinar,0.9999994,acinar,0.9999981,0,0.9999988080000002,acinar,False,—,correct (5/5),0.05855855855855858,False,7700,857421.0
HP1508501T2D_E4,acinar,acinar,0.9999658,acinar,0.99999917,acinar,0.999995,acinar,0.9999871,acinar,0.9999713,0,0.9999836740000001,acinar,False,—,correct (5/5),0.03521703521703521,False,7379,232652.0
HP1508501T2D_L2,acinar,acinar,0.99933904,acinar,0.9999982,acinar,0.9999192,acinar,0.9999933,acinar,0.99942434,0,0.9997348159999999,acinar,False,—,correct (5/5),0.04633204633204634,False,7496,929983.0
HP1508501T2D_D9,acinar,acinar,0.99999726,acinar,0.99999523,acinar,0.99999976,acinar,0.9999933,acinar,0.99999964,0,0.9999970380000001,acinar,False,—,correct (5/5),0.04904904904904905,False,8981,549304.0
HP1508501T2D_G18,acinar,acinar,0.99998045,acinar,0.9999999,acinar,0.99999976,acinar,0.99999845,acinar,0.99952507,0,0.9999007260000001,acinar,False,—,correct (5/5),0.033386327503974564,False,7736,3.605107e+06
HP1508501T2D_P2,acinar,acinar,0.9606636,ductal,0.9525711,ductal,0.9998599,ductal,0.9880207,acinar,0.9172284,3,0.9636687399999999,ductal,True,ductal,unstable error (1–3/5),0.05513513513513514,False,9295,462986.0
HP1508501T2D_B14,acinar,acinar,0.9999999,acinar,1.0,acinar,1.0,acinar,0.9999995,acinar,1.0,0,0.9999998800000001,acinar,False,—,correct (5/5),0.031660231660231665,False,7955,1.132656e+06
HP1508501T2D_D18,acinar,acinar,0.9999683,acinar,0.99999964,acinar,0.9999777,acinar,0.9995658,acinar,0.9992829,0,0.999758868,acinar,False,—,correct (5/5),0.05513513513513514,False,7988,1.281974e+06
HP1508501T2D_N21,acinar,acinar,0.9843336,acinar,0.99935275,acinar,0.9603156,acinar,0.9976973,ductal,0.6040246,1,0.9091447699999999,acinar,False,ductal,unstable error (1–3/5),0.04144144144144144,False,9623,3.089896e+06
HP1508501T2D_G23,acinar,acinar,0.9999908,acinar,0.99999976,acinar,0.9999982,acinar,0.99999833,acinar,0.99994075,0,0.9999855679999999,acinar,False,—,correct (5/5),0.030030030030030033,False,6894,1.03593e+06
HP1508501T2D_I7,acinar,acinar,0.9999958,acinar,0.99999905,acinar,0.99999964,acinar,0.99999964,acinar,0.9999875,0,0.999996326,acinar,False,—,correct (5/5),0.033386327503974564,False,7486,135589.0
HP1508501T2D_O11,acinar,acinar,0.9994312,acinar,0.9999995,acinar,0.99987817,acinar,0.9996755,acinar,0.99991727,0,0.9997803279999999,acinar,False,—,correct (5/5),0.05513513513513514,False,7525,414090.0
HP1508501T2D_A11,acinar,acinar,0.9999013,acinar,0.99991345,acinar,0.9992149,acinar,0.98716253,acinar,0.9984509,0,0.9969286160000002,acinar,False,—,correct (5/5),0.031660231660231665,False,6471,371983.0
HP1509101_B16,acinar,acinar,0.9998814,acinar,0.9999813,acinar,0.9999999,acinar,0.9999968,acinar,0.99985325,0,0.99994253,acinar,False,—,correct (5/5),0.05513513513513514,False,7731,186144.0
HP1509101_F18,acinar,acinar,0.9393255,ductal,0.8250967,acinar,0.9888671,acinar,0.9935422,ductal,0.99850285,2,0.94906687,ductal,True,ductal,unstable error (1–3/5),0.05855855855855858,False,5929,34261.0
HP1525301T2D_H9,acinar,acinar,0.9998871,acinar,0.99998546,acinar,0.9999999,acinar,0.99994814,acinar,0.9984621,0,0.9996565399999999,acinar,False,—,correct (5/5),0.033386327503974564,False,7872,234772.0
HP1525301T2D_J5,acinar,acinar,0.99995756,acinar,0.99998295,acinar,0.9999994,acinar,0.9999975,acinar,0.9096908,0,0.981925642,acinar,False,—,correct (5/5),0.030030030030030033,False,7725,218449.0
HP1525301T2D_D10,acinar,acinar,0.9998523,acinar,0.99999917,acinar,0.99999976,acinar,0.99998045,acinar,0.9999682,0,0.9999599759999999,acinar,False,—,correct (5/5),0.03923278116826505,False,7463,172946.0
HP1525301T2D_F10,acinar,acinar,0.9999708,acinar,0.9999342,acinar,0.99999976,acinar,0.99997926,acinar,0.999871,0,0.999951004,acinar,False,—,correct (5/5),0.06633906633906633,False,7882,179899.0
HP1525301T2D_J23,acinar,acinar,0.99996936,acinar,0.99998915,acinar,0.9999999,acinar,0.999997,acinar,0.99992085,0,0.9999752519999999,acinar,False,—,correct (5/5),0.025641025641025644,False,7004,123014.0
HP1525301T2D_J16,acinar,acinar,0.9997528,acinar,0.9999653,acinar,0.99999905,acinar,0.9999968,acinar,0.8165926,0,0.96326131,acinar,False,—,correct (5/5),0.025641025641025644,False,7555,213362.0
HP1525301T2D_F5,acinar,acinar,0.9997235,acinar,0.9994997,acinar,0.99999905,acinar,0.9999261,acinar,0.99213713,0,0.998257096,acinar,False,—,correct (5/5),0.08108108108108107,False,8426,178619.0
HP1525301T2D_E2,acinar,acinar,0.99999607,acinar,0.9999995,acinar,0.99999976,acinar,0.9999944,acinar,0.89605814,0,0.9792095739999999,acinar,False,—,correct (5/5),0.031660231660231665,False,6729,146294.0
HP1525301T2D_C14,acinar,acinar,0.999912,acinar,0.9999529,acinar,0.99999774,acinar,0.99990094,acinar,0.9991073,0,0.9997741760000001,acinar,False,—,correct (5/5),0.030030030030030033,False,7016,141570.0
HP1525301T2D_D6,acinar,acinar,0.99999166,acinar,0.9988625,acinar,0.99999034,acinar,0.9999871,acinar,0.9999957,0,0.9997654600000001,acinar,False,—,correct (5/5),0.05513513513513514,False,6978,154692.0
HP1525301T2D_O3,acinar,acinar,0.9997807,acinar,0.99993944,acinar,0.99999976,acinar,0.99999535,acinar,0.99970704,0,0.999884458,acinar,False,—,correct (5/5),0.031660231660231665,False,6869,135072.0
HP1525301T2D_G17,acinar,acinar,0.98739153,acinar,0.99980885,acinar,0.9973086,acinar,0.9968257,ductal,0.99692446,1,0.9956518280000001,acinar,False,ductal,unstable error (1–3/5),0.04633204633204634,False,7625,191406.0
HP1525301T2D_C23,acinar,acinar,0.9998559,acinar,0.999933,acinar,0.9999989,acinar,0.9999516,ductal,0.86274666,1,0.972497212,acinar,False,ductal,unstable error (1–3/5),0.025641025641025644,False,7007,147907.0
HP1525301T2D_L5,acinar,acinar,0.99120367,acinar,0.99991024,acinar,0.9999968,acinar,0.98972005,ductal,0.52919555,1,0.902005262,acinar,False,ductal,unstable error (1–3/5),0.031660231660231665,False,7423,184921.0
HP1525301T2D_C7,acinar,acinar,0.9999256,acinar,0.9992017,acinar,0.9985654,acinar,0.99973696,acinar,0.98502225,0,0.996490382,acinar,False,—,correct (5/5),0.04380242311276794,False,7792,162365.0
HP1525301T2D_M5,acinar,acinar,0.99991786,acinar,0.999928,acinar,0.9999944,acinar,0.99977237,acinar,0.9957372,0,0.9990699660000001,acinar,False,—,correct (5/5),0.051975051975051964,False,7620,220040.0
HP1525301T2D_N10,acinar,acinar,0.9994993,acinar,0.9997601,acinar,0.99858093,acinar,0.9999882,acinar,0.84184057,0,0.9679338200000001,acinar,False,—,correct (5/5),0.2664092664092664,False,5932,247982.0
HP1525301T2D_K8,acinar,acinar,0.9998093,acinar,0.9982685,acinar,0.99998116,acinar,0.99987006,acinar,0.99931383,0,0.99944857,acinar,False,—,correct (5/5),0.07078507078507078,False,7148,93923.0
HP1525301T2D_K7,acinar,acinar,0.99999976,acinar,0.99999964,acinar,0.99995077,acinar,0.9999995,acinar,0.99999535,0,0.999989004,acinar,False,—,correct (5/5),0.03521703521703521,False,6141,242620.0
HP1525301T2D_K5,acinar,acinar,0.99983704,acinar,0.9999944,acinar,0.9999988,acinar,0.9999887,acinar,0.98913157,0,0.997790102,acinar,False,—,correct (5/5),0.033386327503974564,False,7714,151993.0
HP1525301T2D_F3,acinar,acinar,0.99999833,acinar,0.9999995,acinar,0.99999964,acinar,0.9999994,acinar,0.9999796,0,0.999995294,acinar,False,—,correct (5/5),0.02848794740686632,False,7140,193187.0
HP1525301T2D_B12,acinar,acinar,0.9999747,acinar,0.9999994,acinar,0.9999999,acinar,0.9999943,acinar,0.9996251,0,0.9999186800000001,acinar,False,—,correct (5/5),0.031660231660231665,False,7034,218429.0
HP1526901T2D_N4,acinar,acinar,0.9999807,acinar,0.9996922,acinar,0.99999654,acinar,0.9999826,acinar,0.99684167,0,0.999298742,acinar,False,—,correct (5/5),0.04144144144144144,False,7653,160467.0
HP1526901T2D_N7,acinar,acinar,0.99727374,acinar,0.9992588,acinar,0.9999988,acinar,0.99981123,acinar,0.9611823,0,0.991504974,acinar,False,—,correct (5/5),0.021879021879021885,False,7654,216294.0
HP1526901T2D_D7,acinar,acinar,0.99930775,acinar,0.99982774,acinar,0.9999993,acinar,0.98640627,acinar,0.96231407,0,0.9895710259999999,acinar,False,—,correct (5/5),0.025641025641025644,False,7789,261113.0
HP1526901T2D_K17,acinar,acinar,0.9999616,acinar,0.99984765,acinar,0.9999999,acinar,0.9999491,acinar,0.9865906,0,0.9972697700000002,acinar,False,—,correct (5/5),0.033386327503974564,False,8295,402182.0
HP1526901T2D_L15,acinar,acinar,0.9913634,acinar,0.9999229,acinar,0.9999343,acinar,0.9999746,acinar,0.6628468,0,0.9308083999999999,acinar,False,—,correct (5/5),0.02432432432432433,False,6698,161040.0
HP1526901T2D_A6,acinar,acinar,0.99999917,acinar,0.9999876,acinar,0.9999999,acinar,0.99999917,acinar,0.9999728,0,0.999991728,acinar,False,—,correct (5/5),0.04380242311276794,False,8478,250108.0
HP1526901T2D_I12,acinar,acinar,0.9996705,acinar,0.9990845,acinar,0.9999231,acinar,0.999961,acinar,0.7457959,0,0.948887,acinar,False,—,correct (5/5),0.03716216216216217,False,8401,439056.0
HP1526901T2D_N5,acinar,acinar,0.99912244,acinar,0.99975735,acinar,0.99985754,acinar,0.99995565,acinar,0.99977916,0,0.999694428,acinar,False,—,correct (5/5),0.04380242311276794,False,3576,120982.0
HP1526901T2D_I17,acinar,acinar,0.99840623,acinar,0.99995923,acinar,0.99999833,acinar,0.9999901,acinar,0.9978587,0,0.999242518,acinar,False,—,correct (5/5),0.02432432432432433,False,7896,249331.0
HP1526901T2D_M18,acinar,acinar,0.9999994,acinar,0.9999988,acinar,0.99999964,acinar,0.99999905,acinar,0.99999523,0,0.9999984239999999,acinar,False,—,correct (5/5),0.04904904904904905,False,7360,430510.0
HP1526901T2D_E16,acinar,acinar,0.99976295,acinar,0.9999459,acinar,0.9999887,acinar,0.9989065,acinar,0.5312279,0,0.90596639,acinar,False,—,correct (5/5),0.04904904904904905,False,8035,521177.0
HP1526901T2D_O19,acinar,ductal,0.911169,acinar,0.96191627,acinar,0.99999225,acinar,0.99513465,ductal,0.99296325,2,0.9722350839999999,acinar,False,ductal,unstable error (1–3/5),0.04144144144144144,False,8012,325616.0
HP1526901T2D_C8,acinar,acinar,0.9999995,acinar,0.9999894,acinar,0.99999976,acinar,0.99999917,acinar,0.99982554,0,0.999962674,acinar,False,—,correct (5/5),0.04380242311276794,False,7660,171723.0
HP1526901T2D_H2,acinar,acinar,0.9999684,acinar,0.9963198,acinar,0.9999975,acinar,0.9999597,acinar,0.9990453,0,0.99905814,acinar,False,—,correct (5/5),0.03521703521703521,False,7644,478912.0
AZ_B9,alpha,alpha,1.0,alpha,0.99999976,alpha,0.99999964,alpha,0.9999957,alpha,0.9999999,0,0.9999990000000001,alpha,False,—,correct (5/5),0.033386327503974564,False,4155,644214.0
AZ_A6,alpha,alpha,0.9999962,alpha,0.99997365,alpha,0.9999995,alpha,0.9999981,alpha,0.99998665,0,0.9999908200000001,alpha,False,—,correct (5/5),0.027027027027027025,False,4134,733684.0
AZ_C1,alpha,alpha,0.9999994,alpha,0.9999815,alpha,0.9999989,alpha,0.99999726,alpha,0.9999949,0,0.999994392,alpha,False,—,correct (5/5),0.033386327503974564,False,4702,1.997084e+06
AZ_A11,alpha,alpha,0.99999964,alpha,0.9999987,alpha,0.9999982,alpha,0.99997985,alpha,0.9999999,0,0.9999952579999999,alpha,False,—,correct (5/5),0.06633906633906633,False,3645,693894.0
AZ_C2,alpha,alpha,1.0,alpha,0.99999356,alpha,0.9999994,alpha,0.99999976,alpha,0.9999968,0,0.9999979040000001,alpha,False,—,correct (5/5),0.02848794740686632,False,4949,1.30831e+06
AZ_B11,alpha,beta,0.5933948,beta,0.99027926,alpha,0.93712825,beta,0.47389984,alpha,0.743618,3,0.7476640299999999,beta,True,beta,unstable error (1–3/5),0.2297297297297298,False,6603,3.301679e+06
AZ_B12,alpha,alpha,1.0,alpha,0.99998486,alpha,0.99999964,alpha,0.99999976,alpha,0.9999994,0,0.9999967319999999,alpha,False,—,correct (5/5),0.027027027027027025,False,4213,2.390558e+06
AZ_B2,alpha,alpha,0.99996257,alpha,0.91732264,alpha,0.99976355,alpha,0.999966,alpha,0.99941254,0,0.9832854600000001,alpha,False,—,correct (5/5),0.030030030030030033,False,5003,940293.0
AZ_B3,alpha,alpha,1.0,alpha,0.99999774,alpha,0.9999995,alpha,0.99999213,alpha,0.9999993,0,0.9999977339999999,alpha,False,—,correct (5/5),0.033386327503974564,False,5611,3.127148e+06
AZ_B5,alpha,alpha,0.9999908,alpha,0.725727,alpha,0.99858356,alpha,0.9992811,alpha,0.9903819,0,0.9427928720000001,alpha,False,—,correct (5/5),0.06633906633906633,False,5208,2.541772e+06
AZ_E12,alpha,alpha,1.0,alpha,0.9999187,alpha,0.99999976,alpha,0.9999968,alpha,0.9999999,0,0.9999830319999999,alpha,False,—,correct (5/5),0.03521703521703521,False,3319,1.302369e+06
AZ_D3,alpha,alpha,0.99999917,alpha,0.99999154,alpha,0.9999788,alpha,0.9998692,alpha,0.9999988,0,0.999967502,alpha,False,—,correct (5/5),0.03521703521703521,False,3729,445699.0
AZ_E4,alpha,alpha,0.9999944,alpha,0.99997365,alpha,0.99999976,alpha,0.99999654,alpha,0.9999989,0,0.99999265,alpha,False,—,correct (5/5),0.051975051975051964,False,4978,826588.0
AZ_G4,alpha,alpha,0.9999497,alpha,0.99893206,alpha,0.999788,alpha,0.99828196,alpha,0.9999956,0,0.9993894640000001,alpha,False,—,correct (5/5),0.016676250718803912,False,2741,263643.0
AZ_G3,alpha,alpha,0.99992645,alpha,0.99998105,alpha,0.99997663,alpha,0.9999927,alpha,0.9998956,0,0.999954486,alpha,False,—,correct (5/5),0.020741671904462605,False,2785,578935.0
AZ_D9,alpha,alpha,0.999998,alpha,0.99994326,alpha,0.99999917,alpha,0.99999714,alpha,0.99999857,0,0.999987228,alpha,False,—,correct (5/5),0.03923278116826505,False,3427,131228.0
AZ_E2,alpha,alpha,1.0,alpha,0.9995497,alpha,0.9999994,alpha,0.9999976,alpha,0.9999995,0,0.99990924,alpha,False,—,correct (5/5),0.02432432432432433,False,4690,737199.0
AZ_C8,alpha,alpha,0.9999993,alpha,0.9999951,alpha,0.9999995,alpha,0.9999982,alpha,0.99999845,0,0.9999981099999999,alpha,False,—,correct (5/5),0.033386327503974564,False,4435,1.430139e+06
AZ_E5,alpha,alpha,1.0,alpha,0.99998987,alpha,1.0,alpha,0.9999989,alpha,0.99999905,0,0.9999975639999998,alpha,False,—,correct (5/5),0.030030030030030033,False,3839,1.451587e+06
AZ_F4,alpha,alpha,0.9999995,alpha,0.99982506,alpha,0.9999751,alpha,0.9999995,alpha,0.9999733,0,0.999954492,alpha,False,—,correct (5/5),0.02848794740686632,False,4604,1.260025e+06
AZ_C5,alpha,alpha,0.9999976,alpha,0.99998045,alpha,0.99999845,alpha,0.9999887,alpha,0.9999949,0,0.99999202,alpha,False,—,correct (5/5),0.0870870870870871,False,4742,1.789196e+06
AZ_D7,alpha,alpha,0.9999988,alpha,0.99999964,alpha,0.99999964,alpha,0.9999889,alpha,0.999998,0,0.9999969959999999,alpha,False,—,correct (5/5),0.030030030030030033,False,4091,881255.0
AZ_D4,alpha,alpha,0.999997,alpha,0.9999362,alpha,0.99999964,alpha,0.9999989,alpha,0.9999993,0,0.9999862079999999,alpha,False,—,correct (5/5),0.031660231660231665,False,5342,686932.0
AZ_E8,alpha,alpha,0.9999995,alpha,0.99990726,alpha,0.9999933,alpha,0.9999995,alpha,0.9999503,0,0.9999699719999999,alpha,False,—,correct (5/5),0.04144144144144144,False,4613,1.28842e+06
AZ_F8,alpha,alpha,0.99999964,alpha,0.9999968,alpha,0.9999752,alpha,0.99999905,alpha,0.99999416,0,0.9999929699999999,alpha,False,—,correct (5/5),0.04633204633204634,False,4432,1.037109e+06
AZ_G1,alpha,alpha,0.9999621,alpha,0.99798125,alpha,0.9999789,alpha,0.9999585,alpha,0.9999472,0,0.9995655899999999,alpha,False,—,correct (5/5),0.04144144144144144,False,2965,1.026159e+06
AZ_E9,alpha,alpha,0.99999917,alpha,0.9856058,alpha,0.99998343,alpha,0.99939704,alpha,0.999982,0,0.996993488,alpha,False,—,correct (5/5),0.04380242311276794,False,4457,330299.0
AZ_H9,alpha,alpha,0.9999815,alpha,0.9999974,alpha,0.99998546,alpha,0.99998736,alpha,0.9999901,0,0.999988364,alpha,False,—,correct (5/5),0.033386327503974564,False,2617,172989.0
HP1502401_J14,alpha,alpha,0.9999845,alpha,0.99991333,alpha,0.999997,alpha,0.99988496,alpha,0.9999951,0,0.9999549780000001,alpha,False,—,correct (5/5),0.03521703521703521,False,3188,390647.0
HP1502401_C14,alpha,alpha,0.9999995,alpha,0.99999833,alpha,0.9999999,alpha,0.9999993,alpha,1.0,0,0.999999406,alpha,False,—,correct (5/5),0.03716216216216217,False,3461,977150.0
HP1502401_M14,alpha,alpha,0.99999976,alpha,0.9999943,alpha,0.9999968,alpha,0.9999995,alpha,1.0,0,0.999998072,alpha,False,—,correct (5/5),0.04144144144144144,False,5116,1.184438e+06
HP1502401_L13,alpha,alpha,0.99999976,alpha,0.9999995,alpha,0.99999917,alpha,0.99999964,alpha,0.99999976,0,0.999999566,alpha,False,—,correct (5/5),0.03521703521703521,False,5321,326341.0
HP1502401_H14,alpha,alpha,0.9999987,alpha,0.99999034,alpha,0.99998844,alpha,0.99997103,alpha,0.9999938,0,0.9999884620000001,alpha,False,—,correct (5/5),0.04904904904904905,False,4350,280528.0
HP1502401_L21,alpha,alpha,0.99999785,alpha,0.9999949,alpha,0.99999976,alpha,0.9999976,alpha,0.99999964,0,0.99999795,alpha,False,—,correct (5/5),0.031660231660231665,False,5204,1.33888e+06
HP1502401_K22,alpha,alpha,0.99999905,alpha,0.9999976,alpha,0.9999993,alpha,0.99999595,alpha,0.99999976,0,0.9999983319999999,alpha,False,—,correct (5/5),0.03923278116826505,False,3494,1.191885e+06
HP1502401_I22,alpha,alpha,0.9999994,alpha,0.9999988,alpha,0.9999993,alpha,0.99999595,alpha,1.0,0,0.99999869,alpha,False,—,correct (5/5),0.033386327503974564,False,2976,874334.0
HP1502401_F4,alpha,alpha,0.9999993,alpha,0.999997,alpha,0.99999976,alpha,0.99999774,alpha,0.99999964,0,0.999998688,alpha,False,—,correct (5/5),0.07567567567567568,False,4051,47544.0
HP1502401_M15,alpha,alpha,0.9999994,alpha,0.99999917,alpha,0.99999976,alpha,0.99999964,alpha,0.99999976,0,0.999999546,alpha,False,—,correct (5/5),0.07078507078507078,False,3226,786106.0
HP1502401_A12,alpha,alpha,0.999992,alpha,0.9999988,alpha,0.99974316,alpha,0.9999404,alpha,0.9999976,0,0.9999343919999999,alpha,False,—,correct (5/5),0.06633906633906633,False,4266,412297.0
HP1502401_D5,alpha,alpha,0.99999976,alpha,0.99999857,alpha,1.0,alpha,0.9999995,alpha,1.0,0,0.999999566,alpha,False,—,correct (5/5),0.051975051975051964,False,5317,2.302128e+06
HP1502401_M5,alpha,alpha,0.9999999,alpha,0.9999603,alpha,0.99995947,alpha,0.9999968,alpha,0.9999975,0,0.9999827939999999,alpha,False,—,correct (5/5),0.06633906633906633,False,4612,1.028203e+06
HP1502401_K17,alpha,alpha,0.9936719,alpha,0.99592364,alpha,0.8945087,alpha,0.9869069,alpha,0.9258949,0,0.9593812080000002,alpha,False,—,correct (5/5),0.025641025641025644,False,2398,461706.0
HP1502401_H15,alpha,alpha,0.9999999,alpha,0.99999976,alpha,0.99999976,alpha,0.9999999,alpha,1.0,0,0.9999998640000001,alpha,False,—,correct (5/5),0.05513513513513514,False,4179,866630.0
HP1502401_H8,alpha,alpha,0.9999995,alpha,0.99999976,alpha,0.9999999,alpha,0.99998295,alpha,0.99999964,0,0.99999635,alpha,False,—,correct (5/5),0.05513513513513514,False,4317,941031.0
HP1502401_N17,alpha,alpha,0.9999994,alpha,0.99999976,alpha,0.9999993,alpha,0.9999981,alpha,1.0,0,0.9999993119999999,alpha,False,—,correct (5/5),0.06227967097532316,False,2992,977717.0
HP1502401_O2,alpha,alpha,0.9999969,alpha,0.9999957,alpha,0.9999937,alpha,0.9999988,alpha,0.9999993,0,0.99999688,alpha,False,—,correct (5/5),0.030030030030030033,False,5162,1.994809e+06
HP1502401_J21,alpha,alpha,0.9999994,alpha,0.9999981,alpha,0.99999976,alpha,0.99999857,alpha,0.9999962,0,0.9999984060000001,alpha,False,—,correct (5/5),0.03923278116826505,False,4502,1.326945e+06
HP1502401_J8,alpha,alpha,0.9999999,alpha,0.99999976,alpha,0.99999976,alpha,0.9999993,alpha,1.0,0,0.9999997439999999,alpha,False,—,correct (5/5),0.03716216216216217,False,3500,1.310985e+06
HP1502401_N15,alpha,alpha,0.9999937,alpha,0.99999404,alpha,0.9999993,alpha,0.9999945,alpha,0.9999987,0,0.9999960480000001,alpha,False,—,correct (5/5),0.05855855855855858,False,4907,1.341609e+06
HP1502401_H7,alpha,alpha,0.96158314,alpha,0.9998565,alpha,0.99983084,alpha,0.9908076,alpha,0.99983215,0,0.990382046,alpha,False,—,correct (5/5),0.05855855855855858,False,3501,190567.0
HP1502401_O1,alpha,alpha,0.9940077,macrophage,0.67795455,alpha,0.98874503,alpha,0.98588854,alpha,0.94948435,1,0.919216034,alpha,False,macrophage,unstable error (1–3/5),0.027027027027027025,False,4352,384388.0
HP1502401_L3,alpha,alpha,0.9830496,alpha,0.9997632,alpha,0.9996904,alpha,0.99986184,alpha,0.99947494,0,0.996367996,alpha,False,—,correct (5/5),0.04904904904904905,False,3347,628513.0
HP1502401_J1,alpha,alpha,1.0,alpha,0.9999988,alpha,1.0,alpha,1.0,alpha,1.0,0,0.99999976,alpha,False,—,correct (5/5),0.05513513513513514,False,4556,1.625042e+06
HP1502401_H3,alpha,alpha,0.9999999,alpha,0.99999857,alpha,0.9999999,alpha,0.99998236,alpha,1.0,0,0.999996146,alpha,False,—,correct (5/5),0.04904904904904905,False,4248,817141.0
HP1502401_I15,alpha,alpha,0.9999995,alpha,0.9999962,alpha,0.99999964,alpha,0.9999988,alpha,0.99999976,0,0.99999878,alpha,False,—,correct (5/5),0.07567567567567568,False,4128,909831.0
HP1502401_I4,alpha,alpha,0.9777519,macrophage,0.7708427,alpha,0.9999968,alpha,0.99947554,alpha,0.9994854,1,0.949510468,alpha,False,macrophage,unstable error (1–3/5),0.20120120120120114,False,4120,1.23644e+06
HP1502401_J23,alpha,alpha,0.99999785,alpha,0.99981683,alpha,0.99999297,alpha,0.99999225,alpha,0.9999924,0,0.99995846,alpha,False,—,correct (5/5),0.05855855855855858,False,5280,1.811186e+06
HP1502401_M18,alpha,alpha,0.9990978,alpha,0.9997675,alpha,0.9994837,alpha,0.9988519,alpha,0.99987364,0,0.999414908,alpha,False,—,correct (5/5),0.009652509652509654,False,3134,260518.0
HP1502401_K15,alpha,alpha,0.9999999,alpha,1.0,alpha,1.0,alpha,0.99999774,alpha,1.0,0,0.999999528,alpha,False,—,correct (5/5),0.04633204633204634,False,3212,309651.0
HP1502401_G10,alpha,alpha,0.9999999,alpha,0.97921693,alpha,0.9999571,alpha,0.9999962,alpha,0.9999937,0,0.995832766,alpha,False,—,correct (5/5),0.07078507078507078,False,2702,739808.0
HP1502401_L2,alpha,alpha,0.99999976,alpha,0.99999964,alpha,0.9999994,alpha,0.99997365,alpha,1.0,0,0.9999944900000001,alpha,False,—,correct (5/5),0.033386327503974564,False,3890,1.188106e+06
HP1502401_L23,alpha,alpha,0.9999999,alpha,0.99987507,alpha,0.9999919,alpha,0.9999881,alpha,0.99998295,0,0.999967584,alpha,False,—,correct (5/5),0.04144144144144144,False,4702,1.336044e+06
HP1502401_F19,alpha,alpha,0.9999999,alpha,0.99998987,alpha,0.99999833,alpha,0.9981053,alpha,0.9999999,0,0.99961866,alpha,False,—,correct (5/5),0.10990990990990991,False,3681,1.235337e+06
HP1502401_L17,alpha,alpha,0.9999716,alpha,0.9999546,alpha,0.99991286,alpha,0.94877595,alpha,0.9999993,0,0.989722862,alpha,False,—,correct (5/5),0.023071852340145027,False,2366,795392.0
HP1502401_O22,alpha,alpha,0.99999917,alpha,0.9999995,alpha,0.99999976,alpha,0.99999523,alpha,0.99999976,0,0.999998684,alpha,False,—,correct (5/5),0.04904904904904905,False,3773,1.269594e+06
HP1502401_L16,alpha,alpha,0.9999995,alpha,0.9999902,alpha,0.99999857,alpha,0.9999957,alpha,0.99999976,0,0.9999967460000001,alpha,False,—,correct (5/5),0.04904904904904905,False,2975,828627.0
HP1502401_L12,alpha,alpha,0.99999976,alpha,0.99999964,alpha,0.9999999,alpha,0.999984,alpha,0.9999987,0,0.9999964,alpha,False,—,correct (5/5),0.08108108108108107,False,3794,1.206003e+06
HP1502401_H2,alpha,alpha,0.9999999,alpha,0.9999999,alpha,0.9999999,alpha,0.9999999,alpha,0.9999999,0,0.9999999,alpha,False,—,correct (5/5),0.09379968203497614,False,5374,765906.0
HP1502401_K9,alpha,alpha,0.9999993,alpha,0.99999964,alpha,1.0,alpha,0.99999976,alpha,0.99999976,0,0.999999692,alpha,False,—,correct (5/5),0.05855855855855858,False,5273,1.100384e+06
HP1502401_E16,alpha,alpha,0.99999404,alpha,0.9992149,alpha,0.9999857,alpha,0.9999883,alpha,0.999987,0,0.999833988,alpha,False,—,correct (5/5),0.1309771309771309,False,4263,465775.0
HP1502401_M4,alpha,alpha,0.99999976,alpha,0.9999993,alpha,0.9999994,alpha,0.99999857,alpha,0.9999999,0,0.999999386,alpha,False,—,correct (5/5),0.023071852340145027,False,3545,920999.0
HP1502401_O21,alpha,alpha,0.99999976,alpha,0.99999964,alpha,0.99999964,alpha,0.9999877,alpha,1.0,0,0.9999973480000002,alpha,False,—,correct (5/5),0.03521703521703521,False,3219,1.035041e+06
HP1502401_M10,alpha,alpha,0.999966,alpha,0.9998741,alpha,0.99997985,alpha,0.9982571,alpha,0.9999887,0,0.9996131500000001,alpha,False,—,correct (5/5),0.06227967097532316,False,4067,176319.0
HP1502401_J11,alpha,alpha,0.9999999,alpha,0.999998,alpha,0.9999999,alpha,0.9999957,alpha,1.0,0,0.9999987000000001,alpha,False,—,correct (5/5),0.04144144144144144,False,2807,624536.0
HP1502401_H4,alpha,alpha,0.9999999,alpha,0.99999964,alpha,1.0,alpha,0.9999989,alpha,1.0,0,0.9999996880000002,alpha,False,—,correct (5/5),0.04380242311276794,False,3770,1.421084e+06
HP1502401_L11,alpha,alpha,1.0,alpha,0.99999964,alpha,0.9999999,alpha,0.99999964,alpha,1.0,0,0.999999836,alpha,False,—,correct (5/5),0.05513513513513514,False,4654,642798.0
HP1502401_K3,alpha,alpha,0.99999917,alpha,0.9999988,alpha,0.9999994,alpha,0.9999982,alpha,1.0,0,0.9999991139999999,alpha,False,—,correct (5/5),0.025641025641025644,False,2970,586089.0
HP1502401_I16,alpha,alpha,1.0,alpha,0.9999999,alpha,0.9999995,alpha,0.9999964,alpha,1.0,0,0.9999991600000001,alpha,False,—,correct (5/5),0.06633906633906633,False,3696,517656.0
HP1502401_N12,alpha,alpha,0.9999993,alpha,0.9999604,alpha,0.9999989,alpha,0.99999905,alpha,0.9999999,0,0.9999915100000001,alpha,False,—,correct (5/5),0.07567567567567568,False,3148,982128.0
HP1502401_M24,alpha,alpha,0.99999964,alpha,0.9999869,alpha,0.9999999,alpha,0.99999666,alpha,0.9999999,0,0.9999966,alpha,False,—,correct (5/5),0.03521703521703521,False,3687,1.845958e+06
HP1502401_N4,alpha,alpha,0.99999905,alpha,0.99999964,alpha,0.9999993,alpha,0.9999988,alpha,0.9999999,0,0.999999338,alpha,False,—,correct (5/5),0.06633906633906633,False,3912,385095.0
HP1502401_E21,alpha,alpha,1.0,alpha,0.99999976,alpha,1.0,alpha,0.9999995,alpha,0.9999999,0,0.999999832,alpha,False,—,correct (5/5),0.05513513513513514,False,4977,1.581002e+06
HP1502401_H10,alpha,alpha,0.9997787,alpha,0.9687574,alpha,0.9979406,mast,0.9172597,alpha,0.99680495,1,0.9761082699999999,alpha,False,mast,unstable error (1–3/5),0.04633204633204634,False,2857,195420.0
HP1502401_J6,alpha,alpha,1.0,alpha,0.9999963,alpha,1.0,alpha,0.9999989,alpha,1.0,0,0.99999904,alpha,False,—,correct (5/5),0.07567567567567568,False,6175,1.667237e+06
HP1502401_M7,alpha,alpha,0.9999789,alpha,0.9989623,alpha,0.9999944,alpha,0.99997807,alpha,0.99999976,0,0.999782686,alpha,False,—,correct (5/5),0.09379968203497614,False,5087,1.608045e+06
HP1502401_O24,alpha,alpha,0.99999714,alpha,0.99931204,alpha,0.99997354,alpha,0.99999535,alpha,0.9999989,0,0.9998553940000001,alpha,False,—,correct (5/5),0.06633906633906633,False,6150,266377.0
HP1502401_C16,alpha,alpha,0.99999535,alpha,0.99993324,alpha,0.99999833,alpha,0.9999982,alpha,0.9999989,0,0.999984804,alpha,False,—,correct (5/5),0.051975051975051964,False,4582,744604.0
HP1502401_B20,alpha,alpha,0.99999726,alpha,0.9999932,alpha,0.99999714,alpha,0.9999758,alpha,0.9999883,0,0.9999903400000001,alpha,False,—,correct (5/5),0.04144144144144144,False,2684,409858.0
HP1502401_D8,alpha,alpha,0.88076854,alpha,0.9083523,alpha,0.95568734,alpha,0.9801875,t_cell,0.46263874,1,0.8375268840000001,beta,True,t_cell,unstable error (1–3/5),0.03521703521703521,False,3748,1.04067e+06
HP1502401_F12,alpha,alpha,1.0,alpha,1.0,alpha,1.0,alpha,1.0,alpha,1.0,0,1.0,alpha,False,—,correct (5/5),0.07078507078507078,False,4648,1.761491e+06
HP1502401_L7,alpha,alpha,0.9991911,alpha,0.9998832,alpha,0.99989545,alpha,0.99954236,alpha,0.9997781,0,0.9996580420000001,alpha,False,—,correct (5/5),0.02432432432432433,False,2922,954872.0
HP1502401_A4,alpha,alpha,0.99999976,alpha,0.9999989,alpha,0.99999976,alpha,0.9999999,alpha,0.99999976,0,0.999999616,alpha,False,—,correct (5/5),0.0870870870870871,False,5748,1.284682e+06
HP1502401_K5,alpha,alpha,0.99999356,alpha,0.9993272,alpha,0.9999975,alpha,0.99999774,alpha,0.99999976,0,0.999863152,alpha,False,—,correct (5/5),0.051975051975051964,False,3634,1.260484e+06
HP1502401_C4,alpha,alpha,0.9999989,alpha,1.0,alpha,1.0,alpha,0.99999976,alpha,1.0,0,0.999999732,alpha,False,—,correct (5/5),0.04904904904904905,False,3980,572530.0
HP1502401_K1,alpha,alpha,0.9999968,alpha,0.9999981,alpha,0.99999774,alpha,0.9999993,alpha,0.9999995,0,0.9999982880000001,alpha,False,—,correct (5/5),0.06633906633906633,False,3755,207567.0
HP1502401_J20,alpha,alpha,0.9999995,alpha,0.9999964,alpha,0.99999917,alpha,0.99999857,alpha,1.0,0,0.9999987280000001,alpha,False,—,correct (5/5),0.04904904904904905,False,5120,1.467965e+06
HP1502401_O23,alpha,alpha,0.99999905,alpha,0.9999995,alpha,0.99998784,alpha,0.9999988,alpha,0.9999981,0,0.999996658,alpha,False,—,correct (5/5),0.06633906633906633,False,5298,1.053733e+06
HP1502401_B5,alpha,alpha,0.9999995,alpha,0.99999964,alpha,0.999992,alpha,0.9999995,alpha,0.9999995,0,0.9999980279999999,alpha,False,—,correct (5/5),0.06633906633906633,False,4443,820399.0
HP1502401_E6,alpha,alpha,0.9999896,alpha,0.9992022,alpha,0.99999774,alpha,0.99997973,alpha,0.999741,0,0.9997820540000001,alpha,False,—,correct (5/5),0.04633204633204634,False,4978,366945.0
HP1502401_J18,alpha,alpha,0.9999958,alpha,0.99998736,alpha,0.99999857,alpha,0.9999765,alpha,0.9999999,0,0.9999916259999999,alpha,False,—,correct (5/5),0.05855855855855858,False,3859,1.096789e+06
HP1502401_M1,alpha,alpha,0.9999987,alpha,0.99999976,alpha,0.9999999,alpha,0.9999999,alpha,1.0,0,0.999999652,alpha,False,—,correct (5/5),0.05855855855855858,False,3548,723403.0
HP1502401_J4,alpha,alpha,0.9999995,alpha,0.9993957,alpha,0.9999975,alpha,0.999977,alpha,0.99999964,0,0.9998738679999999,alpha,False,—,correct (5/5),0.04144144144144144,False,3470,885006.0
HP1502401_A15,alpha,alpha,0.9999999,alpha,0.9999995,alpha,0.99999905,alpha,0.9999988,alpha,0.9999999,0,0.9999994299999999,alpha,False,—,correct (5/5),0.031660231660231665,False,2881,382892.0
HP1502401_D20,alpha,alpha,0.9999999,alpha,0.9999993,alpha,0.9999999,alpha,0.9999974,alpha,0.9999999,0,0.9999992799999999,alpha,False,—,correct (5/5),0.05513513513513514,False,4177,1.081356e+06
HP1502401_G7,alpha,alpha,1.0,alpha,0.9999994,alpha,1.0,alpha,0.9999927,alpha,0.99999976,0,0.999998372,alpha,False,—,correct (5/5),0.05513513513513514,False,4569,1.312942e+06
HP1502401_H5,alpha,alpha,0.99976796,alpha,0.9999691,alpha,0.9999999,alpha,0.9999974,alpha,0.9999994,0,0.9999467520000002,alpha,False,—,correct (5/5),0.051975051975051964,False,3594,634598.0
HP1502401_D16,alpha,alpha,0.99999976,alpha,0.9999963,alpha,0.99999976,alpha,0.99998975,alpha,0.9999994,0,0.999996994,alpha,False,—,correct (5/5),0.04633204633204634,False,4138,741220.0
HP1502401_M19,alpha,alpha,0.9999993,alpha,0.9999981,alpha,0.9999995,alpha,0.9999995,alpha,1.0,0,0.9999992800000002,alpha,False,—,correct (5/5),0.016676250718803912,False,4247,1.711832e+06
HP1502401_K6,alpha,alpha,0.9999995,alpha,0.9999963,alpha,0.99999976,alpha,0.99999976,alpha,1.0,0,0.999999064,alpha,False,—,correct (5/5),0.04144144144144144,False,4336,998782.0
HP1502401_K2,alpha,alpha,0.99999976,alpha,0.99999976,alpha,0.9999751,alpha,0.9999802,alpha,0.9999988,0,0.9999907240000001,alpha,False,—,correct (5/5),0.051975051975051964,False,4260,999278.0
HP1502401_O8,alpha,alpha,0.99999154,alpha,0.99991214,alpha,0.9999989,alpha,0.99999905,alpha,0.9999981,0,0.9999799460000001,alpha,False,—,correct (5/5),0.07567567567567568,False,4529,121951.0
HP1502401_K16,alpha,alpha,0.9999994,alpha,0.9999982,alpha,0.9999976,alpha,0.99999917,alpha,0.9999993,0,0.9999987340000001,alpha,False,—,correct (5/5),0.05513513513513514,False,4650,870071.0
HP1502401_E17,alpha,beta,0.99405587,beta,0.9718094,epsilon,0.49339756,beta,0.71604556,gamma,0.54953235,5,0.7449681480000001,beta,True,beta,stable error (≥4/5),0.2664092664092664,False,3644,771577.0
HP1502401_M23,alpha,alpha,0.9999912,alpha,0.99999475,alpha,0.9999869,alpha,0.9999939,alpha,0.9999999,0,0.99999333,alpha,False,—,correct (5/5),0.06633906633906633,False,3943,1.011989e+06
HP1502401_I18,alpha,alpha,0.9999988,alpha,0.9999994,alpha,0.99999785,alpha,0.9999988,alpha,1.0,0,0.99999897,alpha,False,—,correct (5/5),0.013248542660307368,False,3061,609983.0
HP1502401_I1,alpha,alpha,1.0,alpha,0.99999976,alpha,1.0,alpha,0.9999999,alpha,1.0,0,0.999999932,alpha,False,—,correct (5/5),0.05513513513513514,False,4890,1.752949e+06
HP1502401_L22,alpha,alpha,1.0,alpha,0.99999857,alpha,0.9999999,alpha,0.99999976,alpha,1.0,0,0.999999646,alpha,False,—,correct (5/5),0.03716216216216217,False,3360,1.060957e+06
HP1502401_G8,alpha,alpha,0.9998598,alpha,0.9996772,alpha,0.99998486,alpha,0.99997854,alpha,0.9999987,0,0.9998998200000001,alpha,False,—,correct (5/5),0.07078507078507078,False,4470,1.101521e+06
HP1502401_M9,alpha,alpha,0.99999547,alpha,0.99997437,alpha,0.9999889,alpha,0.9998487,alpha,0.9999008,0,0.9999416479999998,alpha,False,—,correct (5/5),0.10135135135135138,False,3096,22097.0
HP1502401_D24,alpha,alpha,0.9999907,alpha,0.9999989,alpha,0.9999993,alpha,0.99981123,alpha,0.99999905,0,0.999959836,alpha,False,—,correct (5/5),0.05513513513513514,False,3489,943226.0
HP1502401_O4,alpha,alpha,0.9999677,alpha,0.99996173,alpha,0.9999987,alpha,0.99995315,alpha,0.99999774,0,0.999975804,alpha,False,—,correct (5/5),0.06633906633906633,False,4517,433901.0
HP1502401_L15,alpha,alpha,0.9999988,alpha,1.0,alpha,0.9999999,alpha,0.99999964,alpha,1.0,0,0.9999996679999998,alpha,False,—,correct (5/5),0.06633906633906633,False,4598,1.035535e+06
HP1502401_L9,alpha,alpha,0.9999863,alpha,0.9999987,alpha,0.9999943,alpha,0.9999944,alpha,0.99999976,0,0.9999946919999999,alpha,False,—,correct (5/5),0.04904904904904905,False,3092,83467.0
HP1502401_M3,alpha,alpha,0.9999993,alpha,0.9999994,alpha,0.9999994,alpha,0.99999833,alpha,1.0,0,0.9999992859999999,alpha,False,—,correct (5/5),0.06227967097532316,False,5503,515496.0
HP1502401_H20,alpha,alpha,0.99999905,alpha,0.9999962,alpha,0.9999976,alpha,0.99999976,alpha,0.9999999,0,0.9999985020000001,alpha,False,—,correct (5/5),0.05855855855855858,False,4350,952341.0
HP1502401_O20,alpha,alpha,0.9999999,alpha,0.99999976,alpha,0.9999999,alpha,0.99999976,alpha,1.0,0,0.9999998640000001,alpha,False,—,correct (5/5),0.05855855855855858,False,4345,1.119323e+06
HP1502401_H24,alpha,alpha,0.9999999,alpha,0.99999845,alpha,0.9999995,alpha,0.99998224,alpha,0.9999995,0,0.9999959180000001,alpha,False,—,correct (5/5),0.07567567567567568,False,4458,1.245203e+06
HP1502401_L4,alpha,alpha,0.9999999,alpha,0.9999995,alpha,0.9999999,alpha,0.9999958,alpha,0.9999989,0,0.9999988000000002,alpha,False,—,correct (5/5),0.01172870984191739,False,3738,354032.0
HP1502401_O17,alpha,alpha,0.99922156,alpha,0.99998724,alpha,0.9999999,alpha,0.9999424,alpha,0.99992156,0,0.999814532,alpha,False,—,correct (5/5),0.07078507078507078,False,4290,234253.0
HP1502401_M11,alpha,alpha,1.0,alpha,0.99999964,alpha,0.9999999,alpha,0.9999995,alpha,1.0,0,0.9999998080000001,alpha,False,—,correct (5/5),0.04904904904904905,False,5291,878249.0
HP1502401_F23,alpha,alpha,0.9999963,alpha,0.99999774,alpha,0.9999881,alpha,0.9999987,alpha,0.9999809,0,0.9999923479999999,alpha,False,—,correct (5/5),0.05855855855855858,False,5830,1.321741e+06
HP1502401_M21,alpha,alpha,0.9999989,alpha,0.9999968,alpha,0.9999993,alpha,0.9999908,alpha,0.9999995,0,0.9999970600000001,alpha,False,—,correct (5/5),0.051975051975051964,False,3861,1.363022e+06
HP1502401_K21,alpha,alpha,0.99999964,alpha,0.99999857,alpha,0.99999833,alpha,0.99999523,alpha,0.99999774,0,0.9999979020000002,alpha,False,—,correct (5/5),0.10990990990990991,False,6007,1.386286e+06
HP1502401_H16,alpha,alpha,0.9999988,alpha,0.99999917,alpha,0.9999988,alpha,0.99999607,alpha,1.0,0,0.999998568,alpha,False,—,correct (5/5),0.07567567567567568,False,3956,997306.0
HP1502401_L20,alpha,alpha,0.9999999,alpha,0.99999964,alpha,1.0,alpha,0.9999994,alpha,1.0,0,0.999999788,alpha,False,—,correct (5/5),0.07078507078507078,False,5857,889865.0
HP1502401_N20,alpha,alpha,0.99999595,alpha,0.97678614,alpha,0.99993527,alpha,0.99999523,alpha,0.9999949,0,0.9953414979999999,alpha,False,—,correct (5/5),0.06633906633906633,False,4528,736220.0
HP1502401_E11,alpha,alpha,1.0,alpha,0.9999999,alpha,1.0,alpha,0.9999995,alpha,1.0,0,0.9999998800000001,alpha,False,—,correct (5/5),0.04904904904904905,False,4551,1.319378e+06
HP1502401_K11,alpha,alpha,0.99998164,alpha,0.9999901,alpha,0.999984,alpha,0.97354954,alpha,0.9999769,0,0.9946964359999999,alpha,False,—,correct (5/5),0.06633906633906633,False,3365,103987.0
HP1502401_B10,alpha,alpha,0.9999976,alpha,0.91759896,alpha,0.9994941,alpha,0.99967957,alpha,0.9999496,0,0.983343966,alpha,False,—,correct (5/5),0.06633906633906633,False,4055,331124.0
HP1502401_F20,alpha,alpha,0.99996793,alpha,0.9999714,alpha,0.9999993,alpha,0.9999747,alpha,0.9999999,0,0.999982646,alpha,False,—,correct (5/5),0.051975051975051964,False,5124,1.252626e+06
HP1502401_B16,alpha,alpha,0.9999989,alpha,0.99999595,alpha,0.99999976,alpha,0.99999607,alpha,1.0,0,0.999998136,alpha,False,—,correct (5/5),0.030030030030030033,False,3522,704390.0
HP1502401_L1,alpha,alpha,0.99998105,alpha,0.9999114,alpha,0.9999902,alpha,0.9999716,alpha,0.9890153,0,0.9977739099999999,alpha,False,—,correct (5/5),0.05855855855855858,False,4723,1.759945e+06
HP1502401_A17,alpha,alpha,0.999998,alpha,0.9999999,alpha,0.9999999,alpha,0.99998534,alpha,0.9999995,0,0.9999965279999999,alpha,False,—,correct (5/5),0.04904904904904905,False,3445,746559.0
HP1502401_H1,alpha,alpha,0.9881499,alpha,0.99730194,alpha,0.9999778,alpha,0.99947053,alpha,0.9999876,0,0.9969775540000001,alpha,False,—,correct (5/5),0.10990990990990991,False,3078,727685.0
HP1502401_I23,alpha,alpha,0.9999999,alpha,0.9999989,alpha,1.0,alpha,0.9999926,alpha,0.99999857,0,0.9999979940000001,alpha,False,—,correct (5/5),0.20120120120120114,False,4811,1.417369e+06
HP1502401_O3,alpha,alpha,0.99999774,alpha,0.99998844,alpha,0.9999956,alpha,0.99998605,alpha,0.99999905,0,0.9999933760000002,alpha,False,—,correct (5/5),0.04144144144144144,False,3758,105858.0
HP1502401_F10,alpha,alpha,0.99999964,alpha,0.99999905,alpha,0.9999999,alpha,0.99999964,alpha,1.0,0,0.999999646,alpha,False,—,correct (5/5),0.03521703521703521,False,3927,1.171603e+06
HP1502401_N3,alpha,alpha,0.9999995,alpha,0.9999989,alpha,0.99999917,alpha,0.99999905,alpha,1.0,0,0.999999324,alpha,False,—,correct (5/5),0.04904904904904905,False,4224,978842.0
HP1502401_N19,alpha,alpha,0.99999964,alpha,0.99999845,alpha,0.9999999,alpha,0.99999976,alpha,1.0,0,0.9999995500000001,alpha,False,—,correct (5/5),0.05855855855855858,False,3444,1.257305e+06
HP1502401_K20,alpha,alpha,1.0,alpha,0.9999988,alpha,0.9999999,alpha,0.9999994,alpha,1.0,0,0.99999962,alpha,False,—,correct (5/5),0.06227967097532316,False,3858,1.206628e+06
HP1504101T2D_M6,alpha,alpha,0.9999999,alpha,0.99999905,alpha,0.99999964,alpha,0.9999958,alpha,0.99999917,0,0.999998712,alpha,False,—,correct (5/5),0.033386327503974564,False,4405,590784.0
HP1504101T2D_F15,alpha,gamma,0.9964101,gamma,0.9077604,gamma,0.8916554,gamma,0.95011497,alpha,0.6111898,4,0.871426134,gamma,True,gamma,stable error (≥4/5),0.07567567567567568,False,6005,725197.0
HP1504101T2D_F10,alpha,alpha,1.0,alpha,0.99999964,alpha,1.0,alpha,1.0,alpha,0.9999999,0,0.999999908,alpha,False,—,correct (5/5),0.04144144144144144,False,4585,1.347734e+06
HP1504101T2D_M18,alpha,alpha,0.9999937,alpha,0.9999404,alpha,0.99999535,alpha,0.99999344,alpha,0.99998343,0,0.999981264,alpha,False,—,correct (5/5),0.07567567567567568,False,5780,1.131752e+06
HP1504101T2D_L23,alpha,alpha,1.0,alpha,0.99999976,alpha,0.9999989,alpha,0.99999976,alpha,0.9999995,0,0.999999584,alpha,False,—,correct (5/5),0.051975051975051964,False,4900,957347.0
HP1504101T2D_N17,alpha,alpha,0.9999932,alpha,0.99999726,alpha,0.99999404,alpha,0.99999344,alpha,0.9999931,0,0.999994208,alpha,False,—,correct (5/5),0.04633204633204634,False,4947,1.018804e+06
HP1504101T2D_G1,alpha,alpha,1.0,alpha,0.9999975,alpha,0.9999956,alpha,0.99999976,alpha,0.9999963,0,0.999997832,alpha,False,—,correct (5/5),0.08108108108108107,False,6011,825569.0
HP1504101T2D_M19,alpha,alpha,0.7640215,alpha,0.8844312,alpha,0.75147367,alpha,0.99260074,gamma,0.8852059,1,0.8555466020000001,gamma,True,gamma,unstable error (1–3/5),0.11969111969111967,False,6159,1.226896e+06
HP1504101T2D_J15,alpha,alpha,0.99999905,alpha,0.9999939,alpha,0.99999976,alpha,0.9999988,alpha,0.99999833,0,0.9999979680000001,alpha,False,—,correct (5/5),0.05855855855855858,False,4975,539345.0
HP1504101T2D_N7,alpha,alpha,0.9999964,alpha,0.99996305,alpha,0.99999857,alpha,0.9999851,alpha,0.99999523,0,0.99998767,alpha,False,—,correct (5/5),0.05513513513513514,False,5267,469637.0
HP1504101T2D_O16,alpha,alpha,0.9999999,alpha,0.99999833,alpha,0.9999728,alpha,0.999998,alpha,0.9999982,0,0.9999934460000001,alpha,False,—,correct (5/5),0.06633906633906633,False,6412,885216.0
HP1504101T2D_M4,alpha,alpha,0.70263886,gamma,0.7793441,alpha,0.6299776,alpha,0.817655,alpha,0.96806204,1,0.77953552,epsilon,True,gamma,unstable error (1–3/5),0.10990990990990991,False,5621,274754.0
HP1504101T2D_I20,alpha,alpha,0.99999404,alpha,0.99999356,alpha,0.9999999,alpha,0.99999654,alpha,0.9999969,0,0.9999961880000001,alpha,False,—,correct (5/5),0.08108108108108107,False,6442,1.099497e+06
HP1504101T2D_K24,alpha,alpha,0.9999994,alpha,0.99999917,alpha,0.99999666,alpha,0.99999726,alpha,0.9999145,0,0.9999813980000001,alpha,False,—,correct (5/5),0.04633204633204634,False,5359,1.240224e+06
HP1504101T2D_I1,alpha,alpha,0.9525919,alpha,0.98823,alpha,0.6299406,alpha,0.9932633,alpha,0.9971042,0,0.9122259999999999,alpha,False,—,correct (5/5),0.10135135135135138,False,3575,623813.0
HP1504101T2D_J13,alpha,alpha,0.99994063,alpha,0.9998661,alpha,0.99998903,alpha,0.9999361,alpha,0.9999646,0,0.999939292,alpha,False,—,correct (5/5),0.07567567567567568,False,4979,927596.0
HP1504101T2D_D2,alpha,alpha,0.999998,alpha,0.99999857,alpha,0.9999989,alpha,0.99995005,alpha,0.9999865,0,0.999986404,alpha,False,—,correct (5/5),0.05513513513513514,False,4933,975956.0
HP1504101T2D_O13,alpha,alpha,0.8814451,alpha,0.97197706,alpha,0.9964729,alpha,0.99308175,alpha,0.99479795,0,0.9675549520000001,epsilon,True,—,correct (5/5),0.07078507078507078,False,4734,799747.0
HP1504101T2D_L2,alpha,alpha,1.0,alpha,0.9999994,alpha,0.99999917,alpha,0.9999999,alpha,0.99999964,0,0.999999622,alpha,False,—,correct (5/5),0.051975051975051964,False,4749,945903.0
HP1504101T2D_I24,alpha,alpha,0.99765694,alpha,0.9997546,alpha,0.8896357,alpha,0.9982495,alpha,0.9710863,0,0.9712766079999999,alpha,False,—,correct (5/5),0.05855855855855858,False,6136,1.665282e+06
HP1504101T2D_J18,alpha,alpha,0.9719396,alpha,0.7980975,alpha,0.9925011,alpha,0.9977362,alpha,0.92404723,0,0.936864326,alpha,False,—,correct (5/5),0.08108108108108107,False,5609,359673.0
HP1504101T2D_M15,alpha,alpha,0.8322925,alpha,0.7632253,alpha,0.79304606,alpha,0.8699413,alpha,0.99995077,0,0.851691186,alpha,False,—,correct (5/5),0.05855855855855858,False,4661,437023.0
HP1504101T2D_N15,alpha,alpha,0.9999995,alpha,0.9999962,alpha,0.99999976,alpha,0.9999987,alpha,0.99999905,0,0.9999986419999999,alpha,False,—,correct (5/5),0.009009009009009009,False,5040,311045.0
HP1504101T2D_F7,alpha,alpha,0.99999845,alpha,0.9999882,alpha,0.99999917,alpha,0.99999475,alpha,0.9999927,0,0.999994654,alpha,False,—,correct (5/5),0.04144144144144144,False,6059,576653.0
HP1504101T2D_I5,alpha,alpha,0.99999774,alpha,0.99996376,alpha,0.9999862,alpha,0.9999901,alpha,0.9999747,0,0.9999825,alpha,False,—,correct (5/5),0.04904904904904905,False,5697,889231.0
HP1504101T2D_C17,alpha,alpha,0.99999845,alpha,0.9999678,alpha,0.9999963,alpha,0.9999962,alpha,0.9999968,0,0.9999911100000001,alpha,False,—,correct (5/5),0.031660231660231665,False,5556,666709.0
HP1504101T2D_F22,alpha,alpha,0.99999976,alpha,0.9998896,alpha,0.9999964,alpha,0.99999535,alpha,0.9999989,0,0.999976002,alpha,False,—,correct (5/5),0.051975051975051964,False,4860,1.329553e+06
HP1504101T2D_J2,alpha,gamma,0.99974054,gamma,0.9999558,gamma,0.99998987,gamma,0.99974054,gamma,0.99972886,5,0.999831122,gamma,True,gamma,stable error (≥4/5),0.10990990990990991,False,6497,977019.0
HP1504101T2D_E1,alpha,alpha,0.9999988,alpha,0.9999963,alpha,0.99999976,alpha,0.999985,alpha,0.9999999,0,0.9999959520000001,alpha,False,—,correct (5/5),0.014892443463872035,False,4945,192665.0
HP1504101T2D_A19,alpha,alpha,0.9999802,alpha,0.9999943,alpha,0.999995,alpha,0.99999714,alpha,0.9999956,0,0.9999924479999999,alpha,False,—,correct (5/5),0.06633906633906633,False,5842,858901.0
HP1504101T2D_G2,alpha,alpha,0.9999963,alpha,0.999912,alpha,0.9998703,alpha,0.9999964,alpha,0.9999337,0,0.99994174,alpha,False,—,correct (5/5),0.05513513513513514,False,6015,759786.0
HP1504101T2D_J11,alpha,alpha,0.99999785,alpha,0.9999924,alpha,0.99999833,alpha,0.99988437,alpha,0.9999944,0,0.9999734700000001,alpha,False,—,correct (5/5),0.033386327503974564,False,5420,1.067923e+06
HP1504101T2D_K22,alpha,alpha,0.99999607,alpha,0.99967706,alpha,0.9995778,alpha,0.9995524,alpha,0.9999893,0,0.9997585260000001,alpha,False,—,correct (5/5),0.09379968203497614,False,6264,871779.0
HP1504101T2D_G17,alpha,alpha,0.99999976,alpha,0.9999999,alpha,0.99999976,alpha,0.99999845,alpha,0.99999857,0,0.999999288,alpha,False,—,correct (5/5),0.05513513513513514,False,5075,865993.0
HP1504101T2D_N19,alpha,alpha,0.99980026,alpha,0.9999889,alpha,0.9999832,alpha,0.9999759,alpha,0.99997807,0,0.9999452659999999,alpha,False,—,correct (5/5),0.04904904904904905,False,5137,748697.0
HP1504101T2D_I17,alpha,alpha,0.99999964,alpha,0.99999857,alpha,0.9999974,alpha,0.99999857,alpha,0.999998,0,0.9999984359999999,alpha,False,—,correct (5/5),0.019656019656019656,False,4958,541530.0
HP1504101T2D_D7,alpha,alpha,0.9999993,alpha,0.99996006,alpha,0.9999722,alpha,0.9999968,alpha,0.99999857,0,0.999985386,alpha,False,—,correct (5/5),0.051975051975051964,False,5069,865627.0
HP1504101T2D_L21,alpha,alpha,0.9999993,alpha,0.9999994,alpha,0.9999999,alpha,0.9999976,alpha,0.99999917,0,0.999999074,alpha,False,—,correct (5/5),0.03923278116826505,False,5486,1.085029e+06
HP1504101T2D_N12,alpha,alpha,1.0,alpha,0.99999964,alpha,0.9999999,alpha,0.99999416,alpha,1.0,0,0.99999874,alpha,False,—,correct (5/5),0.030030030030030033,False,5109,1.085625e+06
HP1504101T2D_B16,alpha,alpha,0.9308396,alpha,0.999944,alpha,0.98769844,alpha,0.99922967,alpha,0.99973184,0,0.9834887099999999,alpha,False,—,correct (5/5),0.03923278116826505,False,3981,636655.0
HP1504101T2D_E23,alpha,alpha,0.99999905,alpha,0.9999584,alpha,0.99999917,alpha,0.9999888,alpha,0.999998,0,0.9999886840000001,alpha,False,—,correct (5/5),0.016676250718803912,False,5464,599639.0
HP1504101T2D_H9,alpha,alpha,0.99999285,alpha,0.9999944,alpha,0.9999994,alpha,0.9999838,alpha,0.99999845,0,0.9999937799999999,alpha,False,—,correct (5/5),0.06633906633906633,False,5264,720308.0
HP1504101T2D_A5,alpha,alpha,0.9999962,alpha,0.9999993,alpha,0.9999976,alpha,0.9999552,alpha,0.99999785,0,0.9999892300000001,alpha,False,—,correct (5/5),0.04144144144144144,False,4867,804916.0
HP1504101T2D_K23,alpha,alpha,0.99999106,alpha,0.99998915,alpha,0.99997973,alpha,0.9999877,alpha,0.9999137,0,0.9999722680000002,alpha,False,—,correct (5/5),0.0870870870870871,False,5733,695667.0
HP1504101T2D_I18,alpha,alpha,0.9999995,alpha,0.9999945,alpha,0.9999988,alpha,0.99998724,alpha,0.99999404,0,0.9999948160000001,alpha,False,—,correct (5/5),0.06227967097532316,False,5332,906348.0
HP1504101T2D_P2,alpha,alpha,0.99999917,alpha,0.9999958,alpha,0.99999785,alpha,0.9999963,alpha,0.999998,0,0.999997424,alpha,False,—,correct (5/5),0.04904904904904905,False,5029,475151.0
HP1504101T2D_I14,alpha,alpha,0.9998486,alpha,0.99998367,alpha,0.9997509,alpha,0.99996376,alpha,0.99998736,0,0.9999068579999999,alpha,False,—,correct (5/5),0.07567567567567568,False,4835,957836.0
HP1504101T2D_E10,alpha,alpha,0.96104985,alpha,0.9477146,alpha,0.7102261,alpha,0.99548244,alpha,0.9381778,0,0.9105301579999999,alpha,False,—,correct (5/5),0.10135135135135138,False,3481,280890.0
HP1504101T2D_G24,alpha,alpha,0.99993944,alpha,0.9997749,alpha,0.9999988,alpha,0.99999607,alpha,0.9999399,0,0.999929822,alpha,False,—,correct (5/5),0.05513513513513514,False,5788,996901.0
HP1504101T2D_F5,alpha,epsilon,0.5369848,alpha,0.9998241,alpha,0.99995935,mast,0.84361416,alpha,0.9998995,2,0.876056382,alpha,False,epsilon,unstable error (1–3/5),0.03521703521703521,False,2890,262276.0
HP1504101T2D_M21,alpha,alpha,0.99999857,alpha,0.9999958,alpha,0.9999999,alpha,0.999997,alpha,0.9999975,0,0.999997754,alpha,False,—,correct (5/5),0.09379968203497614,False,5710,1.248281e+06
HP1504101T2D_D19,alpha,alpha,0.55568236,gamma,0.8347011,gamma,0.9986702,gamma,0.9291961,gamma,0.64882845,4,0.793415642,gamma,True,gamma,stable error (≥4/5),0.2297297297297298,False,6154,1.029527e+06
HP1504101T2D_K4,alpha,gamma,0.59476686,alpha,0.9082354,alpha,0.98868656,alpha,0.88025147,gamma,0.9906239,2,0.8725128380000001,alpha,False,gamma,unstable error (1–3/5),0.07567567567567568,False,5533,922481.0
HP1504101T2D_N9,alpha,alpha,1.0,alpha,0.99999857,alpha,0.9999995,alpha,0.999998,alpha,0.9999964,0,0.9999984940000001,alpha,False,—,correct (5/5),0.03923278116826505,False,4698,934461.0
HP1504101T2D_M7,alpha,alpha,0.9968166,alpha,0.99561524,alpha,0.91908336,alpha,0.99997234,alpha,0.9939539,0,0.9810882880000001,alpha,False,—,correct (5/5),0.07567567567567568,False,5676,750875.0
HP1504101T2D_O6,alpha,alpha,0.9998778,alpha,0.99994457,alpha,0.9925483,alpha,0.9999527,alpha,0.9988651,0,0.998237694,alpha,False,—,correct (5/5),0.04904904904904905,False,6255,843881.0
HP1504101T2D_E6,alpha,alpha,0.99999154,alpha,0.99999607,alpha,0.99997914,alpha,0.99993765,alpha,0.9999987,0,0.99998062,alpha,False,—,correct (5/5),0.06227967097532316,False,4243,436051.0
HP1504101T2D_B11,alpha,alpha,0.9999975,alpha,0.99999845,alpha,0.9999987,alpha,0.9999697,alpha,0.99999225,0,0.99999132,alpha,False,—,correct (5/5),0.05513513513513514,False,4850,532526.0
HP1504101T2D_C4,alpha,alpha,0.99994636,alpha,0.99856156,alpha,0.9999645,alpha,0.99958557,alpha,0.999863,0,0.9995841980000002,alpha,False,—,correct (5/5),0.051975051975051964,False,4380,494838.0
HP1504101T2D_C15,alpha,alpha,0.9999938,alpha,0.9999975,alpha,0.9999734,alpha,0.9999951,alpha,0.99999654,0,0.9999912679999999,alpha,False,—,correct (5/5),0.09379968203497614,False,5794,523413.0
HP1504101T2D_C22,alpha,alpha,0.6654508,alpha,0.68329847,gamma,0.87426716,alpha,0.9801189,alpha,0.9961428,1,0.839855626,alpha,False,gamma,unstable error (1–3/5),0.07078507078507078,False,5690,908389.0
HP1504101T2D_D13,alpha,gamma,0.9948074,gamma,0.996851,gamma,0.98823625,gamma,0.83072454,gamma,0.8975497,5,0.9416337779999999,gamma,True,gamma,stable error (≥4/5),0.06633906633906633,False,4917,1.089652e+06
HP1504101T2D_F12,alpha,alpha,0.99999726,alpha,0.99999964,alpha,0.9999993,alpha,0.9999993,alpha,0.99999917,0,0.999998934,alpha,False,—,correct (5/5),0.051975051975051964,False,5035,940837.0
HP1504101T2D_C14,alpha,alpha,0.99999607,alpha,0.9999628,alpha,0.9999695,alpha,0.9999988,alpha,0.99999344,0,0.9999841220000001,alpha,False,—,correct (5/5),0.06227967097532316,False,4552,643683.0
HP1504101T2D_J6,alpha,alpha,0.72666216,alpha,0.99940395,alpha,0.99997616,mast,0.6040606,alpha,0.9967139,1,0.8653633540000001,alpha,False,mast,unstable error (1–3/5),0.01172870984191739,False,2727,217939.0
HP1504101T2D_H20,alpha,alpha,0.9999999,alpha,0.9999938,alpha,0.9999958,alpha,0.99999845,alpha,0.9999974,0,0.99999707,alpha,False,—,correct (5/5),0.033386327503974564,False,4788,1.256047e+06
HP1504101T2D_G12,alpha,alpha,0.9999647,alpha,0.9999838,alpha,0.99923205,alpha,0.99987614,alpha,0.99971956,0,0.9997552500000001,alpha,False,—,correct (5/5),0.05513513513513514,False,6442,526333.0
HP1504101T2D_N13,alpha,alpha,0.99972993,alpha,0.9999429,alpha,0.99990344,alpha,0.99985945,alpha,0.99995553,0,0.9998782500000001,alpha,False,—,correct (5/5),0.04380242311276794,False,4903,367925.0
HP1504101T2D_L8,alpha,alpha,0.99998224,alpha,0.9999939,alpha,0.9999989,alpha,0.9999956,alpha,0.99999857,0,0.999993842,alpha,False,—,correct (5/5),0.051975051975051964,False,5535,1.146899e+06
HP1504101T2D_L7,alpha,gamma,0.60450953,alpha,0.8482499,gamma,0.9695915,gamma,0.5972042,alpha,0.98512995,3,0.800937016,gamma,True,gamma,unstable error (1–3/5),0.11969111969111967,False,4916,624248.0
HP1504101T2D_M24,alpha,alpha,0.9999839,alpha,0.99998975,alpha,0.9999541,alpha,0.99998784,alpha,0.9998292,0,0.9999489579999998,alpha,False,—,correct (5/5),0.031660231660231665,False,5089,1.43142e+06
HP1504101T2D_G22,alpha,alpha,0.9999987,alpha,0.99999917,alpha,0.9999989,alpha,0.9999975,alpha,0.9999994,0,0.9999987340000001,alpha,False,—,correct (5/5),0.06633906633906633,False,7092,630684.0
HP1504101T2D_P17,alpha,alpha,0.9999968,alpha,0.99999905,alpha,0.99999905,alpha,0.99998796,alpha,0.9999975,0,0.9999960719999998,alpha,False,—,correct (5/5),0.04633204633204634,False,5329,804127.0
HP1504101T2D_G14,alpha,alpha,0.9999999,alpha,0.99998987,alpha,0.99999976,alpha,0.9999994,alpha,0.9999993,0,0.9999976460000001,alpha,False,—,correct (5/5),0.051975051975051964,False,5032,633998.0
HP1504101T2D_G10,alpha,alpha,0.9999989,alpha,0.9999993,alpha,0.9999994,alpha,0.999998,alpha,0.99999964,0,0.9999990480000001,alpha,False,—,correct (5/5),0.08108108108108107,False,5806,686902.0
HP1504101T2D_K12,alpha,alpha,0.9999876,alpha,0.99999666,alpha,0.9999993,alpha,0.9999993,alpha,0.99999905,0,0.9999963820000002,alpha,False,—,correct (5/5),0.07078507078507078,False,7128,443828.0
HP1504101T2D_G19,alpha,alpha,0.51580787,alpha,0.9996419,alpha,0.8446974,alpha,0.8572986,alpha,0.9950153,0,0.8424922140000002,gamma,True,—,correct (5/5),0.10990990990990991,False,5570,861275.0
HP1504101T2D_M2,alpha,alpha,1.0,alpha,0.9999999,alpha,1.0,alpha,0.99999917,alpha,1.0,0,0.999999814,alpha,False,—,correct (5/5),0.04144144144144144,False,4569,1.127046e+06
HP1504101T2D_M9,alpha,alpha,1.0,alpha,0.9999999,alpha,1.0,alpha,0.9999995,alpha,1.0,0,0.9999998800000001,alpha,False,—,correct (5/5),0.07078507078507078,False,5477,497083.0
HP1504101T2D_O14,alpha,alpha,1.0,alpha,1.0,alpha,0.99999833,alpha,0.9999999,alpha,0.9999989,0,0.9999994260000001,alpha,False,—,correct (5/5),0.04633204633204634,False,4965,811732.0
HP1504101T2D_P22,alpha,alpha,0.9999999,alpha,0.9999932,alpha,0.9999999,alpha,0.9999808,alpha,0.99999726,0,0.999994212,alpha,False,—,correct (5/5),0.08108108108108107,False,4969,780664.0
HP1504101T2D_M10,alpha,alpha,0.9999999,alpha,0.9999995,alpha,0.9999957,alpha,0.99999964,alpha,0.9999999,0,0.9999989279999999,alpha,False,—,correct (5/5),0.07567567567567568,False,5550,827826.0
HP1504101T2D_E3,alpha,alpha,0.9999963,alpha,0.9999858,alpha,0.99958175,alpha,0.99999213,alpha,0.99999475,0,0.999910146,alpha,False,—,correct (5/5),0.04633204633204634,False,3071,140357.0
HP1504101T2D_O22,alpha,gamma,0.828892,alpha,0.9820274,alpha,0.78913206,alpha,0.9140998,gamma,0.9830846,2,0.899447172,gamma,True,gamma,unstable error (1–3/5),0.07078507078507078,False,5466,1.466511e+06
HP1504101T2D_M5,alpha,alpha,1.0,alpha,0.99999976,alpha,0.9999994,alpha,0.99999976,alpha,1.0,0,0.9999997840000001,alpha,False,—,correct (5/5),0.04904904904904905,False,5281,841540.0
HP1504101T2D_B21,alpha,alpha,0.99987197,alpha,0.9993573,alpha,0.97666276,alpha,0.99886936,alpha,0.96149164,0,0.9872506059999999,alpha,False,—,correct (5/5),0.09379968203497614,False,5796,795698.0
HP1504101T2D_J7,alpha,alpha,0.99999833,alpha,0.99998426,alpha,0.99999917,alpha,0.9999813,alpha,0.9999964,0,0.999991892,alpha,False,—,correct (5/5),0.04380242311276794,False,5058,577508.0
HP1504101T2D_A6,alpha,alpha,1.0,alpha,0.99999976,alpha,0.9999999,alpha,0.9999999,alpha,1.0,0,0.9999999120000002,alpha,False,—,correct (5/5),0.030030030030030033,False,4727,1.300381e+06
HP1504101T2D_I8,alpha,alpha,1.0,alpha,0.99999964,alpha,1.0,alpha,0.9999999,alpha,0.9999999,0,0.999999888,alpha,False,—,correct (5/5),0.04633204633204634,False,5343,708300.0
HP1504101T2D_P21,alpha,alpha,0.54349655,alpha,0.98796403,alpha,0.63615006,alpha,0.9969277,alpha,0.9904169,0,0.8309910479999999,alpha,False,—,correct (5/5),0.0870870870870871,False,4928,1.122237e+06
HP1504101T2D_A12,alpha,alpha,1.0,alpha,0.99999976,alpha,0.9999999,alpha,0.99999976,alpha,0.99999964,0,0.9999998120000001,alpha,False,—,correct (5/5),0.02848794740686632,False,5053,1.064587e+06
HP1504101T2D_O9,alpha,alpha,0.99998546,alpha,0.99999464,alpha,0.9999994,alpha,0.99996686,alpha,0.99999905,0,0.9999890820000001,alpha,False,—,correct (5/5),0.012474012474012476,False,5381,426079.0
HP1504101T2D_N1,alpha,alpha,0.99996984,alpha,0.99999356,alpha,0.9999994,alpha,0.9999776,alpha,0.999997,0,0.99998748,alpha,False,—,correct (5/5),0.04904904904904905,False,5039,634279.0
HP1504101T2D_I23,alpha,alpha,0.9984127,alpha,0.99670815,alpha,0.9376362,alpha,0.9981806,alpha,0.99974316,0,0.986136162,alpha,False,—,correct (5/5),0.04904904904904905,False,5575,885578.0
HP1504101T2D_L5,alpha,alpha,0.9999994,alpha,0.9999989,alpha,0.9999999,alpha,0.9999994,alpha,0.99999905,0,0.99999933,alpha,False,—,correct (5/5),0.06633906633906633,False,4602,358115.0
HP1504101T2D_O20,alpha,alpha,0.9999982,alpha,0.9999994,alpha,0.9999994,alpha,0.9999881,alpha,0.99999154,0,0.999995328,alpha,False,—,correct (5/5),0.04633204633204634,False,5127,952281.0
HP1504101T2D_B7,alpha,alpha,0.99999964,alpha,0.999969,alpha,0.9999964,alpha,0.9999933,alpha,0.9999919,0,0.9999900480000001,alpha,False,—,correct (5/5),0.04904904904904905,False,4468,407987.0
HP1504101T2D_N24,alpha,alpha,0.9999634,alpha,0.99999917,alpha,0.9999995,alpha,0.9999924,alpha,0.9999981,0,0.9999905139999999,alpha,False,—,correct (5/5),0.05855855855855858,False,5215,1.12022e+06
HP1504101T2D_H2,alpha,alpha,0.99999845,alpha,0.999992,alpha,0.99999976,alpha,0.9999727,alpha,0.99999964,0,0.9999925099999999,alpha,False,—,correct (5/5),0.06633906633906633,False,4996,703735.0
HP1504101T2D_N22,alpha,alpha,0.99997306,alpha,0.99999857,alpha,0.9999989,alpha,0.9999957,alpha,0.99999857,0,0.9999929599999999,alpha,False,—,correct (5/5),0.05855855855855858,False,4936,1.12462e+06
HP1504101T2D_E22,alpha,alpha,0.99999666,alpha,0.99998534,alpha,0.99996734,alpha,0.9999945,alpha,0.9999993,0,0.999988628,alpha,False,—,correct (5/5),0.06227967097532316,False,5073,1.121202e+06
HP1504101T2D_C20,alpha,alpha,0.99981385,alpha,0.9960198,alpha,0.99989855,alpha,0.9998673,alpha,0.99985015,0,0.99908993,alpha,False,—,correct (5/5),0.04633204633204634,False,5752,1.057666e+06
HP1504101T2D_H17,alpha,alpha,0.9989569,macrophage,0.8520693,alpha,0.9918499,gamma,0.6483183,alpha,0.98656917,2,0.8955527140000001,alpha,False,gamma,unstable error (1–3/5),0.07567567567567568,False,5756,856450.0
HP1504101T2D_L4,alpha,alpha,0.9935522,alpha,0.99884295,alpha,0.9997429,alpha,0.9999317,alpha,0.99800044,0,0.998014038,alpha,False,—,correct (5/5),0.04633204633204634,False,4688,627354.0
HP1504101T2D_P7,alpha,alpha,0.9999995,alpha,0.9999981,alpha,0.9999945,alpha,0.9999982,alpha,0.9999976,0,0.9999975799999999,alpha,False,—,correct (5/5),0.08108108108108107,False,5076,788388.0
HP1504101T2D_O10,alpha,alpha,0.99998677,alpha,0.9998246,alpha,0.99999774,alpha,0.99995756,alpha,0.9999902,0,0.9999513740000001,alpha,False,—,correct (5/5),0.033386327503974564,False,4952,903792.0
HP1504101T2D_K20,alpha,alpha,0.9999999,alpha,0.99999964,alpha,0.9999999,alpha,1.0,alpha,0.99999845,0,0.9999995780000001,alpha,False,—,correct (5/5),0.04904904904904905,False,5796,908412.0
HP1504101T2D_I22,alpha,alpha,0.9999999,alpha,0.9999988,alpha,0.9999994,alpha,0.99999404,alpha,0.9999993,0,0.9999982879999999,alpha,False,—,correct (5/5),0.0870870870870871,False,5305,1.196518e+06
HP1504101T2D_H4,alpha,alpha,0.9999964,alpha,0.9977701,alpha,0.9999889,alpha,0.99994445,alpha,0.9999769,0,0.99953535,alpha,False,—,correct (5/5),0.04144144144144144,False,3892,407122.0
HP1504101T2D_K17,alpha,alpha,0.99999976,alpha,0.9999995,alpha,0.99999976,alpha,0.9999994,alpha,0.99999976,0,0.9999996360000001,alpha,False,—,correct (5/5),0.05855855855855858,False,5500,848963.0
HP1504101T2D_L10,alpha,alpha,0.9999999,alpha,0.99999833,alpha,0.99999964,alpha,0.9999995,alpha,0.9999999,0,0.9999994539999999,alpha,False,—,correct (5/5),0.04633204633204634,False,5137,1.14211e+06
HP1504101T2D_H21,alpha,alpha,0.680939,alpha,0.9861573,alpha,0.9363408,alpha,0.9980274,alpha,0.9766297,0,0.9156188399999999,alpha,False,—,correct (5/5),0.07078507078507078,False,5225,807162.0
HP1504101T2D_O3,alpha,alpha,0.9999939,alpha,0.9999839,alpha,0.9999993,alpha,0.99999976,alpha,0.9999988,0,0.9999951319999999,alpha,False,—,correct (5/5),0.02432432432432433,False,4987,788976.0
HP1504101T2D_N2,alpha,alpha,0.99929655,alpha,0.99998534,alpha,0.99999964,alpha,0.99998856,alpha,0.9999944,0,0.999852898,alpha,False,—,correct (5/5),0.06633906633906633,False,4692,341724.0
HP1504101T2D_J20,alpha,alpha,0.99998546,alpha,0.9958072,alpha,0.99774206,alpha,0.99996793,alpha,0.99958545,0,0.9986176199999999,alpha,False,—,correct (5/5),0.05513513513513514,False,6192,1.065038e+06
HP1504101T2D_L3,alpha,alpha,0.9998909,alpha,0.9999982,alpha,0.9999982,alpha,0.999997,alpha,0.99998236,0,0.9999733319999999,alpha,False,—,correct (5/5),0.06227967097532316,False,4894,671786.0
HP1504101T2D_P11,alpha,alpha,0.99999976,alpha,0.9999933,alpha,0.99999964,alpha,0.99999917,alpha,0.99999905,0,0.9999981840000001,alpha,False,—,correct (5/5),0.03716216216216217,False,5063,841019.0
HP1504101T2D_F3,alpha,alpha,0.99951506,alpha,0.99996006,alpha,0.9995925,alpha,0.99984694,alpha,0.99993753,0,0.999770418,alpha,False,—,correct (5/5),0.07078507078507078,False,4852,435000.0
HP1504101T2D_J1,alpha,alpha,0.99999654,alpha,0.99999285,alpha,0.9984193,alpha,0.99984884,alpha,0.99981385,0,0.999614276,alpha,False,—,correct (5/5),0.04380242311276794,False,4676,591581.0
HP1504101T2D_N8,alpha,alpha,0.99999917,alpha,0.9999999,alpha,0.9999957,alpha,0.9999931,alpha,0.9999999,0,0.9999975539999999,alpha,False,—,correct (5/5),0.05513513513513514,False,5490,1.204911e+06
HP1504101T2D_G23,alpha,gamma,0.50085306,alpha,0.9438834,gamma,0.7586086,gamma,0.63820016,alpha,0.98687047,3,0.7656831380000001,alpha,False,gamma,unstable error (1–3/5),0.04144144144144144,False,5112,929527.0
HP1504101T2D_N6,alpha,alpha,0.9999912,alpha,0.99996734,alpha,0.9999995,alpha,0.9999087,alpha,0.9995059,0,0.999874528,alpha,False,—,correct (5/5),0.08108108108108107,False,5517,1.024354e+06
HP1504101T2D_H22,alpha,alpha,0.99999976,alpha,0.9999999,alpha,0.99999774,alpha,0.99999917,alpha,0.99999976,0,0.999999266,alpha,False,—,correct (5/5),0.06227967097532316,False,5383,765118.0
HP1504101T2D_B13,alpha,alpha,0.99999654,alpha,0.99999845,alpha,0.99994266,alpha,0.9999949,alpha,0.9999962,0,0.9999857500000001,alpha,False,—,correct (5/5),0.04380242311276794,False,4530,671155.0
HP1504101T2D_F19,alpha,alpha,0.9999999,alpha,0.9999995,alpha,1.0,alpha,0.9999999,alpha,1.0,0,0.9999998600000002,alpha,False,—,correct (5/5),0.03923278116826505,False,4979,1.389921e+06
HP1504101T2D_F24,alpha,epsilon,0.56828815,alpha,0.9201297,alpha,0.984065,mast,0.8251746,alpha,0.99754333,2,0.859040156,alpha,False,epsilon,unstable error (1–3/5),0.01031941031941032,False,2348,117326.0
HP1504101T2D_A8,alpha,alpha,0.99594116,alpha,0.99904186,alpha,0.873548,alpha,0.99736917,alpha,0.9997106,0,0.973122158,alpha,False,—,correct (5/5),0.04380242311276794,False,5458,852813.0
HP1504101T2D_H15,alpha,alpha,0.9998833,alpha,0.99999917,alpha,0.99999714,alpha,0.99999404,alpha,0.9999969,0,0.9999741100000001,alpha,False,—,correct (5/5),0.07567567567567568,False,4798,440506.0
HP1504101T2D_M23,alpha,alpha,1.0,alpha,0.99999964,alpha,0.9999999,alpha,0.9999999,alpha,0.9999999,0,0.9999998680000001,alpha,False,—,correct (5/5),0.10990990990990991,False,5750,1.198287e+06
HP1504101T2D_J24,alpha,alpha,0.9999974,alpha,0.9998259,alpha,0.99999976,alpha,0.9999912,alpha,0.99998426,0,0.9999597039999999,alpha,False,—,correct (5/5),0.04144144144144144,False,5335,1.403478e+06
HP1504101T2D_D5,alpha,alpha,0.99996257,alpha,0.99999154,alpha,0.99999964,alpha,0.99997795,alpha,0.9999964,0,0.99998562,alpha,False,—,correct (5/5),0.06227967097532316,False,4877,885021.0
HP1504101T2D_L18,alpha,alpha,0.9999995,alpha,0.99999905,alpha,0.99999976,alpha,0.99999547,alpha,0.9999994,0,0.9999986359999999,alpha,False,—,correct (5/5),0.04633204633204634,False,4664,1.008788e+06
HP1504101T2D_K18,alpha,alpha,0.9999988,alpha,0.9999974,alpha,0.99999976,alpha,0.99999976,alpha,0.9999993,0,0.999999004,alpha,False,—,correct (5/5),0.05513513513513514,False,5745,823240.0
HP1504101T2D_P18,alpha,alpha,0.99980575,alpha,0.99999785,alpha,0.9999647,alpha,0.9999676,alpha,0.9999968,0,0.99994654,alpha,False,—,correct (5/5),0.06227967097532316,False,5209,1.290908e+06
HP1504101T2D_L19,alpha,alpha,0.9999995,alpha,0.9999347,alpha,0.9999641,alpha,0.99999857,alpha,0.999997,0,0.9999787739999999,alpha,False,—,correct (5/5),0.0870870870870871,False,4503,590676.0
HP1504101T2D_N5,alpha,alpha,0.99998033,alpha,0.99997354,alpha,0.9999981,alpha,0.9998921,alpha,0.99955684,0,0.9998801820000001,alpha,False,—,correct (5/5),0.051975051975051964,False,4663,717936.0
HP1504101T2D_A23,alpha,alpha,0.99999213,alpha,0.99983716,alpha,0.9999901,alpha,0.99998176,alpha,0.9999765,0,0.9999555299999999,alpha,False,—,correct (5/5),0.051975051975051964,False,5547,603839.0
HP1504101T2D_D6,alpha,alpha,0.9999995,alpha,0.9999999,alpha,0.9999975,alpha,0.99999654,alpha,0.99999595,0,0.9999978780000001,alpha,False,—,correct (5/5),0.04904904904904905,False,4945,645099.0
HP1504901_D15,alpha,alpha,0.99231297,alpha,0.9615213,alpha,0.99949586,alpha,0.98975664,alpha,0.999908,0,0.9885989540000001,alpha,False,—,correct (5/5),0.017626321974148065,False,2934,325393.0
HP1504901_B15,alpha,alpha,0.9999888,alpha,0.9999995,alpha,0.9999529,alpha,0.9999924,alpha,0.99998105,0,0.99998293,alpha,False,—,correct (5/5),0.031660231660231665,False,3513,237213.0
HP1504901_B3,alpha,alpha,0.9871085,alpha,0.9998549,alpha,0.9974942,alpha,0.99989414,alpha,0.9996823,0,0.996806808,alpha,False,—,correct (5/5),0.018618618618618618,False,3548,262931.0
HP1504901_N2,alpha,alpha,0.99867505,alpha,0.99816614,alpha,0.9993488,alpha,0.999884,alpha,0.99991024,0,0.999196846,alpha,False,—,correct (5/5),0.033386327503974564,False,3583,216213.0
HP1504901_H12,alpha,alpha,1.0,alpha,1.0,alpha,0.99999976,alpha,0.9999918,alpha,1.0,0,0.999998312,alpha,False,—,correct (5/5),0.025641025641025644,False,3543,394410.0
HP1504901_D12,alpha,alpha,0.99991846,alpha,0.99998283,alpha,0.99990284,alpha,0.9999566,alpha,0.99979776,0,0.999911698,alpha,False,—,correct (5/5),0.025641025641025644,False,4681,290480.0
HP1504901_F12,alpha,alpha,0.99998736,alpha,0.9999889,alpha,0.9997601,alpha,0.99999523,alpha,0.9999918,0,0.999944678,alpha,False,—,correct (5/5),0.023071852340145027,False,2420,388870.0
HP1504901_H10,alpha,alpha,0.9999993,alpha,0.9999975,alpha,0.99997854,alpha,0.9999764,alpha,0.9999993,0,0.999990208,alpha,False,—,correct (5/5),0.03521703521703521,False,4012,190705.0
HP1504901_O7,alpha,alpha,0.9999578,alpha,0.99999523,alpha,0.9999932,alpha,0.9999933,alpha,0.9999956,0,0.999987026,alpha,False,—,correct (5/5),0.033386327503974564,False,4133,316356.0
HP1504901_K12,alpha,alpha,0.9999732,alpha,0.9999912,alpha,0.999925,alpha,0.9999459,alpha,0.99999,0,0.9999650600000001,alpha,False,—,correct (5/5),0.031660231660231665,False,3539,142321.0
HP1504901_J8,alpha,alpha,0.9988715,alpha,0.9903476,alpha,0.990346,alpha,0.9997012,alpha,0.9992318,0,0.9956996200000001,alpha,False,—,correct (5/5),0.027027027027027025,False,3735,358238.0
HP1504901_C11,alpha,epsilon,0.982312,alpha,0.99991643,alpha,0.9974293,alpha,0.99630225,alpha,0.99977404,1,0.995146804,alpha,False,epsilon,unstable error (1–3/5),0.030030030030030033,False,3633,274126.0
HP1504901_B16,alpha,alpha,0.99999475,alpha,0.99999976,alpha,0.99996877,alpha,0.99998915,alpha,0.99977416,0,0.9999453180000002,alpha,False,—,correct (5/5),0.02848794740686632,False,3008,493757.0
HP1504901_F6,alpha,alpha,0.99999964,alpha,0.99999905,alpha,0.9999958,alpha,0.9999827,alpha,0.99999917,0,0.9999952719999999,alpha,False,—,correct (5/5),0.02848794740686632,False,3460,413564.0
HP1504901_P10,alpha,alpha,0.9998584,alpha,0.9999348,alpha,0.9995053,alpha,0.9999312,alpha,0.99991727,0,0.999829394,alpha,False,—,correct (5/5),0.030030030030030033,False,4174,457513.0
HP1504901_D16,alpha,alpha,0.9889227,alpha,0.99960774,alpha,0.9983107,alpha,0.9995844,alpha,0.99644643,0,0.9965743939999999,alpha,False,—,correct (5/5),0.031660231660231665,False,3634,382867.0
HP1504901_M3,alpha,alpha,0.9998814,alpha,0.99999607,alpha,0.99995184,alpha,0.99999285,alpha,0.99999404,0,0.9999632399999999,alpha,False,—,correct (5/5),0.02848794740686632,False,3895,175242.0
HP1504901_D23,alpha,alpha,0.9999925,alpha,0.9999546,alpha,0.9989893,alpha,0.9998797,alpha,0.99999106,0,0.999761432,alpha,False,—,correct (5/5),0.03923278116826505,False,3727,509948.0
HP1504901_B13,alpha,beta,0.97311866,beta,0.7722825,beta,0.9992787,beta,0.9073937,beta,0.93561375,5,0.9175374620000001,beta,True,beta,stable error (≥4/5),0.033386327503974564,False,3779,456342.0
HP1504901_H4,alpha,alpha,0.99999976,alpha,0.9999999,alpha,0.99999714,alpha,0.9999994,alpha,0.99999976,0,0.999999192,alpha,False,—,correct (5/5),0.030030030030030033,False,3618,480136.0
HP1504901_B1,alpha,alpha,0.9995622,alpha,0.9996811,alpha,0.9997205,alpha,0.9999683,alpha,0.9999826,0,0.99978294,alpha,False,—,correct (5/5),0.020741671904462605,False,2998,168414.0
HP1504901_G9,alpha,alpha,0.9969331,alpha,0.9999217,alpha,0.9976012,alpha,0.99946386,alpha,0.9992937,0,0.998642712,alpha,False,—,correct (5/5),0.04904904904904905,False,3736,514488.0
HP1504901_E24,alpha,alpha,0.99999785,alpha,0.99999356,alpha,0.9999727,alpha,0.9999958,alpha,0.9999958,0,0.9999911419999998,alpha,False,—,correct (5/5),0.027027027027027025,False,4462,391702.0
HP1504901_A14,alpha,alpha,0.9999838,alpha,0.9999783,alpha,0.99997973,alpha,0.9999869,alpha,0.9999989,0,0.999985526,alpha,False,—,correct (5/5),0.021879021879021885,False,2446,300640.0
HP1504901_O9,alpha,alpha,0.9999809,alpha,0.9999993,alpha,0.99997294,alpha,0.9999428,alpha,0.9999895,0,0.999977088,alpha,False,—,correct (5/5),0.027027027027027025,False,3456,511437.0
HP1504901_G3,alpha,alpha,0.99999905,alpha,0.99999833,alpha,0.99998915,alpha,0.99989235,alpha,0.99999666,0,0.9999751080000001,alpha,False,—,correct (5/5),0.02848794740686632,False,3458,254827.0
HP1504901_F5,alpha,alpha,0.99999845,alpha,0.9999993,alpha,0.9999989,alpha,0.9999993,alpha,0.99999964,0,0.9999991179999999,alpha,False,—,correct (5/5),0.02432432432432433,False,3573,536080.0
HP1504901_K1,alpha,alpha,0.9866614,alpha,0.9796438,alpha,0.99870825,alpha,0.9997863,alpha,0.9999956,0,0.99295907,alpha,False,—,correct (5/5),0.03521703521703521,False,2912,55656.0
HP1504901_C16,alpha,alpha,0.9989785,alpha,0.8112057,alpha,0.9993661,alpha,0.99995005,alpha,0.9999902,0,0.9618981100000001,alpha,False,—,correct (5/5),0.020741671904462605,False,3001,447229.0
HP1504901_H11,alpha,alpha,0.99998164,alpha,0.99998176,alpha,0.99999475,alpha,0.99997985,alpha,0.99998796,0,0.9999851919999999,alpha,False,—,correct (5/5),0.021879021879021885,False,3338,344073.0
HP1504901_I24,alpha,alpha,0.99987006,alpha,0.9999926,alpha,0.99993646,alpha,0.9999746,alpha,0.99999106,0,0.9999529560000001,alpha,False,—,correct (5/5),0.019656019656019656,False,2941,191451.0
HP1504901_E18,alpha,alpha,0.99998903,alpha,0.99998593,alpha,0.9999734,alpha,0.9999635,alpha,0.9999914,0,0.999980652,alpha,False,—,correct (5/5),0.02432432432432433,False,3347,501626.0
HP1504901_H6,alpha,alpha,0.99999607,alpha,0.9999999,alpha,0.99999475,alpha,0.99996066,alpha,0.9999994,0,0.999990156,alpha,False,—,correct (5/5),0.027027027027027025,False,3230,165540.0
HP1504901_J17,alpha,alpha,0.9999937,alpha,0.999997,alpha,0.9999833,alpha,0.9999957,alpha,0.99999964,0,0.999993868,alpha,False,—,correct (5/5),0.025641025641025644,False,3570,492181.0
HP1504901_N1,alpha,alpha,0.74634755,quiescent_stellate,0.5234371,alpha,0.9996947,alpha,0.99944264,alpha,0.9989681,1,0.853578018,alpha,False,quiescent_stellate,unstable error (1–3/5),0.031660231660231665,False,3491,183905.0
HP1504901_D22,alpha,alpha,0.9997646,alpha,0.99899024,alpha,0.99981755,alpha,0.9990982,alpha,0.99999154,0,0.999532426,alpha,False,—,correct (5/5),0.033386327503974564,False,2764,617435.0
HP1504901_N22,alpha,alpha,0.99999964,alpha,0.99999607,alpha,0.9999889,alpha,0.99999845,alpha,0.9999982,0,0.9999962520000001,alpha,False,—,correct (5/5),0.03716216216216217,False,4003,732189.0
HP1504901_J20,alpha,alpha,0.9993563,alpha,0.98959863,alpha,0.99989295,alpha,0.9998355,alpha,0.9999738,0,0.9977314359999999,alpha,False,—,correct (5/5),0.02432432432432433,False,3838,624272.0
HP1504901_J23,alpha,alpha,0.98744863,alpha,0.99924374,alpha,0.99350584,alpha,0.9934656,alpha,0.9994734,0,0.994627442,alpha,False,—,correct (5/5),0.027027027027027025,False,4102,479550.0
HP1504901_F19,alpha,alpha,0.9991623,alpha,0.9999969,alpha,0.9999306,alpha,0.99997044,alpha,0.99999666,0,0.9998113799999999,alpha,False,—,correct (5/5),0.018618618618618618,False,3439,488074.0
HP1504901_G2,alpha,alpha,0.9999008,alpha,0.9999417,alpha,0.9972357,alpha,0.999977,alpha,0.99997413,0,0.999405866,alpha,False,—,correct (5/5),0.02848794740686632,False,4322,383727.0
HP1504901_N16,alpha,alpha,0.99969816,alpha,0.99998236,alpha,0.9998115,alpha,0.9999608,alpha,0.9999993,0,0.9998904239999999,alpha,False,—,correct (5/5),0.027027027027027025,False,4070,418600.0
HP1504901_F24,alpha,alpha,0.9990237,alpha,0.98980695,alpha,0.88895965,alpha,0.9995735,alpha,0.9981263,0,0.9750980200000001,alpha,False,—,correct (5/5),0.027027027027027025,False,3821,397949.0
HP1504901_O17,alpha,alpha,0.99999774,alpha,0.9999987,alpha,0.99999046,alpha,0.99999726,alpha,0.99999964,0,0.9999967599999998,alpha,False,—,correct (5/5),0.02848794740686632,False,3582,359924.0
HP1504901_A19,alpha,alpha,0.9999994,alpha,0.9999918,alpha,0.9999957,alpha,0.99999154,alpha,0.99999917,0,0.9999955220000001,alpha,False,—,correct (5/5),0.020741671904462605,False,2975,385008.0
HP1504901_D5,alpha,alpha,0.99997056,alpha,0.9999877,alpha,0.99998844,alpha,0.9999827,alpha,0.99999774,0,0.9999854280000001,alpha,False,—,correct (5/5),0.02432432432432433,False,3428,374713.0
HP1504901_D1,alpha,gamma,0.9481682,gamma,0.7034048,gamma,0.5878543,gamma,0.92781526,gamma,0.8904435,5,0.811537212,gamma,True,gamma,stable error (≥4/5),0.04633204633204634,False,2935,140071.0
HP1504901_N12,alpha,alpha,0.99983454,alpha,0.995235,alpha,0.99925345,alpha,0.997408,alpha,0.9998154,0,0.998309278,alpha,False,—,correct (5/5),0.019656019656019656,False,2577,375422.0
HP1504901_H8,alpha,alpha,0.9999994,alpha,0.99999344,alpha,0.9999995,alpha,0.99997854,alpha,0.9999999,0,0.999994156,alpha,False,—,correct (5/5),0.02432432432432433,False,2724,559992.0
HP1504901_M24,alpha,alpha,0.999933,alpha,0.9997917,alpha,0.9999552,alpha,0.9999908,alpha,0.99998593,0,0.9999313259999999,alpha,False,—,correct (5/5),0.02848794740686632,False,4595,337866.0
HP1504901_O10,alpha,alpha,0.9999976,alpha,0.9999958,alpha,0.9999958,alpha,0.99999464,alpha,0.9999989,0,0.999996548,alpha,False,—,correct (5/5),0.031660231660231665,False,3647,443545.0
HP1504901_B18,alpha,alpha,0.9999989,alpha,0.9999994,alpha,0.99998736,alpha,0.99999607,alpha,0.9999989,0,0.9999961259999999,alpha,False,—,correct (5/5),0.021879021879021885,False,3651,736727.0
HP1504901_F9,alpha,alpha,0.9999994,alpha,0.9999956,alpha,0.99999607,alpha,0.99999714,alpha,0.99999964,0,0.99999757,alpha,False,—,correct (5/5),0.03521703521703521,False,3690,502619.0
HP1504901_F20,alpha,alpha,0.99999213,alpha,0.9999995,alpha,0.9999933,alpha,0.9999962,alpha,0.9999995,0,0.9999961260000001,alpha,False,—,correct (5/5),0.025641025641025644,False,3542,661756.0
HP1504901_O6,alpha,alpha,0.9999509,alpha,0.9999819,alpha,0.99997723,alpha,0.9999684,alpha,0.99999475,0,0.9999746359999999,alpha,False,—,correct (5/5),0.020741671904462605,False,3429,365684.0
HP1504901_J19,alpha,alpha,0.985344,alpha,0.6223748,alpha,0.9982298,alpha,0.9425716,alpha,0.9999026,0,0.90968456,alpha,False,—,correct (5/5),0.019656019656019656,False,2401,105574.0
HP1504901_L13,alpha,alpha,0.9968924,alpha,0.9998411,alpha,0.9999385,alpha,0.99988806,alpha,0.9999926,0,0.999310532,alpha,False,—,correct (5/5),0.020741671904462605,False,2733,319398.0
HP1504901_G13,alpha,alpha,0.9999862,alpha,0.9999937,alpha,0.9999424,alpha,0.9999784,alpha,0.9999975,0,0.9999796400000001,alpha,False,—,correct (5/5),0.025641025641025644,False,2956,393001.0
HP1504901_J22,alpha,alpha,0.9999989,alpha,0.99999976,alpha,0.9999969,alpha,0.9999918,alpha,0.9999975,0,0.9999969720000002,alpha,False,—,correct (5/5),0.04144144144144144,False,3976,847282.0
HP1504901_L14,alpha,alpha,0.99967766,alpha,0.99936384,alpha,0.9996817,alpha,0.99976724,alpha,0.99988866,0,0.99967582,alpha,False,—,correct (5/5),0.027027027027027025,False,3511,352542.0
HP1504901_A2,alpha,alpha,0.9999995,alpha,0.99997246,alpha,0.999992,alpha,0.9999876,alpha,0.9999976,0,0.999989832,alpha,False,—,correct (5/5),0.021879021879021885,False,3744,334899.0
HP1504901_N17,alpha,alpha,0.9994042,alpha,0.99976844,alpha,0.9995834,alpha,0.9999919,alpha,0.99995494,0,0.999740576,alpha,False,—,correct (5/5),0.03521703521703521,False,5146,291070.0
HP1504901_I3,alpha,alpha,0.6985652,alpha,0.99954236,alpha,0.9998846,alpha,0.99926144,alpha,0.99974865,0,0.9394004499999999,alpha,False,—,correct (5/5),0.020741671904462605,False,3638,301746.0
HP1504901_A9,alpha,alpha,0.99999654,alpha,0.99999547,alpha,0.9999819,alpha,0.9999902,alpha,0.99999905,0,0.999992632,alpha,False,—,correct (5/5),0.027027027027027025,False,3357,199867.0
HP1504901_I21,alpha,alpha,0.9999883,alpha,0.9999902,alpha,0.99997044,alpha,0.9999945,alpha,0.9999999,0,0.9999886680000001,alpha,False,—,correct (5/5),0.014892443463872035,False,3278,463646.0
HP1504901_G6,alpha,alpha,0.99998677,alpha,0.9999964,alpha,0.99998236,alpha,0.9999651,alpha,0.99999,0,0.999984126,alpha,False,—,correct (5/5),0.018618618618618618,False,2634,177230.0
HP1504901_O16,alpha,alpha,0.9995147,alpha,0.999998,alpha,0.99998677,alpha,0.99998283,alpha,0.9999968,0,0.9998958200000001,alpha,False,—,correct (5/5),0.021879021879021885,False,3592,525406.0
HP1504901_E14,alpha,alpha,0.9990808,alpha,0.9999908,alpha,0.9999225,alpha,0.9999925,alpha,0.9999982,0,0.99979696,alpha,False,—,correct (5/5),0.025641025641025644,False,3029,535402.0
HP1504901_D17,alpha,alpha,0.7316708,alpha,0.9833633,alpha,0.99998426,alpha,0.9999578,alpha,0.9998702,0,0.942969272,alpha,False,—,correct (5/5),0.023071852340145027,False,3713,305410.0
HP1504901_K6,alpha,alpha,0.9999932,alpha,0.99993694,alpha,0.99999106,alpha,0.99998486,alpha,0.9999881,0,0.999978832,alpha,False,—,correct (5/5),0.023071852340145027,False,3092,340352.0
HP1504901_D2,alpha,alpha,0.99998546,alpha,0.99997735,alpha,0.9999857,alpha,0.99996865,alpha,0.999997,0,0.9999828319999999,alpha,False,—,correct (5/5),0.025641025641025644,False,4093,448093.0
HP1504901_J6,alpha,alpha,0.99772185,alpha,0.9996137,alpha,0.9997788,alpha,0.9998735,alpha,0.99999213,0,0.999395996,alpha,False,—,correct (5/5),0.030030030030030033,False,3399,425129.0
HP1504901_I2,alpha,alpha,0.9992505,alpha,0.9999944,alpha,0.9998253,alpha,0.9998497,alpha,0.99984074,0,0.9997521279999999,alpha,False,—,correct (5/5),0.031660231660231665,False,3377,299032.0
HP1504901_D14,alpha,alpha,0.9999417,alpha,0.99997044,alpha,0.9999902,alpha,0.9999912,alpha,0.9999989,0,0.999978488,alpha,False,—,correct (5/5),0.03521703521703521,False,3696,312931.0
HP1504901_M18,alpha,alpha,0.9977464,alpha,0.99973124,alpha,0.9996544,alpha,0.9997805,alpha,0.99999654,0,0.999381816,alpha,False,—,correct (5/5),0.025641025641025644,False,3949,610064.0
HP1504901_F4,alpha,alpha,0.9999999,alpha,0.9999999,alpha,0.9999925,alpha,0.9999987,alpha,0.9999999,0,0.9999981800000001,alpha,False,—,correct (5/5),0.030030030030030033,False,4351,538848.0
HP1504901_H1,alpha,alpha,0.9999896,alpha,0.99879694,alpha,0.9999963,alpha,0.9999962,alpha,0.9999968,0,0.9997551680000001,alpha,False,—,correct (5/5),0.014892443463872035,False,2590,196893.0
HP1504901_K5,alpha,alpha,0.76197237,alpha,0.9925351,alpha,0.948497,alpha,0.9777399,alpha,0.9986749,0,0.9358838540000001,alpha,False,—,correct (5/5),0.033386327503974564,False,3887,399223.0
HP1504901_F10,alpha,alpha,0.9999994,alpha,0.99999917,alpha,0.9999938,alpha,0.999987,alpha,0.99999857,0,0.999995588,alpha,False,—,correct (5/5),0.03923278116826505,False,2953,556476.0
HP1504901_G15,alpha,alpha,0.99999785,alpha,0.9980654,alpha,0.9999931,alpha,0.996167,alpha,0.9999238,0,0.99882943,alpha,False,—,correct (5/5),0.025641025641025644,False,2790,370064.0
HP1504901_N19,alpha,alpha,0.9999949,alpha,0.99998724,alpha,0.99996424,alpha,0.9999263,alpha,0.99999607,0,0.99997375,alpha,False,—,correct (5/5),0.025641025641025644,False,3974,359165.0
HP1504901_I8,alpha,alpha,0.999987,alpha,0.9999951,alpha,0.9999794,alpha,0.99999654,alpha,0.99999106,0,0.99998982,alpha,False,—,correct (5/5),0.025641025641025644,False,5153,473671.0
HP1504901_B21,alpha,alpha,0.9999589,alpha,0.9999912,alpha,0.9999411,alpha,0.9999788,alpha,0.9999856,0,0.99997112,alpha,False,—,correct (5/5),0.03521703521703521,False,4117,409556.0
HP1504901_N7,alpha,alpha,0.9999728,alpha,0.99973947,alpha,0.999982,alpha,0.9999168,alpha,0.99999774,0,0.9999217619999999,alpha,False,—,correct (5/5),0.031660231660231665,False,3418,153074.0
HP1504901_D21,alpha,alpha,0.99999,alpha,0.99999726,alpha,0.9999746,alpha,0.99993014,alpha,0.9999974,0,0.99997788,alpha,False,—,correct (5/5),0.02432432432432433,False,3434,432295.0
HP1504901_G19,alpha,alpha,0.9999964,alpha,0.9999715,alpha,0.99992144,alpha,0.99986506,alpha,0.9999691,0,0.9999447,alpha,False,—,correct (5/5),0.025641025641025644,False,2830,498608.0
HP1504901_B2,alpha,alpha,0.9995751,alpha,0.9999975,alpha,0.99991775,alpha,0.9999969,alpha,0.9999826,0,0.9998939700000001,alpha,False,—,correct (5/5),0.023071852340145027,False,3855,390583.0
HP1504901_F3,alpha,alpha,0.99880576,alpha,0.99978477,alpha,0.9813995,alpha,0.9994708,alpha,0.9999267,0,0.9958775059999999,alpha,False,—,correct (5/5),0.021879021879021885,False,3183,274992.0
HP1506401_G3,alpha,alpha,0.9621363,alpha,0.97936475,alpha,0.9831147,gamma,0.5699427,gamma,0.9191567,2,0.88274303,alpha,False,gamma,unstable error (1–3/5),0.10990990990990991,False,6134,46022.0
HP1506401_G1,alpha,alpha,0.99999785,alpha,0.9999641,alpha,0.99999714,alpha,0.99999976,alpha,0.9999809,0,0.9999879500000001,alpha,False,—,correct (5/5),0.016676250718803912,False,6833,159876.0
HP1506401_K12,alpha,alpha,0.9983889,alpha,0.9998888,alpha,0.9998951,alpha,0.999833,alpha,0.99981326,0,0.9995638119999999,alpha,False,—,correct (5/5),0.051975051975051964,False,6110,90428.0
HP1506401_F13,alpha,alpha,0.99983096,alpha,0.99967504,alpha,0.99915063,alpha,0.99986064,alpha,0.99937385,0,0.9995782240000001,alpha,False,—,correct (5/5),0.04380242311276794,False,6561,81933.0
HP1506401_L7,alpha,acinar,0.9999958,acinar,0.99832135,acinar,0.9999987,acinar,0.9999976,acinar,0.999099,5,0.9994824899999999,acinar,True,acinar,stable error (≥4/5),0.06633906633906633,False,6931,66017.0
HP1506401_J18,alpha,alpha,0.9443845,alpha,0.8999728,alpha,0.6685291,alpha,0.40797475,epsilon,0.50026596,1,0.6842254220000001,alpha,False,epsilon,unstable error (1–3/5),0.020741671904462605,False,3792,20073.0
HP1506401_O24,alpha,acinar,0.99999774,acinar,0.99994624,acinar,0.9999962,acinar,0.99999774,acinar,0.99999785,5,0.9999871539999999,acinar,True,acinar,stable error (≥4/5),0.05855855855855858,False,9701,843825.0
HP1506401_A5,alpha,alpha,0.99995923,alpha,0.9999106,alpha,0.99980754,alpha,0.99998033,alpha,0.9999491,0,0.9999213600000001,alpha,False,—,correct (5/5),0.019656019656019656,False,6481,101284.0
HP1506401_E15,alpha,alpha,0.9999968,alpha,0.99997807,alpha,0.99999905,alpha,0.9999989,alpha,0.99994683,0,0.99998393,alpha,False,—,correct (5/5),0.016676250718803912,False,7599,372420.0
HP1506401_N4,alpha,alpha,0.9996642,alpha,0.98049957,alpha,0.99995506,alpha,0.9993125,alpha,0.99953914,0,0.9957940940000001,alpha,False,—,correct (5/5),0.02432432432432433,False,7464,590028.0
HP1506401_H14,alpha,alpha,0.9995821,alpha,0.999967,alpha,0.99995875,alpha,0.9999759,alpha,0.99733907,0,0.9993645640000001,alpha,False,—,correct (5/5),0.027027027027027025,False,7234,214427.0
HP1506401_O23,alpha,alpha,0.99992824,alpha,0.999995,alpha,0.99999595,alpha,0.9999969,alpha,0.99988306,0,0.9999598300000001,alpha,False,—,correct (5/5),0.014892443463872035,False,7223,169395.0
HP1506401_J4,alpha,alpha,0.9979144,alpha,0.993721,alpha,0.9878257,alpha,0.9235613,alpha,0.6433656,0,0.9092776,alpha,False,—,correct (5/5),0.014054054054054054,False,7667,122855.0
HP1506401_P19,alpha,alpha,0.99995255,alpha,0.99999154,alpha,0.9999846,alpha,0.9999976,alpha,0.99998736,0,0.9999827299999999,alpha,False,—,correct (5/5),0.019656019656019656,False,5760,47909.0
HP1506401_N19,alpha,alpha,0.71270186,quiescent_stellate,0.99153215,quiescent_stellate,0.96740925,ductal,0.5961862,gamma,0.9705198,4,0.8476698519999999,macrophage,True,quiescent_stellate,stable error (≥4/5),0.4864864864864872,True,6135,32306.0
HP1506401_A21,alpha,alpha,0.99997926,alpha,0.99998534,alpha,0.9999968,alpha,0.9999881,alpha,0.99975353,0,0.999940606,alpha,False,—,correct (5/5),0.018618618618618618,False,7800,546062.0
HP1506401_O3,alpha,alpha,0.9998951,alpha,0.999997,alpha,0.99999917,alpha,0.9999726,alpha,0.99980253,0,0.9999332799999999,alpha,False,—,correct (5/5),0.016676250718803912,False,6256,52186.0
HP1506401_H13,alpha,alpha,0.999992,alpha,0.9999958,alpha,0.9999974,alpha,0.99999654,alpha,0.99984753,0,0.999965854,alpha,False,—,correct (5/5),0.07567567567567568,False,7500,289783.0
HP1506401_C5,alpha,alpha,0.9999999,alpha,0.999998,alpha,0.9999994,alpha,0.99999964,alpha,0.9999974,0,0.9999988679999999,alpha,False,—,correct (5/5),0.031660231660231665,False,6725,1.000791e+06
HP1506401_P15,alpha,acinar,0.99993956,acinar,0.7425488,acinar,0.9992249,acinar,0.99993336,acinar,0.9594785,5,0.9402250240000001,acinar,True,acinar,stable error (≥4/5),0.09379968203497614,False,3020,12981.0
HP1506401_P3,alpha,alpha,0.99542964,alpha,0.9993079,alpha,0.99938834,alpha,0.9929958,alpha,0.9942846,0,0.996281256,alpha,False,—,correct (5/5),0.019656019656019656,False,7041,95474.0
HP1506401_I8,alpha,alpha,0.99998856,alpha,0.99994934,alpha,0.99999666,alpha,0.9999894,alpha,0.9999932,0,0.999983432,alpha,False,—,correct (5/5),0.025641025641025644,False,7181,185240.0
HP1506401_G5,alpha,alpha,0.9999882,alpha,0.99999285,alpha,0.99999964,alpha,0.9999876,alpha,0.9998919,0,0.9999720379999999,alpha,False,—,correct (5/5),0.027027027027027025,False,8214,584691.0
HP1506401_I18,alpha,acinar,0.9999676,acinar,0.9546474,acinar,0.99516726,acinar,0.99326384,acinar,0.99971193,5,0.988551606,acinar,True,acinar,stable error (≥4/5),0.06633906633906633,False,6687,206627.0
HP1506401_E8,alpha,acinar,0.99999416,acinar,0.97686416,acinar,0.99999356,acinar,0.9999993,acinar,0.99998224,5,0.9953666840000001,acinar,True,acinar,stable error (≥4/5),0.0870870870870871,False,10031,454186.0
HP1506401_L23,alpha,alpha,0.9703068,alpha,0.9996737,alpha,0.97554463,alpha,0.9944022,alpha,0.8739445,0,0.962774366,alpha,False,—,correct (5/5),0.02432432432432433,False,8682,604739.0
HP1506401_E9,alpha,alpha,0.9753693,quiescent_stellate,0.51243556,gamma,0.74561644,gamma,0.854419,gamma,0.9782391,4,0.8132158799999999,gamma,True,gamma,stable error (≥4/5),0.20120120120120114,False,5139,35726.0
HP1506401_F17,alpha,alpha,0.9970829,alpha,0.9987908,alpha,0.9971982,alpha,0.99694806,alpha,0.83019495,0,0.9640429819999999,alpha,False,—,correct (5/5),0.033386327503974564,False,8821,270390.0
HP1506401_M12,alpha,alpha,0.9999672,alpha,0.9999994,alpha,0.9999993,alpha,0.9999969,alpha,0.99999475,0,0.9999915100000001,alpha,False,—,correct (5/5),0.030030030030030033,False,6450,150119.0
HP1506401_E11,alpha,alpha,0.9986374,alpha,0.99708134,alpha,0.99978405,alpha,0.999561,alpha,0.9661272,0,0.9922381980000001,alpha,False,—,correct (5/5),0.018618618618618618,False,5327,28675.0
HP1506401_E21,alpha,alpha,0.99905246,alpha,0.9989353,alpha,0.9990681,alpha,0.9996799,alpha,0.99626154,0,0.99859946,alpha,False,—,correct (5/5),0.02432432432432433,False,4239,104457.0
HP1506401_G13,alpha,alpha,0.999925,alpha,0.99996865,alpha,0.9999975,alpha,0.999984,alpha,0.9995147,0,0.99987797,alpha,False,—,correct (5/5),0.009652509652509654,False,7318,111942.0
HP1506401_G24,alpha,alpha,0.9993037,alpha,0.9894465,gamma,0.8671975,alpha,0.69053495,gamma,0.67170477,2,0.843637484,alpha,False,gamma,unstable error (1–3/5),0.033386327503974564,False,8330,605296.0
HP1506401_H22,alpha,alpha,0.99922526,alpha,0.9999813,alpha,0.99991584,alpha,0.99986815,alpha,0.9990011,0,0.9995983300000001,alpha,False,—,correct (5/5),0.03923278116826505,False,7774,145935.0
HP1506401_F20,alpha,alpha,0.993256,alpha,0.99993575,alpha,0.9998229,alpha,0.99883455,alpha,0.9754951,0,0.9934688599999999,alpha,False,—,correct (5/5),0.027027027027027025,False,6707,99649.0
HP1507101_K2,alpha,alpha,0.9925182,alpha,0.9900339,alpha,0.99959224,mast,0.91732806,alpha,0.999843,1,0.97986308,alpha,False,mast,unstable error (1–3/5),0.006102877070619007,False,2607,23489.0
HP1507101_O2,alpha,alpha,0.9986498,alpha,0.9995764,alpha,0.99999094,alpha,0.97947615,alpha,0.99999523,0,0.995537704,alpha,False,—,correct (5/5),0.009009009009009009,False,3470,32317.0
HP1507101_E2,alpha,alpha,0.99999714,alpha,0.99999774,alpha,0.99999917,alpha,0.9999999,alpha,0.99999964,0,0.9999987180000002,alpha,False,—,correct (5/5),0.017626321974148065,False,6622,269194.0
HP1507101_E3,alpha,alpha,0.9999784,alpha,0.9999914,alpha,0.99999714,alpha,0.999992,alpha,0.99997306,0,0.9999864,alpha,False,—,correct (5/5),0.009652509652509654,False,5262,55361.0
HP1507101_G3,alpha,alpha,0.99999964,alpha,0.99999917,alpha,0.9999999,alpha,0.9999995,alpha,1.0,0,0.999999642,alpha,False,—,correct (5/5),0.014892443463872035,False,5248,52337.0
HP1507101_C2,alpha,alpha,0.99999917,alpha,0.999995,alpha,0.9999987,alpha,0.9999888,alpha,0.9999504,0,0.999986414,alpha,False,—,correct (5/5),0.017626321974148065,False,8185,604692.0
HP1507101_O1,alpha,alpha,0.99998116,alpha,0.9998851,alpha,0.9999871,alpha,0.99998033,alpha,0.99996114,0,0.9999589660000001,alpha,False,—,correct (5/5),0.014892443463872035,False,5779,38302.0
HP1507101_I2,alpha,alpha,0.99999535,alpha,0.99986196,alpha,0.99996924,alpha,0.9999888,alpha,0.9999987,0,0.9999628100000001,alpha,False,—,correct (5/5),0.020741671904462605,False,7198,735888.0
HP1507101_M2,alpha,alpha,0.99999976,alpha,0.9999573,alpha,0.99973327,alpha,0.9999604,alpha,0.9999609,0,0.9999223260000001,alpha,False,—,correct (5/5),0.021879021879021885,False,7798,1.310909e+06
HP1507101_G16,alpha,alpha,0.9999995,alpha,0.9999962,alpha,0.99999964,alpha,0.9999995,alpha,0.9999999,0,0.999998948,alpha,False,—,correct (5/5),0.027027027027027025,False,6625,126666.0
HP1507101_N9,alpha,alpha,0.9999995,alpha,0.99999964,alpha,0.9999995,alpha,1.0,alpha,0.9999999,0,0.999999708,alpha,False,—,correct (5/5),0.01172870984191739,False,6453,252438.0
HP1507101_F7,alpha,alpha,0.9999987,alpha,0.99999404,alpha,0.9999893,alpha,0.99999464,alpha,0.99999917,0,0.99999517,alpha,False,—,correct (5/5),0.033386327503974564,False,7515,424641.0
HP1507101_B3,alpha,alpha,0.99999905,alpha,0.9999951,alpha,0.99999976,alpha,0.99999976,alpha,0.9999999,0,0.999998714,alpha,False,—,correct (5/5),0.014892443463872035,False,7043,288860.0
HP1507101_M12,alpha,alpha,0.99994576,alpha,0.99989176,alpha,0.99951184,alpha,0.9994898,alpha,0.998672,0,0.999502232,alpha,False,—,correct (5/5),0.025641025641025644,False,5944,81658.0
HP1507101_D14,alpha,alpha,0.9999999,alpha,0.9999988,alpha,0.9999995,alpha,0.9999995,alpha,0.99999976,0,0.9999994919999999,alpha,False,—,correct (5/5),0.020741671904462605,False,7026,306891.0
HP1507101_D20,alpha,alpha,0.99998474,alpha,0.9999367,alpha,0.9999454,alpha,0.99991655,alpha,0.9999815,0,0.9999529779999999,alpha,False,—,correct (5/5),0.021879021879021885,False,6246,218503.0
HP1507101_O22,alpha,alpha,0.99969256,alpha,0.9998035,alpha,0.9987772,alpha,0.99997973,alpha,0.99896574,0,0.9994437460000001,alpha,False,—,correct (5/5),0.020741671904462605,False,7061,119741.0
HP1507101_L15,alpha,alpha,0.99998987,alpha,0.9999938,alpha,0.9999865,alpha,0.9999974,alpha,0.99999785,0,0.999993084,alpha,False,—,correct (5/5),0.015765765765765768,False,2973,10182.0
HP1507101_O16,alpha,alpha,0.9999875,alpha,0.99999404,alpha,0.99999917,alpha,0.99999976,alpha,0.9999982,0,0.999995734,alpha,False,—,correct (5/5),0.07567567567567568,False,7915,504014.0
HP1507101_N3,alpha,alpha,0.99999726,alpha,0.99998903,alpha,0.99995553,alpha,0.9999969,alpha,0.9999937,0,0.9999864840000001,alpha,False,—,correct (5/5),0.021879021879021885,False,5107,126485.0
HP1507101_L11,alpha,alpha,0.99999607,alpha,0.99999774,alpha,0.9999995,alpha,0.9999989,alpha,0.99999917,0,0.999998276,alpha,False,—,correct (5/5),0.007207207207207207,False,5039,40660.0
HP1507101_N12,alpha,alpha,0.9998192,alpha,0.9988557,alpha,0.99847716,alpha,0.9449137,alpha,0.97419655,0,0.983252462,alpha,False,—,correct (5/5),0.014054054054054054,False,5965,115295.0
HP1507101_O17,alpha,alpha,0.99999416,alpha,0.99999654,alpha,0.9999988,alpha,0.999992,alpha,0.9999999,0,0.9999962799999998,alpha,False,—,correct (5/5),0.0870870870870871,False,5678,106231.0
HP1507101_A16,alpha,alpha,0.9999782,alpha,0.9999311,alpha,0.99995077,alpha,0.9999956,alpha,0.999984,0,0.9999679340000001,alpha,False,—,correct (5/5),0.01172870984191739,False,5412,46623.0
HP1507101_L13,alpha,alpha,0.9999063,alpha,0.9998932,alpha,0.99909866,alpha,0.9731227,alpha,0.99856865,0,0.9941179019999999,alpha,False,—,correct (5/5),0.018618618618618618,False,6501,184541.0
HP1507101_O20,alpha,alpha,0.99999774,alpha,0.9999982,alpha,0.99999964,alpha,0.99999917,alpha,0.99999976,0,0.999998902,alpha,False,—,correct (5/5),0.04633204633204634,False,5287,53145.0
HP1507101_N21,alpha,alpha,0.9290573,endothelial,0.6811565,alpha,0.99878067,beta,0.94568956,endothelial,0.65433544,3,0.8418038939999999,beta,True,endothelial,unstable error (1–3/5),0.14414414414414414,False,10781,1.040671e+06
HP1507101_I10,alpha,alpha,0.9999982,alpha,0.99999714,alpha,0.9999981,alpha,0.9999993,alpha,0.99999857,0,0.9999982619999999,alpha,False,—,correct (5/5),0.014054054054054054,False,5483,54766.0
HP1507101_H20,alpha,alpha,0.9999865,alpha,0.9999999,alpha,0.99999917,alpha,0.99999833,alpha,0.9999993,0,0.99999664,alpha,False,—,correct (5/5),0.011011011011011013,False,6112,97100.0
HP1507101_A14,alpha,alpha,0.99999666,alpha,0.99999917,alpha,0.99999976,alpha,0.9999982,alpha,0.99999833,0,0.9999984239999999,alpha,False,—,correct (5/5),0.008387698042870458,False,5138,40485.0
HP1507101_I17,alpha,alpha,0.9999913,alpha,0.99999547,alpha,0.999998,alpha,0.9999732,alpha,0.99999166,0,0.9999899259999999,alpha,False,—,correct (5/5),0.019656019656019656,False,8792,611235.0
HP1507101_K6,alpha,alpha,0.99999666,alpha,0.99999785,alpha,0.9999994,alpha,0.9999988,alpha,0.9999987,0,0.999998282,alpha,False,—,correct (5/5),0.014054054054054054,False,6428,95563.0
HP1507101_F19,alpha,alpha,0.99999917,alpha,0.99999917,alpha,0.99999964,alpha,0.9999927,alpha,0.9999976,0,0.999997656,alpha,False,—,correct (5/5),0.01031941031941032,False,6486,80180.0
HP1507101_G6,alpha,alpha,0.9928965,alpha,0.99731195,alpha,0.98631686,alpha,0.9818287,alpha,0.93174726,0,0.9780202539999999,alpha,False,—,correct (5/5),0.020741671904462605,False,6962,69583.0
HP1507101_L7,alpha,alpha,0.99991155,alpha,0.9999634,alpha,0.9999776,alpha,0.999984,alpha,0.99996567,0,0.9999604440000001,alpha,False,—,correct (5/5),0.015765765765765768,False,8171,180345.0
HP1507101_H7,alpha,alpha,0.99999714,alpha,0.99999595,alpha,0.99999845,alpha,0.99999225,alpha,0.9999989,0,0.9999965379999999,alpha,False,—,correct (5/5),0.017626321974148065,False,5661,47016.0
HP1507101_O4,alpha,alpha,0.9999653,alpha,0.9999969,alpha,0.99999845,alpha,0.9999119,alpha,0.9999975,0,0.9999740099999999,alpha,False,—,correct (5/5),0.01031941031941032,False,6744,98295.0
HP1507101_H1,alpha,alpha,0.99998975,alpha,0.99999857,alpha,0.9999957,alpha,0.9999995,alpha,0.999992,0,0.9999951039999999,alpha,False,—,correct (5/5),0.017626321974148065,False,6539,523488.0
HP1507101_I15,alpha,alpha,0.9999325,alpha,0.9999373,alpha,0.9996131,alpha,0.9999914,alpha,0.9999893,0,0.9998927199999998,alpha,False,—,correct (5/5),0.014054054054054054,False,2679,8509.0
HP1507101_O5,alpha,alpha,0.9990615,alpha,0.9998265,alpha,0.999967,alpha,0.99964523,alpha,0.9994481,0,0.999589666,alpha,False,—,correct (5/5),0.025641025641025644,False,6039,69784.0
HP1507101_F22,alpha,alpha,0.99994445,alpha,0.99997187,alpha,0.99999905,alpha,0.99999833,alpha,0.9999968,0,0.9999821000000001,alpha,False,—,correct (5/5),0.009652509652509654,False,7150,141535.0
HP1507101_A22,alpha,alpha,0.99998784,alpha,0.99885297,alpha,0.9994153,alpha,0.9999877,alpha,0.9999497,0,0.999638702,alpha,False,—,correct (5/5),0.08108108108108107,False,6200,37309.0
HP1507101_L5,alpha,alpha,0.9999212,alpha,0.99999714,alpha,0.9999913,alpha,0.99999917,alpha,0.9999933,0,0.9999804219999999,alpha,False,—,correct (5/5),0.020741671904462605,False,5466,45054.0
HP1507101_A20,alpha,alpha,0.9997621,alpha,0.9999938,alpha,0.99996924,alpha,0.99999857,alpha,0.9997625,0,0.999897242,alpha,False,—,correct (5/5),0.014892443463872035,False,6373,79182.0
HP1507101_F16,alpha,alpha,0.9999974,alpha,0.9999962,alpha,0.99999845,alpha,0.99999917,alpha,0.9999988,0,0.999998004,alpha,False,—,correct (5/5),0.021879021879021885,False,7150,202164.0
HP1507101_P10,alpha,alpha,0.9999794,alpha,0.9999962,alpha,0.9999956,alpha,0.9999982,alpha,0.99999654,0,0.999993188,alpha,False,—,correct (5/5),0.019656019656019656,False,6978,222373.0
HP1507101_O6,alpha,alpha,0.9999758,alpha,0.9999974,alpha,0.9999993,alpha,0.99999046,alpha,0.9999945,0,0.999991492,alpha,False,—,correct (5/5),0.007207207207207207,False,4229,58462.0
HP1507101_G4,alpha,alpha,0.99999976,alpha,0.99999976,alpha,1.0,alpha,0.99999976,alpha,1.0,0,0.9999998560000002,alpha,False,—,correct (5/5),0.011011011011011013,False,4961,83035.0
HP1507101_B23,alpha,alpha,0.99999976,alpha,0.99961805,alpha,0.99993813,alpha,0.99999475,alpha,0.9999908,0,0.999908298,alpha,False,—,correct (5/5),0.07078507078507078,False,7930,280749.0
HP1507101_H11,alpha,alpha,0.99999714,alpha,0.99998975,alpha,0.999987,alpha,0.99999666,alpha,0.9999583,0,0.99998577,alpha,False,—,correct (5/5),0.02432432432432433,False,6365,188841.0
HP1507101_G12,alpha,alpha,0.9999999,alpha,0.99999964,alpha,1.0,alpha,0.99999964,alpha,0.9999999,0,0.9999998160000001,alpha,False,—,correct (5/5),0.009652509652509654,False,7339,377746.0
HP1507101_F17,alpha,alpha,0.99961996,alpha,0.99650794,alpha,0.9999505,alpha,0.9998473,alpha,0.99982846,0,0.999150832,alpha,False,—,correct (5/5),0.005577005577005577,False,2557,11541.0
HP1507101_G14,alpha,alpha,0.9999949,alpha,0.9999975,alpha,0.9999995,alpha,0.99999976,alpha,0.9999999,0,0.999998312,alpha,False,—,correct (5/5),0.04380242311276794,False,7985,438820.0
HP1507101_N22,alpha,alpha,0.9999982,alpha,0.99999654,alpha,0.9999988,alpha,0.9999974,alpha,0.99999905,0,0.9999979979999999,alpha,False,—,correct (5/5),0.008387698042870458,False,3532,16566.0
HP1507101_I8,alpha,alpha,0.9999999,alpha,0.99999917,alpha,1.0,alpha,0.99999976,alpha,0.99999976,0,0.9999997180000001,alpha,False,—,correct (5/5),0.019656019656019656,False,7328,281944.0
HP1507101_L2,alpha,alpha,0.9999939,alpha,0.9999995,alpha,0.9999989,alpha,0.9999987,alpha,1.0,0,0.9999982,alpha,False,—,correct (5/5),0.009652509652509654,False,7135,308728.0
HP1507101_H15,alpha,alpha,0.9999989,alpha,0.99999833,alpha,0.9999999,alpha,0.9999995,alpha,0.9999989,0,0.999999106,alpha,False,—,correct (5/5),0.019656019656019656,False,8301,360095.0
HP1507101_D2,alpha,alpha,0.9999999,alpha,0.99999976,alpha,1.0,alpha,0.9999999,alpha,1.0,0,0.9999999120000002,alpha,False,—,correct (5/5),0.01172870984191739,False,6285,163105.0
HP1507101_P12,alpha,alpha,0.9999676,alpha,0.9999808,alpha,0.9999428,alpha,0.9999968,alpha,0.9999968,0,0.99997696,alpha,False,—,correct (5/5),0.01172870984191739,False,7287,98794.0
HP1507101_F20,alpha,alpha,0.99998844,alpha,0.9999927,alpha,0.9999981,alpha,0.99999523,alpha,0.99998987,0,0.999992868,alpha,False,—,correct (5/5),0.009009009009009009,False,6359,94395.0
HP1507101_N24,alpha,alpha,0.9999989,alpha,0.99999905,alpha,0.9999968,alpha,0.99999857,alpha,0.9999994,0,0.999998544,alpha,False,—,correct (5/5),0.009652509652509654,False,2615,9700.0
HP1507101_E24,alpha,alpha,0.99997044,alpha,0.99998224,alpha,0.9999975,alpha,0.9999982,alpha,0.999997,0,0.999989076,alpha,False,—,correct (5/5),0.009009009009009009,False,5583,50537.0
HP1507101_I16,alpha,alpha,0.9999995,alpha,0.999998,alpha,0.99999976,alpha,0.9999994,alpha,0.9999994,0,0.999999212,alpha,False,—,correct (5/5),0.012474012474012476,False,6687,158204.0
HP1507101_C24,alpha,alpha,0.999998,alpha,0.9999989,alpha,0.99999964,alpha,0.9999981,alpha,0.99999964,0,0.999998856,alpha,False,—,correct (5/5),0.031660231660231665,False,4838,34114.0
HP1507101_B18,alpha,alpha,0.99468476,alpha,0.9982881,alpha,0.99951196,alpha,0.9987411,alpha,0.9310077,0,0.984446724,alpha,False,—,correct (5/5),0.02848794740686632,False,6943,138990.0
HP1507101_H14,alpha,alpha,0.9999976,alpha,0.99999845,alpha,0.9999938,alpha,0.99999666,alpha,0.99996865,0,0.999991032,alpha,False,—,correct (5/5),0.014054054054054054,False,7567,252056.0
HP1507101_H9,alpha,alpha,0.9999924,alpha,0.99999034,alpha,0.999997,alpha,0.999998,alpha,0.9999974,0,0.9999950280000001,alpha,False,—,correct (5/5),0.023071852340145027,False,6367,160293.0
HP1507101_O10,alpha,alpha,0.99998856,alpha,0.99999905,alpha,0.9999869,alpha,0.9999944,alpha,0.9999975,0,0.9999932819999999,alpha,False,—,correct (5/5),0.02432432432432433,False,4976,91516.0
HP1507101_J24,alpha,alpha,0.99999964,alpha,0.99999964,alpha,0.9999995,alpha,0.9999995,alpha,0.99999917,0,0.9999994899999999,alpha,False,—,correct (5/5),0.019656019656019656,False,6074,299968.0
HP1507101_G18,alpha,alpha,0.9999999,alpha,0.9999994,alpha,0.99999964,alpha,0.9999999,alpha,0.9999999,0,0.9999997480000001,alpha,False,—,correct (5/5),0.016676250718803912,False,7359,331327.0
HP1507101_J14,alpha,alpha,0.9999969,alpha,0.9999937,alpha,0.99999905,alpha,0.9999989,alpha,0.999998,0,0.99999731,alpha,False,—,correct (5/5),0.009652509652509654,False,5658,87825.0
HP1507101_E20,alpha,alpha,0.9999949,alpha,0.9999993,alpha,0.9999993,alpha,0.9999999,alpha,1.0,0,0.9999986800000003,alpha,False,—,correct (5/5),0.014892443463872035,False,6791,115263.0
HP1507101_I13,alpha,alpha,0.999962,alpha,0.99993396,alpha,0.9999112,alpha,0.9999913,alpha,0.99997485,0,0.999954662,alpha,False,—,correct (5/5),0.033386327503974564,False,8592,403507.0
HP1507101_J11,alpha,alpha,1.0,alpha,0.9999981,alpha,0.9999994,alpha,0.9999994,alpha,0.9999993,0,0.99999924,alpha,False,—,correct (5/5),0.02848794740686632,False,7131,313237.0
HP1507101_P11,alpha,alpha,0.885184,beta,0.46629626,alpha,0.98620063,beta,0.99212587,beta,0.8478755,3,0.835536452,beta,True,beta,unstable error (1–3/5),0.10990990990990991,False,8097,133529.0
HP1507101_P4,alpha,alpha,1.0,alpha,0.9999995,alpha,0.9999999,alpha,0.9999999,alpha,1.0,0,0.9999998600000002,alpha,False,—,correct (5/5),0.01172870984191739,False,6682,240548.0
HP1507101_E6,alpha,alpha,0.99999654,alpha,0.99999404,alpha,0.99999726,alpha,0.99999535,alpha,0.999992,0,0.999995038,alpha,False,—,correct (5/5),0.008387698042870458,False,6535,71378.0
HP1507101_G22,alpha,alpha,0.99999726,alpha,0.999998,alpha,0.9999993,alpha,0.9999974,alpha,0.9999994,0,0.999998272,alpha,False,—,correct (5/5),0.014054054054054054,False,3881,19965.0
HP1507101_C4,alpha,alpha,0.9999759,alpha,0.9999957,alpha,0.9999989,alpha,0.99999666,alpha,0.9999993,0,0.9999932919999999,alpha,False,—,correct (5/5),0.017626321974148065,False,7428,385309.0
HP1507101_J18,alpha,alpha,0.9999962,alpha,0.9999956,alpha,0.99999833,alpha,0.9999956,alpha,0.99999917,0,0.99999698,alpha,False,—,correct (5/5),0.009652509652509654,False,6232,105805.0
HP1507101_I23,alpha,alpha,0.99999917,alpha,0.9999988,alpha,0.999982,alpha,0.9999995,alpha,0.9999995,0,0.9999957939999999,alpha,False,—,correct (5/5),0.013248542660307368,False,5494,60537.0
HP1507101_C18,alpha,alpha,0.99999547,alpha,0.9999988,alpha,0.9999995,alpha,0.99999905,alpha,0.9999994,0,0.999998444,alpha,False,—,correct (5/5),0.01172870984191739,False,5501,51420.0
HP1507101_K8,alpha,alpha,0.99999917,alpha,0.9999968,alpha,0.99999833,alpha,0.99999774,alpha,0.9999989,0,0.999998188,alpha,False,—,correct (5/5),0.014054054054054054,False,4007,16303.0
HP1507101_N19,alpha,alpha,0.9999634,alpha,0.9999896,alpha,0.9999982,alpha,0.9996854,alpha,0.9999162,0,0.99991056,alpha,False,—,correct (5/5),0.013248542660307368,False,8103,162617.0
HP1507101_G19,alpha,alpha,0.99999976,alpha,0.9999993,alpha,0.99999785,alpha,0.9999994,alpha,0.9999994,0,0.9999991420000001,alpha,False,—,correct (5/5),0.008387698042870458,False,2542,8043.0
HP1507101_I11,alpha,alpha,0.99999833,alpha,0.9999987,alpha,1.0,alpha,0.9999987,alpha,0.9999999,0,0.999999126,alpha,False,—,correct (5/5),0.025641025641025644,False,7632,397611.0
HP1507101_L18,alpha,alpha,0.99994946,alpha,0.99988437,alpha,0.99997234,alpha,0.99999714,alpha,0.9995012,0,0.999860902,alpha,False,—,correct (5/5),0.025641025641025644,False,7356,121804.0
HP1507101_B15,alpha,alpha,0.79186016,endothelial,0.46404898,alpha,0.85447603,beta,0.96631384,alpha,0.48216677,2,0.7117731559999999,endothelial,True,beta,unstable error (1–3/5),0.10135135135135138,False,8676,393337.0
HP1507101_K5,alpha,alpha,0.99999905,alpha,0.9999994,alpha,0.99999905,alpha,0.99999714,alpha,0.9999994,0,0.999998808,alpha,False,—,correct (5/5),0.012474012474012476,False,5156,45766.0
HP1507101_L3,alpha,alpha,0.9999982,alpha,0.9999689,alpha,0.999998,alpha,0.9999989,alpha,0.9999989,0,0.99999258,alpha,False,—,correct (5/5),0.014892443463872035,False,6134,111454.0
HP1507101_E8,alpha,alpha,0.9999995,alpha,0.9999982,alpha,0.9999999,alpha,0.9999999,alpha,0.9999999,0,0.9999994799999999,alpha,False,—,correct (5/5),0.01172870984191739,False,6436,242354.0
HP1507101_J13,alpha,alpha,1.0,alpha,0.99999535,alpha,0.9999857,alpha,0.99999976,alpha,0.9999881,0,0.999993782,alpha,False,—,correct (5/5),0.03716216216216217,False,8173,854126.0
HP1507101_A4,alpha,alpha,0.99999654,alpha,0.99998724,alpha,0.9999989,alpha,0.99999976,alpha,0.9999994,0,0.999996368,alpha,False,—,correct (5/5),0.018618618618618618,False,7383,556592.0
HP1507101_J23,alpha,alpha,0.9999994,alpha,0.9999989,alpha,1.0,alpha,0.99999964,alpha,1.0,0,0.999999588,alpha,False,—,correct (5/5),0.012474012474012476,False,6656,190177.0
HP1507101_O18,alpha,alpha,0.9996487,alpha,0.9999542,alpha,0.99983454,alpha,0.9998809,alpha,0.9999938,0,0.9998624279999999,alpha,False,—,correct (5/5),0.03716216216216217,False,3460,48243.0
HP1507101_K4,alpha,alpha,0.9999833,alpha,0.9999887,alpha,0.99999905,alpha,0.9999962,alpha,0.9999987,0,0.99999319,alpha,False,—,correct (5/5),0.014892443463872035,False,5981,94880.0
HP1507101_F3,alpha,alpha,0.9999577,alpha,0.99999297,alpha,0.9999696,alpha,0.999977,alpha,0.9999856,0,0.9999765740000001,alpha,False,—,correct (5/5),0.01031941031941032,False,6366,60280.0
HP1507101_N18,alpha,alpha,0.9999995,alpha,0.9999995,alpha,0.99999917,alpha,0.99999905,alpha,0.9999999,0,0.999999424,alpha,False,—,correct (5/5),0.009652509652509654,False,6687,255003.0
HP1507101_D7,alpha,alpha,0.99934024,alpha,0.9222466,alpha,0.8169658,alpha,0.9991578,alpha,0.6346678,0,0.874475648,alpha,False,—,correct (5/5),0.01172870984191739,False,5618,69964.0
HP1507101_P18,alpha,alpha,0.9999988,alpha,0.9999982,alpha,0.9999956,alpha,0.99999917,alpha,0.99999964,0,0.999998282,alpha,False,—,correct (5/5),0.01172870984191739,False,4730,68913.0
HP1507101_P17,alpha,alpha,0.9999975,alpha,0.999982,alpha,0.9999956,alpha,0.9999763,alpha,0.9999976,0,0.9999898,alpha,False,—,correct (5/5),0.04144144144144144,False,6121,122802.0
HP1507101_P5,alpha,alpha,0.9999999,alpha,0.99999964,alpha,1.0,alpha,0.9999999,alpha,1.0,0,0.999999888,alpha,False,—,correct (5/5),0.03521703521703521,False,6963,575186.0
HP1507101_M4,alpha,alpha,0.9999999,alpha,0.99999976,alpha,1.0,alpha,1.0,alpha,1.0,0,0.999999932,alpha,False,—,correct (5/5),0.019656019656019656,False,7205,304140.0
HP1507101_B7,alpha,alpha,0.99995756,alpha,0.9999162,alpha,0.99993837,alpha,0.99999666,alpha,0.99998975,0,0.9999597079999999,alpha,False,—,correct (5/5),0.02432432432432433,False,6882,172992.0
HP1507101_E10,alpha,alpha,0.99668616,alpha,0.9974208,alpha,0.9894574,alpha,0.8727018,alpha,0.91826,0,0.954905232,alpha,False,—,correct (5/5),0.07078507078507078,False,7508,492958.0
HP1507101_H23,alpha,alpha,0.9999999,alpha,0.99999905,alpha,0.99999976,alpha,0.9999999,alpha,1.0,0,0.9999997220000001,alpha,False,—,correct (5/5),0.11969111969111967,False,6771,257066.0
HP1507101_K3,alpha,alpha,0.99999964,alpha,0.9999958,alpha,0.99999976,alpha,0.99999964,alpha,0.9999999,0,0.999998948,alpha,False,—,correct (5/5),0.017626321974148065,False,4757,41558.0
HP1507101_C20,alpha,alpha,0.99999774,alpha,0.99999833,alpha,0.9999968,alpha,0.99999833,alpha,0.9999975,0,0.9999977399999999,alpha,False,—,correct (5/5),0.011011011011011013,False,5886,63684.0
HP1507101_L10,alpha,alpha,0.99999726,alpha,0.99999523,alpha,0.99998915,alpha,0.9999906,alpha,0.99999166,0,0.9999927799999998,alpha,False,—,correct (5/5),0.007787448465414569,False,5556,41150.0
HP1507101_M14,alpha,alpha,0.99999547,alpha,0.99980956,alpha,0.99963844,alpha,0.98704356,alpha,0.999977,0,0.9972928060000001,alpha,False,—,correct (5/5),0.017626321974148065,False,5927,324574.0
HP1507101_I4,alpha,alpha,0.9999826,alpha,0.99959475,alpha,0.99999917,alpha,0.99998164,alpha,0.9999999,0,0.999911612,alpha,False,—,correct (5/5),0.013248542660307368,False,6530,249307.0
HP1507101_G24,alpha,alpha,0.99999917,alpha,0.99999774,alpha,1.0,alpha,0.9999999,alpha,0.9999999,0,0.9999993420000001,alpha,False,—,correct (5/5),0.012474012474012476,False,6577,213928.0
HP1507101_G23,alpha,alpha,0.9999981,alpha,0.9999993,alpha,0.99999857,alpha,0.9999994,alpha,0.9999995,0,0.999998974,alpha,False,—,correct (5/5),0.007207207207207207,False,4330,23521.0
HP1507101_D1,alpha,alpha,0.99999917,alpha,0.9999987,alpha,0.9999993,alpha,0.999997,alpha,0.99999976,0,0.9999987860000001,alpha,False,—,correct (5/5),0.021879021879021885,False,6214,413543.0
HP1507101_J1,alpha,alpha,0.99999785,alpha,0.9999976,alpha,0.99999857,alpha,0.99999976,alpha,0.9999999,0,0.999998736,alpha,False,—,correct (5/5),0.014892443463872035,False,5367,94053.0
HP1507101_O24,alpha,alpha,0.999995,alpha,0.9998859,alpha,0.99996984,alpha,0.99998987,alpha,0.99998474,0,0.99996507,alpha,False,—,correct (5/5),0.09379968203497614,False,4919,88289.0
HP1507101_D8,alpha,alpha,0.999998,alpha,0.9999919,alpha,0.99999976,alpha,0.99999595,alpha,0.9999994,0,0.9999970020000001,alpha,False,—,correct (5/5),0.014054054054054054,False,7235,370714.0
HP1507101_I22,alpha,alpha,0.9999999,alpha,0.9999995,alpha,0.99999976,alpha,0.99999917,alpha,1.0,0,0.9999996660000001,alpha,False,—,correct (5/5),0.025641025641025644,False,6678,216103.0
HP1507101_B1,alpha,alpha,0.9999975,alpha,0.99999964,alpha,0.9999999,alpha,0.9999999,alpha,1.0,0,0.9999993880000002,alpha,False,—,correct (5/5),0.025641025641025644,False,6255,225930.0
HP1507101_N16,alpha,alpha,0.9999993,alpha,0.99999845,alpha,0.99999905,alpha,0.9999862,alpha,0.99999666,0,0.999995932,alpha,False,—,correct (5/5),0.01031941031941032,False,6784,177258.0
HP1507101_F2,alpha,alpha,0.9999987,alpha,0.9999994,alpha,0.99999857,alpha,0.9999964,alpha,0.99999726,0,0.9999980660000001,alpha,False,—,correct (5/5),0.014054054054054054,False,5877,178465.0
HP1507101_F8,alpha,alpha,0.999977,alpha,0.9999428,alpha,0.99999964,alpha,0.999998,alpha,0.9999974,0,0.9999829680000001,alpha,False,—,correct (5/5),0.014892443463872035,False,7658,485306.0
HP1507101_B14,alpha,alpha,0.99999917,alpha,0.9999995,alpha,0.9999912,alpha,0.99999976,alpha,0.99999964,0,0.9999978540000001,alpha,False,—,correct (5/5),0.021879021879021885,False,7072,218504.0
HP1507101_N4,alpha,alpha,0.99998987,alpha,0.99656326,alpha,0.9948152,alpha,0.9999901,alpha,0.9999479,0,0.9982612660000001,alpha,False,—,correct (5/5),0.08108108108108107,False,8452,372169.0
HP1507101_M6,alpha,alpha,0.99999726,alpha,0.99999094,alpha,0.9999943,alpha,0.99999905,alpha,0.9999989,0,0.99999609,alpha,False,—,correct (5/5),0.009652509652509654,False,3588,14542.0
HP1507101_L19,alpha,alpha,0.99999475,alpha,0.9999989,alpha,0.99999964,alpha,0.99999905,alpha,0.9999994,0,0.9999983479999999,alpha,False,—,correct (5/5),0.008387698042870458,False,5625,52271.0
HP1507101_F18,alpha,alpha,0.9999881,alpha,0.9999851,alpha,0.99999964,alpha,0.9999932,alpha,0.99999535,0,0.999992278,alpha,False,—,correct (5/5),0.007207207207207207,False,5790,54023.0
HP1507101_K22,alpha,alpha,0.9999958,alpha,0.99999654,alpha,0.99999535,alpha,0.999995,alpha,0.9999993,0,0.9999963979999998,alpha,False,—,correct (5/5),0.031660231660231665,False,3769,25194.0
HP1507101_K17,alpha,alpha,0.99994755,alpha,0.9998864,alpha,0.99999857,alpha,0.999977,alpha,0.9999964,0,0.999961184,alpha,False,—,correct (5/5),0.0066459902525476304,False,3206,20788.0
HP1507101_D21,alpha,alpha,0.9999914,alpha,0.99998784,alpha,0.9999871,alpha,0.9999987,alpha,0.999998,0,0.999992608,alpha,False,—,correct (5/5),0.01172870984191739,False,6359,102764.0
HP1507101_D16,alpha,alpha,0.99999475,alpha,0.999984,alpha,0.9999455,alpha,0.999905,alpha,0.99998903,0,0.9999636559999999,alpha,False,—,correct (5/5),0.015765765765765768,False,6204,81753.0
HP1507101_M18,alpha,alpha,0.9999994,alpha,0.9999994,alpha,0.99999976,alpha,0.99999976,alpha,1.0,0,0.999999664,alpha,False,—,correct (5/5),0.014892443463872035,False,6619,177148.0
HP1507101_H6,alpha,alpha,0.99999607,alpha,0.99998987,alpha,0.9999896,alpha,0.9999994,alpha,0.9999958,0,0.9999941480000001,alpha,False,—,correct (5/5),0.027027027027027025,False,7169,374204.0
HP1507101_G20,alpha,alpha,0.9999826,alpha,0.9999943,alpha,0.9999956,alpha,0.99999475,alpha,0.9999964,0,0.99999273,alpha,False,—,correct (5/5),0.007207207207207207,False,5958,64946.0
HP1507101_G13,alpha,alpha,0.99998236,alpha,0.99999857,alpha,0.99999297,alpha,0.9999995,alpha,0.9999989,0,0.9999944599999999,alpha,False,—,correct (5/5),0.014054054054054054,False,3755,14996.0
HP1507101_N20,alpha,alpha,0.9999968,alpha,0.99999833,alpha,0.99999845,alpha,0.9999988,alpha,0.99999833,0,0.9999981420000001,alpha,False,—,correct (5/5),0.018618618618618618,False,5477,73008.0
HP1507101_G8,alpha,alpha,0.9999982,alpha,0.99999905,alpha,0.99999917,alpha,0.99999976,alpha,0.9999995,0,0.9999991360000001,alpha,False,—,correct (5/5),0.017626321974148065,False,7178,360446.0
HP1507101_P6,alpha,alpha,0.99999964,alpha,0.9999987,alpha,0.9999999,alpha,0.99999964,alpha,0.9999999,0,0.999999556,alpha,False,—,correct (5/5),0.025641025641025644,False,5593,135799.0
HP1507101_D18,alpha,alpha,0.99999905,alpha,0.9999995,alpha,0.9999999,alpha,0.99999976,alpha,0.9999999,0,0.999999622,alpha,False,—,correct (5/5),0.02432432432432433,False,7595,608445.0
HP1507101_P23,alpha,alpha,0.9999993,alpha,0.9999993,alpha,0.9999993,alpha,0.9999995,alpha,0.9999994,0,0.99999936,alpha,False,—,correct (5/5),0.009652509652509654,False,4286,27843.0
HP1507101_H21,alpha,alpha,0.99999166,alpha,0.99999344,alpha,0.9999969,alpha,0.9999689,alpha,0.9999976,0,0.9999897000000001,alpha,False,—,correct (5/5),0.0066459902525476304,False,5223,70364.0
HP1507101_E21,alpha,alpha,0.9999982,alpha,0.99999845,alpha,0.9999981,alpha,0.9999993,alpha,0.9999993,0,0.9999986699999999,alpha,False,—,correct (5/5),0.012474012474012476,False,2938,12567.0
HP1507101_D24,alpha,alpha,0.99999964,alpha,0.99999857,alpha,0.9999999,alpha,0.9999993,alpha,0.99999976,0,0.9999994339999999,alpha,False,—,correct (5/5),0.01031941031941032,False,6483,155934.0
HP1507101_C5,alpha,alpha,0.9999999,alpha,0.99999917,alpha,0.99999976,alpha,0.99999976,alpha,1.0,0,0.9999997180000001,alpha,False,—,correct (5/5),0.031660231660231665,False,6035,124526.0
HP1507101_J2,alpha,alpha,0.9999926,alpha,0.9999926,alpha,0.9999274,alpha,0.99986804,alpha,0.99950457,0,0.999857042,alpha,False,—,correct (5/5),0.023071852340145027,False,6845,530967.0
HP1507101_B13,alpha,alpha,0.99999976,alpha,0.9999988,alpha,0.9999994,alpha,0.99999964,alpha,0.9999999,0,0.9999995,alpha,False,—,correct (5/5),0.031660231660231665,False,6610,309739.0
HP1507101_H12,alpha,alpha,0.99999857,alpha,0.9999969,alpha,0.99999964,alpha,0.9999989,alpha,0.9999981,0,0.999998422,alpha,False,—,correct (5/5),0.05855855855855858,False,7323,517004.0
HP1507101_I19,alpha,alpha,0.9999993,alpha,0.9999993,alpha,0.9999994,alpha,0.9999994,alpha,0.9999993,0,0.9999993400000001,alpha,False,—,correct (5/5),0.009009009009009009,False,4340,21961.0
HP1507101_H22,alpha,alpha,0.99999857,alpha,0.9999989,alpha,0.9999994,alpha,0.99999905,alpha,0.99999964,0,0.999999112,alpha,False,—,correct (5/5),0.027027027027027025,False,7270,260656.0
HP1507101_B4,alpha,alpha,0.9999989,alpha,0.99999166,alpha,0.9999999,alpha,0.9999989,alpha,0.99999976,0,0.999997824,alpha,False,—,correct (5/5),0.019656019656019656,False,6763,166220.0
HP1507101_F13,alpha,alpha,0.9999846,alpha,0.99998915,alpha,0.999997,alpha,0.99999905,alpha,0.9999827,0,0.9999905,alpha,False,—,correct (5/5),0.016676250718803912,False,8655,218795.0
HP1507101_B19,alpha,alpha,0.9999999,alpha,0.9999993,alpha,1.0,alpha,1.0,alpha,1.0,0,0.9999998399999999,alpha,False,—,correct (5/5),0.04904904904904905,False,6293,231591.0
HP1507101_D12,alpha,alpha,0.9999908,alpha,0.9999893,alpha,0.99999833,alpha,0.9999758,alpha,0.9999976,0,0.9999903660000001,alpha,False,—,correct (5/5),0.04144144144144144,False,6728,246151.0
HP1507101_D5,alpha,alpha,0.9999987,alpha,0.99999774,alpha,0.9999987,alpha,0.99999774,alpha,0.99999976,0,0.9999985279999999,alpha,False,—,correct (5/5),0.018618618618618618,False,6167,131734.0
HP1507101_A18,alpha,alpha,0.99999976,alpha,0.99999964,alpha,0.99999964,alpha,0.9999999,alpha,1.0,0,0.999999788,alpha,False,—,correct (5/5),0.009009009009009009,False,6112,188851.0
HP1507101_B24,alpha,alpha,0.99999785,alpha,0.999997,alpha,0.99999857,alpha,0.99999833,alpha,0.9999994,0,0.9999982299999999,alpha,False,—,correct (5/5),0.014892443463872035,False,6595,177374.0
HP1507101_J21,alpha,alpha,0.9999958,alpha,0.99998736,alpha,0.999997,alpha,0.99998164,alpha,0.9999958,0,0.99999152,alpha,False,—,correct (5/5),0.014892443463872035,False,3814,18425.0
HP1507101_G11,alpha,alpha,0.9999958,alpha,0.9997975,alpha,0.99999833,alpha,0.99997294,alpha,0.9999871,0,0.999950334,alpha,False,—,correct (5/5),0.014054054054054054,False,5630,70664.0
HP1507101_B6,alpha,alpha,0.9999993,alpha,0.99999654,alpha,0.9999999,alpha,0.99999964,alpha,1.0,0,0.9999990759999999,alpha,False,—,correct (5/5),0.02432432432432433,False,6570,208933.0
HP1507101_D15,alpha,alpha,0.99998474,alpha,0.9999958,alpha,0.9999943,alpha,0.999998,alpha,0.9999987,0,0.9999943080000001,alpha,False,—,correct (5/5),0.007787448465414569,False,6897,113739.0
HP1507101_B12,alpha,alpha,0.9999989,alpha,0.99999905,alpha,0.9999999,alpha,0.99999976,alpha,0.99999964,0,0.99999945,alpha,False,—,correct (5/5),0.020741671904462605,False,5705,75641.0
HP1507101_B10,alpha,alpha,0.9999987,alpha,0.99999404,alpha,0.99999976,alpha,0.9999995,alpha,0.9999999,0,0.9999983800000001,alpha,False,—,correct (5/5),0.007787448465414569,False,5169,51447.0
HP1507101_N2,alpha,alpha,0.9999951,alpha,0.9999398,alpha,0.99998665,alpha,0.9999968,alpha,0.9999995,0,0.99998357,alpha,False,—,correct (5/5),0.021879021879021885,False,5811,96543.0
HP1507101_F5,alpha,alpha,0.99999857,alpha,0.9999943,alpha,0.9999907,alpha,0.9999546,alpha,0.9990451,0,0.9997966540000001,alpha,False,—,correct (5/5),0.018618618618618618,False,5661,67815.0
HP1507101_E12,alpha,alpha,0.9907919,alpha,0.9605314,gamma,0.79096925,gamma,0.80102056,gamma,0.551583,3,0.818979222,alpha,False,gamma,unstable error (1–3/5),0.10135135135135138,False,6638,152904.0
HP1507101_H3,alpha,alpha,0.99999666,alpha,0.99999416,alpha,0.9999987,alpha,0.9999758,alpha,0.9999831,0,0.999989684,alpha,False,—,correct (5/5),0.017626321974148065,False,6393,244536.0
HP1507101_O7,alpha,alpha,0.9999987,alpha,0.9999777,alpha,0.99999976,alpha,0.9999999,alpha,0.9999995,0,0.999995112,alpha,False,—,correct (5/5),0.04144144144144144,False,5502,89426.0
HP1507101_L14,alpha,alpha,0.9999869,alpha,0.9999826,alpha,0.99998856,alpha,0.99999356,alpha,0.9999795,0,0.999986224,alpha,False,—,correct (5/5),0.02432432432432433,False,6734,214865.0
HP1507101_L6,alpha,alpha,0.9999994,alpha,0.9999883,alpha,0.9999999,alpha,0.99999547,alpha,0.99999964,0,0.9999965420000001,alpha,False,—,correct (5/5),0.014054054054054054,False,5999,155612.0
HP1507101_C6,alpha,alpha,0.99999666,alpha,0.9999995,alpha,0.99999833,alpha,0.9999995,alpha,0.9999999,0,0.9999987779999999,alpha,False,—,correct (5/5),0.015765765765765768,False,3379,13962.0
HP1507101_I6,alpha,alpha,0.9999875,alpha,0.999997,alpha,0.9999993,alpha,0.99999726,alpha,0.99999607,0,0.9999954259999999,alpha,False,—,correct (5/5),0.009652509652509654,False,8933,456001.0
HP1507101_N23,alpha,alpha,0.99996173,alpha,0.9998852,alpha,0.9999876,alpha,0.9999976,alpha,0.99999416,0,0.9999652579999999,alpha,False,—,correct (5/5),0.012474012474012476,False,6369,173710.0
HP1507101_J17,alpha,alpha,0.99999714,alpha,0.99999785,alpha,0.9999994,alpha,0.9999727,alpha,0.99999607,0,0.999992632,alpha,False,—,correct (5/5),0.01172870984191739,False,6968,298768.0
HP1507101_F1,alpha,alpha,0.9999727,alpha,0.999949,alpha,0.9999894,alpha,0.9999993,alpha,0.9999628,0,0.9999746399999999,alpha,False,—,correct (5/5),0.015765765765765768,False,7682,463551.0
HP1507101_E9,alpha,gamma,0.5226057,alpha,0.9975083,alpha,0.96943027,alpha,0.9219592,alpha,0.9958379,1,0.881468274,alpha,False,gamma,unstable error (1–3/5),0.014892443463872035,False,4627,28747.0
HP1507101_C14,alpha,alpha,0.99996865,alpha,0.99999404,alpha,0.9999968,alpha,0.99997365,alpha,0.99993956,0,0.99997454,alpha,False,—,correct (5/5),0.015765765765765768,False,8752,152033.0
HP1507101_D11,alpha,alpha,0.9998832,alpha,0.97626823,alpha,0.99914384,alpha,0.99636155,alpha,0.9982602,0,0.993983404,alpha,False,—,correct (5/5),0.05513513513513514,False,4914,55223.0
HP1507101_J3,alpha,alpha,0.99999857,alpha,0.9999627,alpha,0.9999963,alpha,0.99999917,alpha,0.99999976,0,0.9999912999999999,alpha,False,—,correct (5/5),0.03521703521703521,False,6186,470856.0
HP1507101_M20,alpha,alpha,0.9999893,alpha,0.99998057,alpha,0.9999976,alpha,0.99999917,alpha,0.99968076,0,0.9999294800000001,alpha,False,—,correct (5/5),0.04380242311276794,False,7017,170444.0
HP1507101_D17,alpha,alpha,0.99999106,alpha,0.99999666,alpha,0.9999993,alpha,0.9999995,alpha,0.9999968,0,0.999996664,alpha,False,—,correct (5/5),0.013248542660307368,False,6780,254753.0
HP1507101_B16,alpha,alpha,0.99996483,alpha,0.9999987,alpha,0.99999976,alpha,0.9999993,alpha,0.9999999,0,0.9999924979999999,alpha,False,—,correct (5/5),0.018618618618618618,False,6399,108038.0
HP1507101_J5,alpha,alpha,0.99999404,alpha,0.99999845,alpha,0.9999974,alpha,0.9999995,alpha,0.9999999,0,0.9999978580000001,alpha,False,—,correct (5/5),0.014892443463872035,False,7662,326241.0
HP1507101_I24,alpha,alpha,0.9999945,alpha,0.99999964,alpha,0.9999995,alpha,0.9999999,alpha,1.0,0,0.999998708,alpha,False,—,correct (5/5),0.051975051975051964,False,5741,230966.0
HP1507101_O13,alpha,alpha,0.99999714,alpha,0.99999535,alpha,0.99999833,alpha,0.99999917,alpha,0.9999993,0,0.9999978580000001,alpha,False,—,correct (5/5),0.018618618618618618,False,6735,151766.0
HP1507101_E7,alpha,alpha,0.9999658,alpha,0.99857557,alpha,0.99999166,alpha,0.99998045,alpha,0.99998474,0,0.999699644,alpha,False,—,correct (5/5),0.018618618618618618,False,6864,99528.0
HP1507101_I20,alpha,alpha,0.99999964,alpha,0.99999547,alpha,0.99999917,alpha,0.99999344,alpha,0.9999925,0,0.9999960440000001,alpha,False,—,correct (5/5),0.014054054054054054,False,7155,413680.0
HP1507101_I5,alpha,alpha,0.99999785,alpha,0.99999714,alpha,0.99999976,alpha,0.99999964,alpha,0.99999964,0,0.999998806,alpha,False,—,correct (5/5),0.016676250718803912,False,7130,182530.0
HP1507101_B11,alpha,alpha,0.99999964,alpha,0.99999976,alpha,1.0,alpha,0.9999989,alpha,0.99999976,0,0.9999996120000001,alpha,False,—,correct (5/5),0.01172870984191739,False,5269,64637.0
HP1507101_H5,alpha,alpha,0.99999774,alpha,0.9999974,alpha,0.99999857,alpha,0.9999995,alpha,0.9999989,0,0.999998422,alpha,False,—,correct (5/5),0.015765765765765768,False,7606,356087.0
HP1507101_G9,alpha,alpha,0.99999404,alpha,0.9999975,alpha,0.99999785,alpha,0.99998975,alpha,0.9999945,0,0.9999947279999999,alpha,False,—,correct (5/5),0.017626321974148065,False,5872,77992.0
HP1507101_J4,alpha,alpha,0.9999999,alpha,0.9999995,alpha,0.9999999,alpha,0.9999981,alpha,0.9999999,0,0.9999994600000001,alpha,False,—,correct (5/5),0.009652509652509654,False,5291,176124.0
HP1507101_K24,alpha,alpha,0.99999475,alpha,0.99999785,alpha,0.9999995,alpha,0.99999595,alpha,0.9999999,0,0.9999975899999999,alpha,False,—,correct (5/5),0.033386327503974564,False,4297,47514.0
HP1507101_P3,alpha,alpha,0.9999999,alpha,0.99999917,alpha,0.9999999,alpha,0.9999999,alpha,1.0,0,0.9999997740000002,alpha,False,—,correct (5/5),0.013248542660307368,False,6822,411166.0
HP1507101_F21,alpha,alpha,0.9999877,alpha,0.99999714,alpha,0.9999976,alpha,0.9999987,alpha,0.99999785,0,0.9999957979999999,alpha,False,—,correct (5/5),0.008387698042870458,False,4908,34828.0
HP1507101_G15,alpha,alpha,0.99999285,alpha,0.99999654,alpha,0.99998736,alpha,0.99999785,alpha,0.99999714,0,0.9999943479999999,alpha,False,—,correct (5/5),0.007787448465414569,False,4875,31792.0
HP1507101_O11,alpha,alpha,0.99999964,alpha,0.9999987,alpha,0.9999989,alpha,0.99999976,alpha,0.9999993,0,0.9999992600000001,alpha,False,—,correct (5/5),0.016676250718803912,False,8056,208434.0
HP1507101_C8,alpha,alpha,0.99999714,alpha,0.9999987,alpha,0.9999981,alpha,0.99999774,alpha,0.999997,0,0.9999977359999999,alpha,False,—,correct (5/5),0.015765765765765768,False,7040,199497.0
HP1507101_L21,alpha,alpha,0.9996563,alpha,0.9955907,alpha,0.99975985,alpha,0.99978894,alpha,0.9998271,0,0.9989245780000001,alpha,False,—,correct (5/5),0.007787448465414569,False,6445,109741.0
HP1507101_J22,alpha,alpha,0.9999962,alpha,0.9999993,alpha,0.99999964,alpha,0.9999968,alpha,0.9999995,0,0.9999982880000001,alpha,False,—,correct (5/5),0.016676250718803912,False,6287,117572.0
HP1507101_P8,alpha,alpha,0.99998295,alpha,0.9999893,alpha,0.9999813,alpha,0.9999956,alpha,0.9999858,0,0.99998699,alpha,False,—,correct (5/5),0.014054054054054054,False,3742,15014.0
HP1508501T2D_E2,alpha,alpha,0.9998186,alpha,0.9999982,alpha,0.99993944,alpha,0.9999777,alpha,0.9999863,0,0.999944048,alpha,False,—,correct (5/5),0.031660231660231665,False,4276,58023.0
HP1508501T2D_E1,alpha,activated_stellate,0.9999999,activated_stellate,0.99999976,activated_stellate,0.99999857,activated_stellate,0.9999846,activated_stellate,1.0,5,0.9999965660000001,activated_stellate,True,activated_stellate,stable error (≥4/5),0.1309771309771309,False,8453,672927.0
HP1508501T2D_A3,alpha,alpha,0.9999579,alpha,0.999997,alpha,0.99999845,alpha,0.9999968,alpha,0.9999893,0,0.9999878900000001,alpha,False,—,correct (5/5),0.030030030030030033,False,6652,333528.0
HP1508501T2D_I2,alpha,alpha,0.95869255,alpha,0.9859065,alpha,0.999358,alpha,0.9997607,alpha,0.9930298,0,0.9873495099999999,alpha,False,—,correct (5/5),0.04904904904904905,False,5543,112662.0
HP1508501T2D_O1,alpha,alpha,0.99999976,alpha,0.9999976,alpha,1.0,alpha,0.9999999,alpha,0.9999999,0,0.9999994320000001,alpha,False,—,correct (5/5),0.0870870870870871,False,6633,620450.0
HP1508501T2D_K1,alpha,alpha,0.9995877,alpha,0.9999,alpha,0.99991596,alpha,0.93806356,alpha,0.99939716,0,0.987372876,alpha,False,—,correct (5/5),0.07567567567567568,False,6415,99887.0
HP1508501T2D_C20,alpha,alpha,0.9999964,alpha,0.9999995,alpha,0.99999976,alpha,0.999998,alpha,0.99999976,0,0.999998684,alpha,False,—,correct (5/5),0.030030030030030033,False,5135,142227.0
HP1508501T2D_M9,alpha,alpha,0.93031466,alpha,0.9967103,alpha,0.8051736,alpha,0.9459661,alpha,0.9810213,0,0.931837192,gamma,True,—,correct (5/5),0.06227967097532316,False,6114,58131.0
HP1508501T2D_L13,alpha,alpha,0.9999994,alpha,0.9999999,alpha,1.0,alpha,0.99999976,alpha,1.0,0,0.9999998120000001,alpha,False,—,correct (5/5),0.04904904904904905,False,6530,432397.0
HP1508501T2D_P7,alpha,alpha,0.9999523,alpha,0.99999774,alpha,0.9999982,alpha,0.99996257,alpha,0.9999733,0,0.999976822,alpha,False,—,correct (5/5),0.05855855855855858,False,8470,517546.0
HP1508501T2D_B15,alpha,alpha,0.9998889,alpha,0.9999094,alpha,0.99998856,alpha,0.99996865,alpha,0.99999774,0,0.9999506499999999,alpha,False,—,correct (5/5),0.04633204633204634,False,6996,833173.0
HP1508501T2D_D2,alpha,alpha,0.99999213,alpha,0.99999845,alpha,0.9999982,alpha,1.0,alpha,1.0,0,0.999997756,alpha,False,—,correct (5/5),0.030030030030030033,False,5494,1.068004e+06
HP1508501T2D_D20,alpha,alpha,0.9999995,alpha,1.0,alpha,0.9999999,alpha,0.9999994,alpha,0.9999995,0,0.9999996600000001,alpha,False,—,correct (5/5),0.031660231660231665,False,3712,40211.0
HP1508501T2D_E24,alpha,alpha,0.9999993,alpha,1.0,alpha,0.9999989,alpha,0.99999964,alpha,0.99999917,0,0.999999402,alpha,False,—,correct (5/5),0.03923278116826505,False,5166,195315.0
HP1508501T2D_G15,alpha,alpha,0.999998,alpha,0.99999416,alpha,0.99999964,alpha,0.9999988,alpha,0.9999815,0,0.9999944199999999,alpha,False,—,correct (5/5),0.04144144144144144,False,6373,473853.0
HP1508501T2D_M20,alpha,alpha,0.9999994,alpha,0.9999999,alpha,0.9999994,alpha,0.99999905,alpha,0.9999995,0,0.99999945,alpha,False,—,correct (5/5),0.025641025641025644,False,5140,205123.0
HP1508501T2D_B23,alpha,alpha,0.9999995,alpha,1.0,alpha,0.9999999,alpha,0.99999976,alpha,0.99999976,0,0.9999997840000001,alpha,False,—,correct (5/5),0.027027027027027025,False,5650,189320.0
HP1508501T2D_J21,alpha,alpha,0.9999924,alpha,0.99999964,alpha,0.9999982,alpha,0.9999987,alpha,0.9999994,0,0.999997668,alpha,False,—,correct (5/5),0.04380242311276794,False,5558,711646.0
HP1508501T2D_A13,alpha,alpha,1.0,alpha,1.0,alpha,0.99999976,alpha,0.99999905,alpha,1.0,0,0.9999997620000001,alpha,False,—,correct (5/5),0.09379968203497614,False,5225,694535.0
HP1508501T2D_I15,alpha,alpha,0.99966145,alpha,0.9999994,alpha,0.99990964,alpha,0.99999595,alpha,0.9999914,0,0.9999115679999999,alpha,False,—,correct (5/5),0.04904904904904905,False,6061,215255.0
HP1508501T2D_E6,alpha,alpha,0.99391234,alpha,0.9499534,alpha,0.9999945,alpha,0.99988544,alpha,0.9975757,0,0.988264276,alpha,False,—,correct (5/5),0.04904904904904905,False,4964,103379.0
HP1508501T2D_E14,alpha,alpha,0.99998665,alpha,0.99999857,alpha,0.99999857,alpha,0.9999932,alpha,0.99999964,0,0.999995326,alpha,False,—,correct (5/5),0.051975051975051964,False,4942,64964.0
HP1508501T2D_M19,alpha,alpha,0.9998574,alpha,0.9999975,alpha,0.9998498,alpha,0.9999931,alpha,0.99999166,0,0.9999378919999999,alpha,False,—,correct (5/5),0.031660231660231665,False,5028,234472.0
HP1508501T2D_D17,alpha,alpha,0.9999999,alpha,0.99999976,alpha,0.9999995,alpha,0.99999964,alpha,0.9999989,0,0.9999995399999999,alpha,False,—,correct (5/5),0.04904904904904905,False,7632,2.087712e+06
HP1508501T2D_L18,alpha,alpha,0.9999962,alpha,0.9999999,alpha,0.9999788,alpha,0.9999999,alpha,0.99999785,0,0.99999453,alpha,False,—,correct (5/5),0.11969111969111967,False,5448,289240.0
HP1508501T2D_F17,alpha,alpha,0.9999999,alpha,0.99999607,alpha,0.99999976,alpha,0.99999833,alpha,0.9999993,0,0.999998672,alpha,False,—,correct (5/5),0.02848794740686632,False,5513,876916.0
HP1508501T2D_H24,alpha,alpha,0.99998546,alpha,0.9999783,alpha,0.99995077,alpha,0.9995945,alpha,0.99866855,0,0.999635516,alpha,False,—,correct (5/5),0.051975051975051964,False,5108,40449.0
HP1508501T2D_H22,alpha,alpha,0.9952619,alpha,0.9999964,alpha,0.9999838,alpha,0.99992836,alpha,0.9999988,0,0.9990338519999999,alpha,False,—,correct (5/5),0.05513513513513514,False,3336,264845.0
HP1508501T2D_I20,alpha,alpha,0.9999529,alpha,0.9999993,alpha,0.9999969,alpha,0.9998246,alpha,0.99998176,0,0.9999510920000001,alpha,False,—,correct (5/5),0.04380242311276794,False,5063,159892.0
HP1508501T2D_B9,alpha,alpha,0.9999603,alpha,0.9999962,alpha,0.9998011,alpha,0.9999318,alpha,0.9999653,0,0.9999309400000002,alpha,False,—,correct (5/5),0.04633204633204634,False,4938,40969.0
HP1508501T2D_A6,alpha,alpha,0.7751508,alpha,0.9916865,alpha,0.994107,alpha,0.97123027,alpha,0.7865348,0,0.903741874,endothelial,True,—,correct (5/5),0.04144144144144144,False,3909,14893.0
HP1508501T2D_D5,alpha,alpha,0.99329054,alpha,0.9999565,alpha,0.99980646,alpha,0.99861395,alpha,0.98036844,0,0.994407178,alpha,False,—,correct (5/5),0.04633204633204634,False,6626,290737.0
HP1508501T2D_L6,alpha,alpha,0.9996569,alpha,0.99959224,alpha,0.9999819,alpha,0.99997807,alpha,0.99998486,0,0.9998387939999999,alpha,False,—,correct (5/5),0.033386327503974564,False,6521,332706.0
HP1508501T2D_B5,alpha,alpha,0.99998975,alpha,0.9999999,alpha,0.999987,alpha,0.9999989,alpha,1.0,0,0.9999951100000001,alpha,False,—,correct (5/5),0.04633204633204634,False,3562,140613.0
HP1508501T2D_F16,alpha,alpha,0.87264526,alpha,0.9997985,alpha,0.9991429,alpha,0.9998381,alpha,0.9999825,0,0.9742814519999999,epsilon,True,—,correct (5/5),0.04144144144144144,False,7161,1.025865e+06
HP1508501T2D_L7,alpha,alpha,0.994333,alpha,0.9999014,alpha,0.9997162,alpha,0.9983949,alpha,0.9999677,0,0.99846264,alpha,False,—,correct (5/5),0.025641025641025644,False,5916,157676.0
HP1508501T2D_L14,alpha,alpha,1.0,alpha,0.99999976,alpha,0.9999999,alpha,1.0,alpha,0.9999999,0,0.999999912,alpha,False,—,correct (5/5),0.03923278116826505,False,6239,938539.0
HP1508501T2D_G10,alpha,alpha,0.9999994,alpha,0.9999999,alpha,0.99999964,alpha,1.0,alpha,0.99999917,0,0.999999622,alpha,False,—,correct (5/5),0.02848794740686632,False,6540,1.022214e+06
HP1508501T2D_D6,alpha,alpha,0.98892945,alpha,0.9999397,alpha,0.99998784,alpha,0.99958867,alpha,0.9998919,0,0.9976675119999999,alpha,False,—,correct (5/5),0.05855855855855858,False,4020,150297.0
HP1508501T2D_E12,alpha,alpha,0.9998549,alpha,0.9999807,alpha,0.9999652,alpha,0.999987,alpha,0.99996376,0,0.999950312,alpha,False,—,correct (5/5),0.033386327503974564,False,6812,244165.0
HP1508501T2D_C7,alpha,alpha,0.99710363,alpha,0.9997867,alpha,0.9985654,alpha,0.9993594,alpha,0.9998685,0,0.9989367259999999,alpha,False,—,correct (5/5),0.033386327503974564,False,4157,20582.0
HP1508501T2D_P3,alpha,alpha,0.9999995,alpha,0.99999917,alpha,1.0,alpha,0.9999999,alpha,0.99999976,0,0.9999996660000001,alpha,False,—,correct (5/5),0.051975051975051964,False,7698,587677.0
HP1508501T2D_H4,alpha,alpha,0.99999976,alpha,0.9999999,alpha,1.0,alpha,0.9999999,alpha,1.0,0,0.9999999120000002,alpha,False,—,correct (5/5),0.014892443463872035,False,6691,1.209529e+06
HP1508501T2D_E18,alpha,alpha,0.9999975,alpha,0.99999976,alpha,0.9999982,alpha,0.99999726,alpha,0.99999976,0,0.9999984959999999,alpha,False,—,correct (5/5),0.08108108108108107,False,6795,971559.0
HP1508501T2D_G11,alpha,alpha,0.9999995,alpha,0.999998,alpha,0.9999968,alpha,1.0,alpha,0.99999976,0,0.999998812,alpha,False,—,correct (5/5),0.03716216216216217,False,6217,551438.0
HP1508501T2D_P11,alpha,alpha,0.9999304,alpha,0.9999746,alpha,0.9999863,alpha,0.99999356,alpha,0.999959,0,0.9999687720000001,alpha,False,—,correct (5/5),0.020741671904462605,False,7270,85223.0
HP1508501T2D_L16,alpha,alpha,0.9999063,alpha,0.9999931,alpha,0.99999595,alpha,0.9995421,alpha,0.9999635,0,0.9998801900000001,alpha,False,—,correct (5/5),0.03716216216216217,False,5979,175459.0
HP1508501T2D_P9,alpha,gamma,0.88852614,alpha,0.7379284,gamma,0.74102235,gamma,0.94037217,alpha,0.9054385,3,0.842657512,gamma,True,gamma,unstable error (1–3/5),0.0870870870870871,False,6936,57598.0
HP1508501T2D_O14,alpha,alpha,0.9999995,alpha,0.9999999,alpha,0.99999976,alpha,0.9999999,alpha,1.0,0,0.9999998120000001,alpha,False,—,correct (5/5),0.030030030030030033,False,4593,74654.0
HP1508501T2D_D1,alpha,alpha,0.9999994,alpha,0.9999999,alpha,1.0,alpha,0.99999976,alpha,0.9999999,0,0.999999792,alpha,False,—,correct (5/5),0.05513513513513514,False,4896,272819.0
HP1508501T2D_K21,alpha,alpha,0.99999535,alpha,0.9999989,alpha,0.9999988,alpha,0.99999726,alpha,0.99999964,0,0.99999799,alpha,False,—,correct (5/5),0.04144144144144144,False,4684,85707.0
HP1508501T2D_H6,alpha,alpha,1.0,alpha,0.9999999,alpha,0.9999994,alpha,0.99999964,alpha,1.0,0,0.999999788,alpha,False,—,correct (5/5),0.03716216216216217,False,6531,950698.0
HP1508501T2D_J9,alpha,alpha,0.9998895,alpha,0.99999726,alpha,0.9999876,alpha,0.99988794,alpha,0.9999651,0,0.9999454799999998,alpha,False,—,correct (5/5),0.03521703521703521,False,5699,74107.0
HP1508501T2D_B11,alpha,alpha,0.99998677,alpha,0.99999416,alpha,0.9999995,alpha,0.99997544,alpha,0.99991214,0,0.9999736020000001,alpha,False,—,correct (5/5),0.03521703521703521,False,5330,102073.0
HP1508501T2D_E10,alpha,alpha,0.99997187,alpha,0.9999995,alpha,0.9999678,alpha,0.99999,alpha,0.999997,0,0.9999852340000001,alpha,False,—,correct (5/5),0.051975051975051964,False,6192,167254.0
HP1508501T2D_C13,alpha,alpha,0.99999774,alpha,0.99999344,alpha,0.99999666,alpha,0.999997,alpha,0.99998605,0,0.999994178,alpha,False,—,correct (5/5),0.04633204633204634,False,5782,431229.0
HP1508501T2D_E22,alpha,alpha,0.99999976,alpha,0.9999999,alpha,0.9999993,alpha,0.99999964,alpha,0.9999995,0,0.99999962,alpha,False,—,correct (5/5),0.04904904904904905,False,6981,4.188736e+06
HP1508501T2D_A24,alpha,alpha,0.9961649,alpha,0.9928865,alpha,0.9977188,alpha,0.9999285,epsilon,0.84281504,1,0.9659027479999999,alpha,False,epsilon,unstable error (1–3/5),0.025641025641025644,False,5568,222024.0
HP1508501T2D_P5,alpha,delta,0.8581113,alpha,0.5370064,delta,0.991935,delta,0.927366,delta,0.9798196,4,0.85884766,alpha,False,delta,stable error (≥4/5),0.07567567567567568,False,6271,32754.0
HP1508501T2D_N20,alpha,alpha,0.9999968,alpha,0.9999999,alpha,0.9999988,alpha,0.9999988,alpha,0.9999993,0,0.99999872,alpha,False,—,correct (5/5),0.011011011011011013,False,4388,166754.0
HP1508501T2D_M4,alpha,alpha,0.99999964,alpha,1.0,alpha,0.9999995,alpha,0.9999999,alpha,0.9999999,0,0.999999788,alpha,False,—,correct (5/5),0.04144144144144144,False,5112,124394.0
HP1508501T2D_B8,alpha,alpha,0.99999976,alpha,0.99999976,alpha,0.9999999,alpha,0.9999976,alpha,0.99999714,0,0.999998832,alpha,False,—,correct (5/5),0.07567567567567568,False,5836,793678.0
HP1508501T2D_I16,alpha,alpha,0.99998987,alpha,0.99998343,alpha,0.9993293,alpha,0.9999418,alpha,0.999728,0,0.99979448,alpha,False,—,correct (5/5),0.05513513513513514,False,7574,328482.0
HP1508501T2D_A16,alpha,alpha,0.99998057,alpha,0.9999825,alpha,0.9999944,alpha,0.9999964,alpha,0.99958366,0,0.9999075060000001,alpha,False,—,correct (5/5),0.03923278116826505,False,6017,43448.0
HP1508501T2D_K4,alpha,alpha,0.99998665,alpha,0.9999994,alpha,0.9999968,alpha,0.9999769,alpha,0.99999154,0,0.9999902580000001,alpha,False,—,correct (5/5),0.04633204633204634,False,5937,257622.0
HP1508501T2D_H3,alpha,alpha,1.0,alpha,1.0,alpha,1.0,alpha,0.99999964,alpha,1.0,0,0.999999928,alpha,False,—,correct (5/5),0.030030030030030033,False,7345,788586.0
HP1508501T2D_C10,alpha,alpha,0.99999976,alpha,0.9999995,alpha,0.999998,alpha,0.9999989,alpha,0.99999976,0,0.999999184,alpha,False,—,correct (5/5),0.03923278116826505,False,6147,459603.0
HP1508501T2D_B4,alpha,alpha,0.9992834,alpha,0.99999905,alpha,0.99996996,alpha,0.9999422,alpha,0.99999285,0,0.9998374919999999,alpha,False,—,correct (5/5),0.03521703521703521,False,4053,108732.0
HP1508501T2D_C23,alpha,alpha,0.99999464,alpha,0.999998,alpha,0.9999968,alpha,0.9999995,alpha,0.99999774,0,0.9999973360000001,alpha,False,—,correct (5/5),0.04904904904904905,False,6795,1.262184e+06
HP1508501T2D_K17,alpha,alpha,0.9999356,alpha,0.9999999,alpha,0.9999751,alpha,0.9997806,alpha,0.9999975,0,0.99993774,alpha,False,—,correct (5/5),0.05513513513513514,False,6186,647833.0
HP1508501T2D_D3,alpha,alpha,0.99999964,alpha,0.99999774,alpha,0.99999976,alpha,0.9999908,alpha,0.9999988,0,0.999997348,alpha,False,—,correct (5/5),0.04633204633204634,False,6978,478962.0
HP1508501T2D_D16,alpha,alpha,0.9840763,alpha,0.9999764,alpha,0.9906962,alpha,0.9999589,alpha,0.9988286,0,0.9947072800000001,alpha,False,—,correct (5/5),0.0870870870870871,False,5976,355036.0
HP1508501T2D_G24,alpha,alpha,0.9999974,alpha,0.9999994,alpha,0.99999964,alpha,0.99999976,alpha,0.9999989,0,0.99999902,alpha,False,—,correct (5/5),0.031660231660231665,False,5216,358738.0
HP1508501T2D_P8,alpha,alpha,0.9999999,alpha,0.99999917,alpha,1.0,alpha,0.99999976,alpha,1.0,0,0.9999997660000002,alpha,False,—,correct (5/5),0.031660231660231665,False,8444,2.39897e+06
HP1508501T2D_I22,alpha,alpha,0.99999845,alpha,1.0,alpha,0.9999989,alpha,0.99999785,alpha,0.99999917,0,0.9999988739999999,alpha,False,—,correct (5/5),0.05513513513513514,False,5465,1.179387e+06
HP1508501T2D_O10,alpha,alpha,0.50059396,alpha,0.9993531,alpha,0.96457726,alpha,0.9344027,alpha,0.9972525,0,0.879235904,epsilon,True,—,correct (5/5),0.04904904904904905,False,4386,19193.0
HP1508501T2D_G20,alpha,alpha,0.9999974,alpha,0.9999994,alpha,0.99999976,alpha,0.99999976,alpha,0.99999905,0,0.9999990740000001,alpha,False,—,correct (5/5),0.02432432432432433,False,5722,263865.0
HP1508501T2D_K12,alpha,alpha,0.9998896,alpha,0.9999989,alpha,0.99999106,alpha,0.99999595,alpha,0.99997187,0,0.9999694760000001,alpha,False,—,correct (5/5),0.04633204633204634,False,5721,65556.0
HP1508501T2D_J20,alpha,alpha,0.999998,alpha,0.9999962,alpha,0.99999464,alpha,0.99999833,alpha,0.99999917,0,0.9999972680000001,alpha,False,—,correct (5/5),0.04633204633204634,False,4890,320168.0
HP1508501T2D_J4,alpha,alpha,0.99999976,alpha,0.99999976,alpha,0.9999994,alpha,0.9999995,alpha,0.99999964,0,0.9999996119999999,alpha,False,—,correct (5/5),0.03521703521703521,False,6402,1.255368e+06
HP1508501T2D_E8,alpha,alpha,0.99999464,alpha,0.99999857,alpha,0.9999949,alpha,0.99991226,alpha,0.99997485,0,0.9999750439999999,alpha,False,—,correct (5/5),0.04633204633204634,False,5946,279364.0
HP1508501T2D_M8,alpha,alpha,0.99945384,alpha,0.99968195,alpha,0.99987435,alpha,0.9999355,alpha,0.99994504,0,0.999778136,alpha,False,—,correct (5/5),0.019656019656019656,False,6136,115855.0
HP1508501T2D_B22,alpha,alpha,0.7341548,alpha,0.99972385,alpha,0.99999297,alpha,0.9997491,alpha,0.9998116,0,0.9466864639999999,alpha,False,—,correct (5/5),0.08108108108108107,False,3785,94053.0
HP1508501T2D_E19,alpha,alpha,0.99999404,alpha,1.0,alpha,0.9999975,alpha,0.999998,alpha,0.99999845,0,0.999997598,alpha,False,—,correct (5/5),0.03716216216216217,False,7006,554965.0
HP1508501T2D_J12,alpha,alpha,0.9999988,alpha,0.9999999,alpha,1.0,alpha,0.9999993,alpha,1.0,0,0.9999996,alpha,False,—,correct (5/5),0.031660231660231665,False,7077,5.068353e+06
HP1508501T2D_F9,alpha,alpha,0.99999857,alpha,1.0,alpha,0.9999988,alpha,0.9999993,alpha,0.9999999,0,0.9999993139999999,alpha,False,—,correct (5/5),0.033386327503974564,False,3345,149373.0
HP1508501T2D_N4,alpha,alpha,0.99998677,alpha,0.9999927,alpha,0.9999999,alpha,0.99998105,alpha,0.9999939,0,0.9999908640000001,alpha,False,—,correct (5/5),0.03521703521703521,False,9051,1.583759e+06
HP1508501T2D_I14,alpha,alpha,0.999959,alpha,0.99999785,alpha,0.9999962,alpha,0.9999771,alpha,0.9999442,0,0.99997487,alpha,False,—,correct (5/5),0.033386327503974564,False,5336,112219.0
HP1508501T2D_J3,alpha,alpha,0.99995697,alpha,0.9999527,alpha,0.9999995,alpha,0.99999225,alpha,0.9999895,0,0.999978184,alpha,False,—,correct (5/5),0.04633204633204634,False,6926,843714.0
HP1508501T2D_G21,alpha,alpha,0.9999696,alpha,0.9999993,alpha,0.99998796,alpha,0.99996257,alpha,0.9999913,0,0.999982146,alpha,False,—,correct (5/5),0.030030030030030033,False,5017,48357.0
HP1508501T2D_H23,alpha,alpha,0.99999785,alpha,0.9999999,alpha,0.99999845,alpha,0.9999956,alpha,0.9999939,0,0.99999714,alpha,False,—,correct (5/5),0.05513513513513514,False,5050,87847.0
HP1508501T2D_D21,alpha,beta,0.45466045,gamma,0.9211089,alpha,0.9970325,gamma,0.9868249,gamma,0.9959537,4,0.8711160900000001,alpha,False,gamma,stable error (≥4/5),0.04144144144144144,False,6818,1.494512e+06
HP1508501T2D_E23,alpha,alpha,0.9998275,alpha,0.9984831,alpha,0.9998511,alpha,0.99880683,alpha,0.9998078,0,0.9993552659999999,alpha,False,—,correct (5/5),0.05855855855855858,False,10285,5.009566e+06
HP1508501T2D_D14,alpha,alpha,0.99999547,alpha,0.999998,alpha,0.9999944,alpha,0.9999994,alpha,0.99999833,0,0.9999971200000001,alpha,False,—,correct (5/5),0.03923278116826505,False,6838,312455.0
HP1508501T2D_F18,alpha,alpha,0.9999981,alpha,0.99999547,alpha,0.9998691,alpha,0.9999901,alpha,0.99999416,0,0.9999693859999998,alpha,False,—,correct (5/5),0.04380242311276794,False,5971,842454.0
HP1508501T2D_D13,alpha,alpha,0.9999987,alpha,0.99999976,alpha,0.9999989,alpha,0.99999857,alpha,0.999995,0,0.999998186,alpha,False,—,correct (5/5),0.025641025641025644,False,5755,167429.0
HP1508501T2D_A4,alpha,alpha,0.90164757,alpha,0.9995615,alpha,0.9955722,alpha,0.99494356,alpha,0.99900776,0,0.978146518,alpha,False,—,correct (5/5),0.03521703521703521,False,4233,25964.0
HP1508501T2D_L17,alpha,delta,0.9988644,alpha,0.66832304,delta,0.9997291,delta,0.993382,delta,0.9983542,4,0.931730548,delta,True,delta,stable error (≥4/5),0.2297297297297298,False,9202,948941.0
HP1508501T2D_G6,alpha,alpha,0.9997589,alpha,0.9999491,alpha,0.99994326,alpha,0.99994004,alpha,0.9999306,0,0.99990438,alpha,False,—,correct (5/5),0.06227967097532316,False,4791,45396.0
HP1508501T2D_J5,alpha,alpha,0.9999939,alpha,0.9999995,alpha,0.99999905,alpha,0.99999726,alpha,0.99999833,0,0.9999976080000001,alpha,False,—,correct (5/5),0.04904904904904905,False,4980,83569.0
HP1508501T2D_N11,alpha,alpha,0.99999774,alpha,0.9999999,alpha,0.99999774,alpha,0.999998,alpha,0.9999993,0,0.999998536,alpha,False,—,correct (5/5),0.06633906633906633,False,5451,324608.0
HP1508501T2D_F23,alpha,alpha,0.9999887,alpha,0.999998,alpha,0.9999969,alpha,0.9999949,alpha,0.99999785,0,0.99999527,alpha,False,—,correct (5/5),0.03521703521703521,False,4372,52185.0
HP1508501T2D_K24,alpha,alpha,0.99999785,alpha,0.99999774,alpha,0.99999917,alpha,0.99999964,alpha,0.99999535,0,0.99999795,alpha,False,—,correct (5/5),0.04380242311276794,False,5589,191071.0
HP1508501T2D_D11,alpha,alpha,0.9999975,alpha,0.9999982,alpha,0.99999833,alpha,0.99999857,alpha,0.99999905,0,0.99999833,alpha,False,—,correct (5/5),0.02848794740686632,False,5299,52701.0
HP1508501T2D_M12,alpha,alpha,0.9999993,alpha,0.99999714,alpha,0.9999995,alpha,0.9999988,alpha,0.9999999,0,0.9999989279999999,alpha,False,—,correct (5/5),0.033386327503974564,False,6514,961756.0
HP1508501T2D_K19,alpha,alpha,0.9999604,alpha,0.99999964,alpha,0.99999034,alpha,0.99999774,alpha,0.9999931,0,0.9999882440000001,alpha,False,—,correct (5/5),0.05513513513513514,False,5299,461385.0
HP1508501T2D_B12,alpha,alpha,0.9999999,alpha,0.9999999,alpha,1.0,alpha,0.9999999,alpha,1.0,0,0.99999994,alpha,False,—,correct (5/5),0.05513513513513514,False,6428,993458.0
HP1508501T2D_B13,alpha,alpha,0.99355936,alpha,0.9008671,alpha,0.9465108,mast,0.5831954,macrophage,0.437777,2,0.772381932,alpha,False,macrophage,unstable error (1–3/5),0.03521703521703521,False,2492,39721.0
HP1508501T2D_K14,alpha,alpha,0.9999876,alpha,0.99999976,alpha,0.99999917,alpha,0.9999982,alpha,0.9999994,0,0.999996826,alpha,False,—,correct (5/5),0.06227967097532316,False,5984,371494.0
HP1508501T2D_H10,alpha,alpha,0.9999964,alpha,0.9999988,alpha,1.0,alpha,0.9999993,alpha,0.9999963,0,0.99999816,alpha,False,—,correct (5/5),0.04904904904904905,False,6094,360967.0
HP1508501T2D_M5,alpha,alpha,0.9999999,alpha,1.0,alpha,1.0,alpha,0.9999975,alpha,0.9999974,0,0.9999989600000001,alpha,False,—,correct (5/5),0.05855855855855858,False,3711,151091.0
HP1508501T2D_H21,alpha,alpha,0.99999166,alpha,0.99974424,alpha,0.9999993,alpha,0.9999912,alpha,0.9999981,0,0.9999449,alpha,False,—,correct (5/5),0.03923278116826505,False,7555,2.517904e+06
HP1508501T2D_F2,alpha,alpha,0.9999968,alpha,0.99999845,alpha,0.999998,alpha,0.99999046,alpha,0.9999987,0,0.999996482,alpha,False,—,correct (5/5),0.06227967097532316,False,4879,782295.0
HP1508501T2D_J8,alpha,alpha,1.0,alpha,0.9999999,alpha,1.0,alpha,0.9999994,alpha,0.99999976,0,0.9999998120000001,alpha,False,—,correct (5/5),0.051975051975051964,False,6736,2.33243e+06
HP1508501T2D_P6,alpha,alpha,0.99999034,alpha,0.99998915,alpha,0.9999974,alpha,0.99998367,alpha,0.99993336,0,0.999978784,alpha,False,—,correct (5/5),0.03521703521703521,False,6309,94706.0
HP1508501T2D_O6,alpha,alpha,0.99976355,alpha,0.9999907,alpha,0.9999869,alpha,0.9998012,alpha,0.9999788,0,0.99990423,alpha,False,—,correct (5/5),0.014054054054054054,False,3179,11446.0
HP1508501T2D_H15,alpha,alpha,0.9999963,alpha,0.9999995,alpha,0.9999974,alpha,0.99999523,alpha,1.0,0,0.999997686,alpha,False,—,correct (5/5),0.08108108108108107,False,3291,162997.0
HP1508501T2D_A14,alpha,alpha,0.9999862,alpha,0.9999995,alpha,0.9999994,alpha,0.9999989,alpha,0.99999964,0,0.999996728,alpha,False,—,correct (5/5),0.015765765765765768,False,6090,411908.0
HP1508501T2D_A12,alpha,alpha,0.9999994,alpha,0.9999975,alpha,0.9999933,alpha,0.9999999,alpha,0.99999964,0,0.9999979480000001,alpha,False,—,correct (5/5),0.03923278116826505,False,7327,934287.0
HP1508501T2D_B3,alpha,alpha,0.99999595,alpha,0.99999857,alpha,0.9999999,alpha,0.9999981,alpha,0.99999714,0,0.999997932,alpha,False,—,correct (5/5),0.03923278116826505,False,5470,463313.0
HP1508501T2D_A15,alpha,alpha,0.97998315,alpha,0.99970526,alpha,0.9942357,alpha,0.99977225,alpha,0.9997539,0,0.9946900519999999,alpha,False,—,correct (5/5),0.05855855855855858,False,5817,173414.0
HP1508501T2D_J1,alpha,alpha,0.9999999,alpha,0.99999976,alpha,0.99999976,alpha,0.9999999,alpha,0.9999999,0,0.9999998440000001,alpha,False,—,correct (5/5),0.02432432432432433,False,6417,1.269978e+06
HP1508501T2D_K9,alpha,alpha,0.99991846,alpha,0.9999976,alpha,0.99998343,alpha,0.9998646,alpha,0.9999615,0,0.999945118,alpha,False,—,correct (5/5),0.04904904904904905,False,5335,70071.0
HP1508501T2D_E21,alpha,alpha,0.99998295,alpha,0.99996257,alpha,0.9999924,alpha,0.9999471,alpha,0.99997497,0,0.999971998,alpha,False,—,correct (5/5),0.03521703521703521,False,4722,41729.0
HP1508501T2D_F20,alpha,alpha,0.99999976,alpha,0.9999999,alpha,0.9999951,alpha,0.9999989,alpha,0.99999475,0,0.999997682,alpha,False,—,correct (5/5),0.03716216216216217,False,6301,787038.0
HP1508501T2D_G4,alpha,alpha,0.99999917,alpha,0.9999994,alpha,0.9999999,alpha,0.9999994,alpha,0.99998224,0,0.999996022,alpha,False,—,correct (5/5),0.04144144144144144,False,5825,302689.0
HP1508501T2D_D8,alpha,alpha,0.9999999,alpha,0.9999994,alpha,0.9999999,alpha,0.9999999,alpha,0.99999976,0,0.999999772,alpha,False,—,correct (5/5),0.033386327503974564,False,5971,1.750751e+06
HP1508501T2D_D10,alpha,alpha,0.9999529,alpha,0.99856025,alpha,0.9999999,alpha,0.99999666,alpha,0.99999857,0,0.999701656,alpha,False,—,correct (5/5),0.04380242311276794,False,5520,331689.0
HP1508501T2D_E13,alpha,alpha,0.99868125,alpha,0.9996693,alpha,0.9999049,alpha,0.99972385,alpha,0.9999628,0,0.99958842,alpha,False,—,correct (5/5),0.05513513513513514,False,7337,394695.0
HP1509101_A3,alpha,alpha,0.9998685,alpha,0.9999982,alpha,0.99999535,alpha,0.99997735,alpha,0.9999925,0,0.99996638,alpha,False,—,correct (5/5),0.011011011011011013,False,8016,145373.0
HP1509101_D5,alpha,alpha,0.9999896,alpha,0.9999987,alpha,0.9999993,alpha,0.9999962,alpha,0.9999989,0,0.99999654,alpha,False,—,correct (5/5),0.01031941031941032,False,4417,29248.0
HP1509101_G19,alpha,alpha,0.9999819,alpha,0.99999356,alpha,0.9999943,alpha,0.99997663,alpha,0.9999963,0,0.999988538,alpha,False,—,correct (5/5),0.012474012474012476,False,6346,76581.0
HP1509101_P4,alpha,alpha,0.99995434,alpha,0.99997556,alpha,0.99999857,alpha,0.99997723,alpha,0.9999784,0,0.99997682,alpha,False,—,correct (5/5),0.009652509652509654,False,5671,52327.0
HP1509101_B8,alpha,alpha,0.9970086,alpha,0.9714224,alpha,0.9986979,alpha,0.9539345,alpha,0.9793108,0,0.98007484,alpha,False,—,correct (5/5),0.009009009009009009,False,3555,14182.0
HP1509101_J12,alpha,alpha,0.99994385,alpha,0.99953234,alpha,0.9999572,alpha,0.9999833,alpha,0.99997807,0,0.9998789520000001,alpha,False,—,correct (5/5),0.009009009009009009,False,5973,84856.0
HP1509101_A7,alpha,alpha,0.9999825,alpha,0.9999956,alpha,0.9999944,alpha,0.9999585,alpha,0.9999981,0,0.9999858199999998,alpha,False,—,correct (5/5),0.012474012474012476,False,6008,58670.0
HP1509101_H1,alpha,alpha,0.99991477,alpha,0.9841381,alpha,0.80788124,alpha,0.9997595,alpha,0.99956626,0,0.9582519740000001,alpha,False,—,correct (5/5),0.07078507078507078,False,5825,50229.0
HP1509101_L17,alpha,beta,0.85761356,gamma,0.4490349,gamma,0.688887,gamma,0.95752364,gamma,0.9991623,5,0.79044428,beta,True,gamma,stable error (≥4/5),0.04380242311276794,False,4717,22751.0
HP1509101_L6,alpha,alpha,0.9999968,alpha,0.99999857,alpha,0.99999726,alpha,0.9999987,alpha,0.9999993,0,0.999998126,alpha,False,—,correct (5/5),0.009009009009009009,False,2419,7529.0
HP1509101_G23,alpha,alpha,0.9999522,alpha,0.9999745,alpha,0.99998283,alpha,0.99999666,alpha,0.9999968,0,0.9999805979999999,alpha,False,—,correct (5/5),0.012474012474012476,False,8215,580382.0
HP1509101_I14,alpha,alpha,0.9999597,alpha,0.99997437,alpha,0.99986994,alpha,0.9999566,alpha,0.99998915,0,0.999949952,alpha,False,—,correct (5/5),0.07567567567567568,False,5862,213799.0
HP1509101_H21,alpha,alpha,0.99999595,alpha,0.99998903,alpha,0.99997234,alpha,0.9999976,alpha,0.9999958,0,0.9999901440000001,alpha,False,—,correct (5/5),0.01031941031941032,False,6862,154391.0
HP1509101_L8,alpha,alpha,0.9999944,alpha,0.9999949,alpha,0.99998236,alpha,0.9999951,alpha,0.99999964,0,0.99999328,alpha,False,—,correct (5/5),0.07078507078507078,False,5725,392288.0
HP1509101_G14,alpha,alpha,0.9999883,alpha,0.9999988,alpha,0.99999774,alpha,0.9999949,alpha,0.99999833,0,0.999995614,alpha,False,—,correct (5/5),0.012474012474012476,False,5696,87465.0
HP1509101_I5,alpha,alpha,0.99999034,alpha,0.9999945,alpha,0.99999607,alpha,0.9999906,alpha,0.9999993,0,0.9999941619999999,alpha,False,—,correct (5/5),0.009009009009009009,False,5069,32789.0
HP1509101_K22,alpha,alpha,0.99992955,alpha,0.99999666,alpha,0.99998355,alpha,0.9999958,alpha,0.9999918,0,0.999979472,alpha,False,—,correct (5/5),0.0066459902525476304,False,5034,30105.0
HP1509101_F13,alpha,alpha,0.99989665,alpha,0.9999757,alpha,0.99951243,alpha,0.9999802,alpha,0.9999958,0,0.999872156,alpha,False,—,correct (5/5),0.015765765765765768,False,4174,23933.0
HP1509101_G24,alpha,alpha,0.9999995,alpha,0.99999356,alpha,0.99994636,alpha,0.99999857,alpha,0.99999964,0,0.999987526,alpha,False,—,correct (5/5),0.01172870984191739,False,6897,232750.0
HP1509101_D15,alpha,alpha,0.9999963,alpha,0.99999297,alpha,0.99996233,alpha,0.9999964,alpha,0.9999974,0,0.9999890800000001,alpha,False,—,correct (5/5),0.009652509652509654,False,4015,29826.0
HP1509101_O9,alpha,alpha,0.99999666,alpha,0.9999914,alpha,0.99994373,alpha,0.99999917,alpha,0.9999995,0,0.999986092,alpha,False,—,correct (5/5),0.019656019656019656,False,7510,425563.0
HP1509101_N12,alpha,alpha,0.99999654,alpha,0.9999883,alpha,0.9999956,alpha,0.9999989,alpha,0.9999845,0,0.999992768,alpha,False,—,correct (5/5),0.012474012474012476,False,6441,259359.0
HP1509101_O7,alpha,alpha,0.99999666,alpha,0.9999974,alpha,0.9999956,alpha,0.9999974,alpha,0.999997,0,0.9999968120000002,alpha,False,—,correct (5/5),0.009652509652509654,False,4171,20476.0
HP1509101_D8,alpha,alpha,0.99999464,alpha,0.9999808,alpha,0.9999999,alpha,0.99999857,alpha,0.9999995,0,0.9999946820000002,alpha,False,—,correct (5/5),0.021879021879021885,False,7676,1.324571e+06
HP1509101_H22,alpha,alpha,0.9998914,alpha,0.99995863,alpha,0.99998033,alpha,0.9999976,alpha,0.99998915,0,0.9999634219999999,alpha,False,—,correct (5/5),0.015765765765765768,False,7327,458259.0
HP1509101_F1,alpha,alpha,0.9999962,alpha,0.9999864,alpha,0.99999654,alpha,0.9996835,alpha,0.9999968,0,0.9999318880000001,alpha,False,—,correct (5/5),0.030030030030030033,False,3972,39506.0
HP1509101_L11,alpha,alpha,0.99999726,alpha,0.9999914,alpha,0.9999995,alpha,0.9999951,alpha,0.9999974,0,0.999996132,alpha,False,—,correct (5/5),0.014054054054054054,False,7194,246363.0
HP1509101_N15,alpha,alpha,0.99963737,alpha,0.999979,alpha,0.99993634,alpha,0.99998367,alpha,0.9998771,0,0.999882696,alpha,False,—,correct (5/5),0.01172870984191739,False,2670,7393.0
HP1509101_G22,alpha,alpha,0.99960726,alpha,0.89951426,alpha,0.9985241,alpha,0.99954045,alpha,0.9541141,0,0.970260034,alpha,False,—,correct (5/5),0.023071852340145027,False,4776,39424.0
HP1509101_H24,alpha,alpha,0.99997663,alpha,0.9999088,alpha,0.9999858,alpha,0.99992883,alpha,0.9998617,0,0.9999323520000001,alpha,False,—,correct (5/5),0.008387698042870458,False,8379,763785.0
HP1509101_H23,alpha,alpha,0.9999988,alpha,0.99999654,alpha,0.999997,alpha,0.99998724,alpha,0.99991083,0,0.9999780819999999,alpha,False,—,correct (5/5),0.007207207207207207,False,8918,812030.0
HP1509101_I10,alpha,alpha,0.99998295,alpha,0.9999788,alpha,0.99998164,alpha,0.9999652,alpha,0.9999927,0,0.9999802580000001,alpha,False,—,correct (5/5),0.009009009009009009,False,5644,48646.0
HP1509101_C12,alpha,alpha,0.9999975,alpha,0.9999958,alpha,0.9999993,alpha,0.99998856,alpha,0.99999833,0,0.9999958980000001,alpha,False,—,correct (5/5),0.013248542660307368,False,5952,217813.0
HP1509101_G18,alpha,alpha,0.99999285,alpha,0.9999956,alpha,0.99999917,alpha,0.999982,alpha,0.9999981,0,0.9999935440000002,alpha,False,—,correct (5/5),0.013248542660307368,False,5668,50818.0
HP1509101_M12,alpha,alpha,0.9999409,alpha,0.999998,alpha,0.9999994,alpha,0.9999981,alpha,0.99999547,0,0.999986374,alpha,False,—,correct (5/5),0.01031941031941032,False,6467,86289.0
HP1509101_I22,alpha,alpha,0.9999291,alpha,0.9999155,alpha,0.9999881,alpha,0.999987,alpha,0.99998426,0,0.9999607919999999,alpha,False,—,correct (5/5),0.02432432432432433,False,2533,7169.0
HP1509101_N16,alpha,alpha,0.999992,alpha,0.99999714,alpha,0.9999534,alpha,0.99994826,alpha,0.99999106,0,0.9999763719999999,alpha,False,—,correct (5/5),0.014054054054054054,False,3142,11386.0
HP1509101_P20,alpha,alpha,0.9999776,alpha,0.99995446,alpha,0.9998995,alpha,0.99996626,alpha,0.9999722,0,0.9999540039999999,alpha,False,—,correct (5/5),0.015765765765765768,False,5962,51804.0
HP1509101_P18,alpha,alpha,0.9752322,alpha,0.9999099,alpha,0.9981298,alpha,0.99702865,alpha,0.9949727,0,0.99305465,alpha,False,—,correct (5/5),0.015765765765765768,False,6909,455068.0
HP1509101_G15,alpha,alpha,0.9999981,alpha,0.99999595,alpha,0.99999094,alpha,0.9999827,alpha,0.9999981,0,0.9999931579999999,alpha,False,—,correct (5/5),0.030030030030030033,False,2782,15723.0
HP1509101_N9,alpha,alpha,0.9999963,alpha,0.9999832,alpha,0.9999931,alpha,0.99999,alpha,0.99999964,0,0.9999924479999999,alpha,False,—,correct (5/5),0.009009009009009009,False,6719,125858.0
HP1509101_B20,alpha,alpha,0.99999857,alpha,0.9999882,alpha,0.99999213,alpha,0.99999726,alpha,0.9999999,0,0.999995212,alpha,False,—,correct (5/5),0.01031941031941032,False,7037,699075.0
HP1509101_N18,alpha,alpha,0.97443897,alpha,0.99730814,alpha,0.9996086,alpha,0.99195135,alpha,0.9600687,0,0.984675152,macrophage,True,—,correct (5/5),0.023071852340145027,False,8226,328999.0
HP1509101_N17,alpha,alpha,0.9999839,alpha,0.99998665,alpha,0.9999788,alpha,0.99999976,alpha,0.99999964,0,0.9999897499999999,alpha,False,—,correct (5/5),0.016676250718803912,False,6962,542286.0
HP1509101_C22,alpha,alpha,0.99990714,alpha,0.99966586,alpha,0.9999944,alpha,0.9999187,alpha,0.9998055,0,0.9998583200000001,alpha,False,—,correct (5/5),0.019656019656019656,False,5688,41197.0
HP1509101_E19,alpha,alpha,0.9999957,alpha,0.9999697,alpha,0.99999535,alpha,0.99999475,alpha,0.9999981,0,0.9999907199999999,alpha,False,—,correct (5/5),0.019656019656019656,False,4677,34444.0
HP1509101_O23,alpha,alpha,0.9994603,alpha,0.99956316,alpha,0.99923396,alpha,0.99992883,alpha,0.99266726,0,0.998170702,alpha,False,—,correct (5/5),0.013248542660307368,False,3862,18926.0
HP1509101_J8,alpha,alpha,0.9999715,alpha,0.9999896,alpha,0.9999906,alpha,0.9999889,alpha,0.9999919,0,0.9999865,alpha,False,—,correct (5/5),0.009009009009009009,False,5683,102703.0
HP1509101_B11,alpha,alpha,0.9999956,alpha,0.9999988,alpha,0.9999951,alpha,0.99999523,alpha,0.99999905,0,0.999996756,alpha,False,—,correct (5/5),0.016676250718803912,False,4115,23261.0
HP1509101_D19,alpha,alpha,0.9999542,alpha,0.9999975,alpha,0.9999857,alpha,0.99999225,alpha,0.9999989,0,0.99998571,alpha,False,—,correct (5/5),0.02432432432432433,False,6184,177689.0
HP1509101_K21,alpha,alpha,0.9999932,alpha,0.999997,alpha,0.9999398,alpha,0.99999785,alpha,0.99999,0,0.99998357,alpha,False,—,correct (5/5),0.01031941031941032,False,3973,20078.0
HP1509101_G20,alpha,alpha,0.99999547,alpha,0.9999932,alpha,0.9999981,alpha,0.9999988,alpha,0.9999999,0,0.9999970939999999,alpha,False,—,correct (5/5),0.021879021879021885,False,3339,26954.0
HP1509101_J4,alpha,alpha,0.9999864,alpha,0.9999813,alpha,0.9999875,alpha,0.9999944,alpha,0.9999987,0,0.99998966,alpha,False,—,correct (5/5),0.014054054054054054,False,7061,215248.0
HP1509101_H11,alpha,alpha,0.99999833,alpha,0.99999714,alpha,0.99999774,alpha,0.9999937,alpha,0.9999994,0,0.9999972619999999,alpha,False,—,correct (5/5),0.031660231660231665,False,5802,264255.0
HP1509101_I21,alpha,alpha,0.9999684,alpha,0.99999046,alpha,0.99996066,alpha,0.9999695,alpha,0.99998677,0,0.9999751579999998,alpha,False,—,correct (5/5),0.02848794740686632,False,7035,146863.0
HP1509101_H14,alpha,alpha,0.9996062,alpha,0.999956,alpha,0.9999722,alpha,0.9999676,alpha,0.99995685,0,0.99989177,alpha,False,—,correct (5/5),0.007207207207207207,False,2700,7377.0
HP1509101_O13,alpha,alpha,0.9999778,alpha,0.9999989,alpha,0.99999774,alpha,0.9999989,alpha,0.9999944,0,0.999993548,alpha,False,—,correct (5/5),0.014054054054054054,False,6094,69929.0
HP1509101_J15,alpha,alpha,0.9999826,alpha,0.99994755,alpha,0.9999993,alpha,0.99999297,alpha,0.9999956,0,0.999983604,alpha,False,—,correct (5/5),0.01172870984191739,False,7403,230151.0
HP1509101_H9,alpha,alpha,0.9995165,alpha,0.99783957,alpha,0.93059784,alpha,0.99851495,alpha,0.9995166,0,0.9851970919999999,alpha,False,—,correct (5/5),0.04904904904904905,False,4190,78543.0
HP1509101_O20,alpha,alpha,0.9996823,alpha,0.99976236,alpha,0.99991095,alpha,0.9999846,alpha,0.99991953,0,0.9998519479999999,alpha,False,—,correct (5/5),0.04633204633204634,False,3778,18366.0
HP1509101_I8,alpha,alpha,0.99954754,alpha,0.9999318,alpha,0.99993587,alpha,0.9999852,alpha,0.9997993,0,0.999839942,alpha,False,—,correct (5/5),0.03923278116826505,False,4136,26309.0
HP1509101_F4,alpha,alpha,0.9999801,alpha,0.99999225,alpha,0.9999951,alpha,0.9999697,alpha,0.9999883,0,0.99998509,alpha,False,—,correct (5/5),0.009009009009009009,False,6091,82849.0
HP1509101_K7,alpha,alpha,0.99754095,alpha,0.99865,alpha,0.99196625,alpha,0.98820114,alpha,0.96828216,0,0.9889281000000001,alpha,False,—,correct (5/5),0.007207207207207207,False,3586,17120.0
HP1509101_N5,alpha,alpha,0.9999635,alpha,0.9999993,alpha,0.99999845,alpha,0.99999964,alpha,0.9999994,0,0.9999920579999999,alpha,False,—,correct (5/5),0.018618618618618618,False,3657,16538.0
HP1509101_J20,alpha,alpha,0.99999475,alpha,0.9999808,alpha,0.99995315,alpha,0.99993646,alpha,0.9999815,0,0.9999693319999998,alpha,False,—,correct (5/5),0.011011011011011013,False,6828,123651.0
HP1509101_F19,alpha,alpha,0.9999304,alpha,0.9995753,alpha,0.9999939,alpha,0.9998267,alpha,0.9994879,0,0.99976284,alpha,False,—,correct (5/5),0.05855855855855858,False,8862,332331.0
HP1509101_I23,alpha,alpha,0.9998671,alpha,0.99988985,alpha,0.9999614,alpha,0.999113,alpha,0.9999795,0,0.99976217,alpha,False,—,correct (5/5),0.016676250718803912,False,7355,429329.0
HP1509101_O19,alpha,beta,0.69460875,beta,0.999468,beta,0.5139512,beta,0.97833085,beta,0.5802944,5,0.7533306399999999,beta,True,beta,stable error (≥4/5),0.1783783783783784,False,4684,30669.0
HP1509101_L24,alpha,alpha,0.9999987,alpha,0.99999833,alpha,0.9999999,alpha,0.9999993,alpha,0.9999999,0,0.9999992259999999,alpha,False,—,correct (5/5),0.012474012474012476,False,7566,774755.0
HP1509101_O16,alpha,alpha,0.99999213,alpha,0.999926,alpha,0.99997985,alpha,0.9999323,alpha,0.999835,0,0.999933056,alpha,False,—,correct (5/5),0.009652509652509654,False,7073,161334.0
HP1509101_I18,alpha,alpha,0.9975132,alpha,0.99756706,alpha,0.994212,alpha,0.99644643,alpha,0.9975752,0,0.9966627779999999,alpha,False,—,correct (5/5),0.021879021879021885,False,2707,8247.0
HP1509101_N20,alpha,alpha,0.9999883,alpha,0.9999629,alpha,0.9999987,alpha,0.9999652,alpha,0.99999726,0,0.9999824719999999,alpha,False,—,correct (5/5),0.012474012474012476,False,6947,274090.0
HP1509101_A20,alpha,alpha,0.9999945,alpha,0.9999974,alpha,0.9999939,alpha,0.9999981,alpha,0.9999968,0,0.99999614,alpha,False,—,correct (5/5),0.009009009009009009,False,2578,7418.0
HP1509101_I24,alpha,alpha,0.5345002,beta,0.63002324,alpha,0.49922112,alpha,0.619949,beta,0.96619487,2,0.649977686,endothelial,True,beta,unstable error (1–3/5),0.05855855855855858,False,5530,163430.0
HP1509101_G16,alpha,alpha,0.99996984,alpha,0.99999523,alpha,0.9999919,alpha,0.99999595,alpha,0.99999464,0,0.999989512,alpha,False,—,correct (5/5),0.013248542660307368,False,6590,64161.0
HP1509101_M8,alpha,alpha,0.9998068,alpha,0.9999871,alpha,0.99997926,alpha,0.99998903,alpha,0.99999607,0,0.999951652,alpha,False,—,correct (5/5),0.10135135135135138,False,3417,19175.0
HP1509101_J6,alpha,alpha,0.99999297,alpha,0.99999917,alpha,0.9999938,alpha,0.9999974,alpha,0.99999905,0,0.9999964779999999,alpha,False,—,correct (5/5),0.008387698042870458,False,3454,20374.0
HP1509101_M10,alpha,alpha,0.9999919,alpha,0.9999993,alpha,0.99999976,alpha,0.9987936,alpha,0.9999896,0,0.999754832,alpha,False,—,correct (5/5),0.012474012474012476,False,7556,415182.0
HP1509101_B10,alpha,alpha,0.99999344,alpha,0.9999951,alpha,0.99999666,alpha,0.99997175,alpha,0.9999937,0,0.9999901299999999,alpha,False,—,correct (5/5),0.0066459902525476304,False,7771,215957.0
HP1509101_G17,alpha,alpha,0.99998593,alpha,0.9999913,alpha,0.9999889,alpha,0.9999913,alpha,0.99999714,0,0.999990914,alpha,False,—,correct (5/5),0.007207207207207207,False,5222,61316.0
HP1509101_J24,alpha,alpha,0.99972194,alpha,0.99997616,alpha,0.999752,alpha,0.9999912,alpha,0.99999356,0,0.999886972,alpha,False,—,correct (5/5),0.016676250718803912,False,6951,161381.0
HP1509101_O12,alpha,alpha,0.9999869,alpha,0.9999975,alpha,0.99998975,alpha,0.9999957,alpha,0.9999975,0,0.9999934699999999,alpha,False,—,correct (5/5),0.011011011011011013,False,6810,256721.0
HP1525301T2D_K15,alpha,alpha,0.99999547,alpha,0.99998736,alpha,0.9999982,alpha,0.9999994,alpha,0.99999774,0,0.999995634,alpha,False,—,correct (5/5),0.06227967097532316,False,6590,198268.0
HP1525301T2D_G11,alpha,alpha,0.9999912,alpha,0.9999993,alpha,0.99999905,alpha,0.99999714,alpha,0.99999726,0,0.99999679,alpha,False,—,correct (5/5),0.030030030030030033,False,6514,141026.0
HP1525301T2D_A6,alpha,alpha,0.9971276,alpha,0.9998332,alpha,0.99998164,alpha,0.9976987,alpha,0.998961,0,0.998720428,alpha,False,—,correct (5/5),0.025641025641025644,False,7103,129456.0
HP1525301T2D_K23,alpha,alpha,0.9999987,alpha,0.9999999,alpha,0.9999982,alpha,0.99999917,alpha,0.9999982,0,0.999998834,alpha,False,—,correct (5/5),0.03923278116826505,False,6900,227054.0
HP1525301T2D_I21,alpha,alpha,0.9999933,alpha,0.99999666,alpha,0.9999993,alpha,0.9999918,alpha,0.9999887,0,0.999993952,alpha,False,—,correct (5/5),0.04144144144144144,False,6272,215455.0
HP1525301T2D_I12,alpha,alpha,0.9999994,alpha,0.99999976,alpha,0.9999993,alpha,0.9999994,alpha,0.9999981,0,0.999999192,alpha,False,—,correct (5/5),0.04144144144144144,False,6951,276852.0
HP1525301T2D_P22,alpha,alpha,0.99999905,alpha,0.99999917,alpha,0.9999968,alpha,0.9999987,alpha,0.99998784,0,0.999996312,alpha,False,—,correct (5/5),0.020741671904462605,False,6790,236299.0
HP1525301T2D_J14,alpha,alpha,0.9999975,alpha,0.99999964,alpha,0.99999976,alpha,0.9999995,alpha,0.9999989,0,0.99999906,alpha,False,—,correct (5/5),0.033386327503974564,False,6793,219128.0
HP1525301T2D_P6,alpha,alpha,0.9999982,alpha,0.9999989,alpha,0.9999995,alpha,0.99999905,alpha,0.99999905,0,0.99999894,alpha,False,—,correct (5/5),0.027027027027027025,False,6394,173274.0
HP1525301T2D_C16,alpha,alpha,0.99900633,alpha,0.9999298,alpha,0.9999939,alpha,0.99998915,alpha,0.99998283,0,0.9997804020000001,alpha,False,—,correct (5/5),0.027027027027027025,False,6789,144263.0
HP1525301T2D_B1,alpha,alpha,0.99998355,alpha,0.9999924,alpha,0.9999882,alpha,0.99704546,alpha,0.99908125,0,0.999218172,alpha,False,—,correct (5/5),0.016676250718803912,False,6201,236045.0
HP1525301T2D_B4,alpha,alpha,0.99999785,alpha,0.9999993,alpha,0.9999995,alpha,0.99999917,alpha,0.9999993,0,0.9999990240000001,alpha,False,—,correct (5/5),0.030030030030030033,False,5553,139519.0
HP1525301T2D_F19,alpha,alpha,0.99984276,alpha,0.99999845,alpha,0.99999356,alpha,0.9999845,alpha,0.9999521,0,0.999954274,alpha,False,—,correct (5/5),0.04904904904904905,False,7686,132796.0
HP1525301T2D_N23,alpha,alpha,0.8616858,alpha,0.99980885,alpha,0.99979466,alpha,0.9999722,alpha,0.9991929,0,0.972090882,alpha,False,—,correct (5/5),0.07078507078507078,False,8104,226148.0
HP1525301T2D_G22,alpha,alpha,1.0,alpha,0.9999999,alpha,1.0,alpha,0.99999833,alpha,1.0,0,0.999999646,alpha,False,—,correct (5/5),0.03521703521703521,False,6337,253137.0
HP1525301T2D_D11,alpha,alpha,0.9999596,alpha,0.99999654,alpha,0.9999993,alpha,0.99999225,alpha,0.99997973,0,0.999985484,alpha,False,—,correct (5/5),0.023071852340145027,False,7378,170309.0
HP1525301T2D_E1,alpha,alpha,0.9999994,alpha,0.99999726,alpha,0.9999969,alpha,0.99998605,alpha,0.9999989,0,0.999995702,alpha,False,—,correct (5/5),0.03923278116826505,False,6075,196284.0
HP1525301T2D_C2,alpha,alpha,0.999995,alpha,0.9999989,alpha,0.9999999,alpha,0.99999833,alpha,0.9999975,0,0.999997926,alpha,False,—,correct (5/5),0.021879021879021885,False,6256,150906.0
HP1525301T2D_B11,alpha,alpha,0.99999857,alpha,0.9999982,alpha,0.99999964,alpha,0.999998,alpha,0.99999857,0,0.999998596,alpha,False,—,correct (5/5),0.03521703521703521,False,6346,217757.0
HP1525301T2D_M16,alpha,alpha,0.9999982,alpha,0.99999905,alpha,0.99999964,alpha,0.9999989,alpha,0.99999964,0,0.9999990860000001,alpha,False,—,correct (5/5),0.02848794740686632,False,6625,199332.0
HP1525301T2D_O1,alpha,acinar,0.9971071,acinar,0.97725904,acinar,0.99994457,acinar,0.99985313,acinar,0.9463303,5,0.9840988279999999,acinar,True,acinar,stable error (≥4/5),0.08108108108108107,False,8259,136775.0
HP1525301T2D_H23,alpha,alpha,0.9999964,alpha,0.99999166,alpha,0.99999833,alpha,0.9999974,alpha,0.9999989,0,0.9999965379999999,alpha,False,—,correct (5/5),0.04380242311276794,False,6796,263626.0
HP1525301T2D_B23,alpha,alpha,0.9999846,alpha,0.9999963,alpha,0.9999974,alpha,0.99998915,alpha,0.99999964,0,0.9999934180000001,alpha,False,—,correct (5/5),0.031660231660231665,False,3112,103858.0
HP1525301T2D_I4,alpha,alpha,0.9999888,alpha,0.9999945,alpha,0.9999995,alpha,0.9999976,alpha,0.99998486,0,0.999993052,alpha,False,—,correct (5/5),0.051975051975051964,False,6892,206567.0
HP1525301T2D_P8,alpha,alpha,0.99999726,alpha,0.9999981,alpha,0.9999999,alpha,0.99999356,alpha,0.99999726,0,0.999997216,alpha,False,—,correct (5/5),0.03521703521703521,False,6544,188157.0
HP1525301T2D_C1,alpha,alpha,0.9999995,alpha,0.9999993,alpha,0.9999993,alpha,0.99999845,alpha,0.9999963,0,0.99999857,alpha,False,—,correct (5/5),0.027027027027027025,False,6775,143224.0
HP1525301T2D_J2,alpha,alpha,0.99999976,alpha,0.9999995,alpha,1.0,alpha,0.99999964,alpha,0.9999995,0,0.99999968,alpha,False,—,correct (5/5),0.04904904904904905,False,6151,144030.0
HP1525301T2D_N7,alpha,alpha,0.99999285,alpha,0.99989843,alpha,0.9999925,alpha,0.9999994,alpha,1.0,0,0.9999766359999999,alpha,False,—,correct (5/5),0.07567567567567568,False,7651,227063.0
HP1525301T2D_H6,alpha,alpha,0.9999994,alpha,0.9999994,alpha,0.9999981,alpha,0.9999988,alpha,0.99999845,0,0.99999883,alpha,False,—,correct (5/5),0.025641025641025644,False,6905,228263.0
HP1525301T2D_C10,alpha,alpha,0.99999845,alpha,0.99999976,alpha,0.9999988,alpha,0.99999714,alpha,0.99999976,0,0.9999987819999999,alpha,False,—,correct (5/5),0.033386327503974564,False,6650,207730.0
HP1525301T2D_H7,alpha,alpha,0.99999905,alpha,0.9999999,alpha,0.99999917,alpha,0.99999964,alpha,0.9999988,0,0.9999993120000001,alpha,False,—,correct (5/5),0.02848794740686632,False,6455,263014.0
HP1525301T2D_G15,alpha,alpha,0.9999856,alpha,0.99999654,alpha,0.9999988,alpha,0.9999982,alpha,0.9999975,0,0.999995328,alpha,False,—,correct (5/5),0.04904904904904905,False,6074,125290.0
HP1525301T2D_E23,alpha,alpha,1.0,alpha,1.0,alpha,1.0,alpha,0.9999846,alpha,0.9999999,0,0.9999969,alpha,False,—,correct (5/5),0.018618618618618618,False,5310,352988.0
HP1525301T2D_I7,alpha,alpha,0.99963605,alpha,0.99999547,alpha,0.99999976,alpha,0.9999927,alpha,0.9999987,0,0.999924536,alpha,False,—,correct (5/5),0.04144144144144144,False,6697,186979.0
HP1525301T2D_E7,alpha,alpha,0.99992585,alpha,0.99999774,alpha,0.9999546,alpha,0.9999889,alpha,0.9997485,0,0.9999231180000001,alpha,False,—,correct (5/5),0.027027027027027025,False,7910,174345.0
HP1525301T2D_O18,alpha,alpha,0.99999964,alpha,0.99999595,alpha,0.9999999,alpha,0.99999726,alpha,0.99999976,0,0.9999985019999998,alpha,False,—,correct (5/5),0.02848794740686632,False,5990,151774.0
HP1525301T2D_F2,alpha,alpha,0.9999794,alpha,0.99999607,alpha,0.99999845,alpha,0.9999951,alpha,0.9999697,0,0.999987744,alpha,False,—,correct (5/5),0.02432432432432433,False,5819,83365.0
HP1525301T2D_H19,alpha,alpha,0.9999988,alpha,0.9999846,alpha,0.9999982,alpha,0.9999999,alpha,0.99999905,0,0.99999611,alpha,False,—,correct (5/5),0.04144144144144144,False,6517,207857.0
HP1525301T2D_M13,alpha,alpha,0.9999993,alpha,0.99999964,alpha,0.99999917,alpha,0.9999927,alpha,0.99999964,0,0.9999980900000001,alpha,False,—,correct (5/5),0.04904904904904905,False,6218,259841.0
HP1525301T2D_P24,alpha,alpha,0.99999666,alpha,0.9999995,alpha,0.9999993,alpha,0.9999994,alpha,0.99999964,0,0.9999988999999999,alpha,False,—,correct (5/5),0.023071852340145027,False,6187,211544.0
HP1525301T2D_I5,alpha,alpha,0.99999917,alpha,0.99999964,alpha,0.9999999,alpha,0.9999739,alpha,0.99999356,0,0.9999932340000001,alpha,False,—,correct (5/5),0.03521703521703521,False,5929,165183.0
HP1525301T2D_L15,alpha,alpha,0.99999976,alpha,0.9999999,alpha,0.9999999,alpha,0.99999714,alpha,0.99999976,0,0.999999292,alpha,False,—,correct (5/5),0.03923278116826505,False,5689,102190.0
HP1525301T2D_A9,alpha,alpha,0.99988246,alpha,0.999977,alpha,0.9999987,alpha,0.9999993,alpha,0.9998559,0,0.9999426720000001,alpha,False,—,correct (5/5),0.019656019656019656,False,5962,88161.0
HP1525301T2D_P17,alpha,alpha,0.99999857,alpha,0.9999976,alpha,0.99999106,alpha,0.9998197,alpha,0.99985635,0,0.999932656,alpha,False,—,correct (5/5),0.016676250718803912,False,6939,196333.0
HP1525301T2D_B15,alpha,alpha,0.99999917,alpha,0.999995,alpha,0.99999976,alpha,0.99999917,alpha,0.99999976,0,0.999998572,alpha,False,—,correct (5/5),0.07078507078507078,False,6895,103610.0
HP1525301T2D_L22,alpha,alpha,0.9999981,alpha,0.9999995,alpha,0.99999976,alpha,0.9999974,alpha,1.0,0,0.999998952,alpha,False,—,correct (5/5),0.04144144144144144,False,5826,196585.0
HP1525301T2D_I2,alpha,alpha,0.999998,alpha,0.9999993,alpha,0.99999976,alpha,0.99999976,alpha,0.99999964,0,0.999999292,alpha,False,—,correct (5/5),0.02848794740686632,False,6763,191624.0
HP1525301T2D_H12,alpha,alpha,0.9999958,alpha,0.99999917,alpha,0.99999774,alpha,0.99999917,alpha,0.9999888,0,0.999996136,alpha,False,—,correct (5/5),0.031660231660231665,False,6741,306488.0
HP1525301T2D_L24,alpha,alpha,0.99999774,alpha,0.99999976,alpha,0.99999976,alpha,0.9999987,alpha,0.9999993,0,0.999999052,alpha,False,—,correct (5/5),0.021879021879021885,False,6676,241452.0
HP1525301T2D_N8,alpha,alpha,0.9999434,alpha,0.9999951,alpha,0.9999895,alpha,0.9999913,alpha,0.9999887,0,0.9999816000000001,alpha,False,—,correct (5/5),0.018618618618618618,False,3103,178781.0
HP1525301T2D_M8,alpha,alpha,0.99999726,alpha,0.9999976,alpha,0.9999993,alpha,0.999992,alpha,0.9999976,0,0.999996752,alpha,False,—,correct (5/5),0.033386327503974564,False,6521,164513.0
HP1525301T2D_F4,alpha,alpha,0.99999964,alpha,0.9999999,alpha,0.9999995,alpha,0.9999995,alpha,0.9999999,0,0.9999996879999999,alpha,False,—,correct (5/5),0.02848794740686632,False,6210,169925.0
HP1525301T2D_J4,alpha,alpha,0.9999726,alpha,0.99984956,alpha,0.9999969,alpha,0.9999628,alpha,0.99998164,0,0.9999527,alpha,False,—,correct (5/5),0.020741671904462605,False,7330,144676.0
HP1525301T2D_G4,alpha,alpha,0.9999968,alpha,0.99999833,alpha,1.0,alpha,0.99999857,alpha,0.99999905,0,0.9999985500000002,alpha,False,—,correct (5/5),0.04380242311276794,False,6731,210950.0
HP1525301T2D_J13,alpha,alpha,0.9999851,alpha,0.9999995,alpha,0.9999976,alpha,0.9999995,alpha,0.99999475,0,0.99999529,alpha,False,—,correct (5/5),0.02848794740686632,False,8073,217624.0
HP1525301T2D_G19,alpha,alpha,0.99999845,alpha,0.99999905,alpha,0.9999994,alpha,0.9999913,alpha,0.99999523,0,0.999996686,alpha,False,—,correct (5/5),0.03716216216216217,False,6475,177744.0
HP1525301T2D_N13,alpha,alpha,0.9997898,alpha,0.9999927,alpha,0.9999989,alpha,0.9999974,alpha,0.9999896,0,0.99995368,alpha,False,—,correct (5/5),0.027027027027027025,False,7448,246127.0
HP1525301T2D_J8,alpha,alpha,0.9999864,alpha,0.99999845,alpha,0.99999905,alpha,0.9999993,alpha,0.9999889,0,0.9999944199999999,alpha,False,—,correct (5/5),0.030030030030030033,False,6757,140572.0
HP1525301T2D_C5,alpha,alpha,0.9997584,alpha,0.99999154,alpha,0.9999999,alpha,0.9999994,alpha,0.99998415,0,0.999946678,alpha,False,—,correct (5/5),0.021879021879021885,False,7443,125911.0
HP1525301T2D_E13,alpha,alpha,0.9999914,alpha,0.99999845,alpha,0.99999964,alpha,0.99999726,alpha,0.99999785,0,0.9999969199999998,alpha,False,—,correct (5/5),0.033386327503974564,False,6775,197562.0
HP1525301T2D_L9,alpha,alpha,0.99914277,alpha,0.99999726,alpha,0.9999949,alpha,0.9999976,alpha,0.99998355,0,0.999823216,alpha,False,—,correct (5/5),0.051975051975051964,False,7398,210657.0
HP1525301T2D_A11,alpha,alpha,0.9999964,alpha,0.9999994,alpha,0.9999999,alpha,0.9999974,alpha,0.99999845,0,0.99999831,alpha,False,—,correct (5/5),0.02432432432432433,False,7428,212390.0
HP1525301T2D_P11,alpha,alpha,0.99999857,alpha,0.9999981,alpha,0.99999,alpha,0.99999917,alpha,0.99999917,0,0.9999970020000001,alpha,False,—,correct (5/5),0.04380242311276794,False,6776,218614.0
HP1525301T2D_P18,alpha,alpha,0.99999976,alpha,0.9999994,alpha,0.9999995,alpha,0.99999905,alpha,0.99999475,0,0.9999984920000001,alpha,False,—,correct (5/5),0.02848794740686632,False,5622,150727.0
HP1525301T2D_O6,alpha,alpha,0.9999769,alpha,0.999949,alpha,0.99998426,alpha,0.99999213,alpha,0.9999449,0,0.9999694379999999,alpha,False,—,correct (5/5),0.0870870870870871,False,6461,135191.0
HP1525301T2D_C8,alpha,alpha,0.9999924,alpha,0.9999958,alpha,0.9999988,alpha,0.9999993,alpha,0.99999714,0,0.9999966879999999,alpha,False,—,correct (5/5),0.027027027027027025,False,6054,165383.0
HP1525301T2D_B13,alpha,alpha,0.9999629,alpha,0.99996984,alpha,0.9999968,alpha,0.9999906,alpha,0.9999907,0,0.9999821680000001,alpha,False,—,correct (5/5),0.04144144144144144,False,5938,144333.0
HP1525301T2D_P9,alpha,alpha,0.99999654,alpha,0.9999995,alpha,0.9999995,alpha,0.99999917,alpha,0.99999964,0,0.99999887,alpha,False,—,correct (5/5),0.027027027027027025,False,6260,282775.0
HP1525301T2D_A5,alpha,alpha,0.99999714,alpha,0.9999994,alpha,1.0,alpha,0.9999993,alpha,0.9999993,0,0.9999990279999998,alpha,False,—,correct (5/5),0.04633204633204634,False,6370,177038.0
HP1525301T2D_M10,alpha,alpha,0.99999857,alpha,0.99999905,alpha,0.9999999,alpha,0.99999833,alpha,0.999998,0,0.99999877,alpha,False,—,correct (5/5),0.04380242311276794,False,6482,267738.0
HP1525301T2D_H8,alpha,acinar,0.94040835,acinar,0.9344498,acinar,0.9999386,acinar,0.9994178,acinar,0.9990408,5,0.9746510700000002,acinar,True,acinar,stable error (≥4/5),0.08108108108108107,False,4395,128870.0
HP1525301T2D_B7,alpha,alpha,0.99999857,alpha,0.99999857,alpha,0.99999976,alpha,0.99999547,alpha,0.9999901,0,0.999996494,alpha,False,—,correct (5/5),0.03716216216216217,False,6058,152220.0
HP1525301T2D_B18,alpha,alpha,0.99983454,alpha,0.9999956,alpha,0.99999905,alpha,0.9999821,alpha,0.9999988,0,0.999962018,alpha,False,—,correct (5/5),0.03923278116826505,False,6526,135988.0
HP1525301T2D_K19,alpha,alpha,0.9999993,alpha,0.9999993,alpha,0.99999964,alpha,0.99999714,alpha,0.9999864,0,0.9999963560000001,alpha,False,—,correct (5/5),0.06633906633906633,False,6696,199323.0
HP1525301T2D_G1,alpha,alpha,0.999997,alpha,0.9999989,alpha,0.9999962,alpha,0.9999968,alpha,0.9999994,0,0.99999766,alpha,False,—,correct (5/5),0.03923278116826505,False,6351,214942.0
HP1525301T2D_J19,alpha,alpha,0.9999949,alpha,0.99999917,alpha,1.0,alpha,0.9999994,alpha,0.9999994,0,0.9999985739999999,alpha,False,—,correct (5/5),0.030030030030030033,False,7287,132384.0
HP1525301T2D_G18,alpha,alpha,0.99999595,alpha,0.99999833,alpha,0.9999747,alpha,0.99999833,alpha,0.999984,0,0.9999902620000001,alpha,False,—,correct (5/5),0.033386327503974564,False,6446,99739.0
HP1525301T2D_E16,alpha,alpha,0.9999987,alpha,0.9999982,alpha,0.9999994,alpha,0.9999987,alpha,0.99999976,0,0.999998952,alpha,False,—,correct (5/5),0.02848794740686632,False,6444,221018.0
HP1525301T2D_A3,alpha,alpha,0.9999956,alpha,0.9999989,alpha,0.9999993,alpha,0.9999963,alpha,0.99999714,0,0.999997448,alpha,False,—,correct (5/5),0.04380242311276794,False,6214,202248.0
HP1525301T2D_N19,alpha,alpha,0.99872667,alpha,0.9999132,alpha,0.99999976,alpha,0.99982363,alpha,0.999912,0,0.999675052,alpha,False,—,correct (5/5),0.04633204633204634,False,4138,49497.0
HP1525301T2D_O5,alpha,alpha,0.9987816,alpha,0.99987936,alpha,0.9999589,alpha,0.9934361,alpha,0.9972156,0,0.997854312,gamma,True,—,correct (5/5),0.03923278116826505,False,7289,97455.0
HP1525301T2D_D9,alpha,alpha,0.9999975,alpha,0.9999968,alpha,0.99999774,alpha,0.99999464,alpha,0.99999523,0,0.999996382,alpha,False,—,correct (5/5),0.03716216216216217,False,6730,188223.0
HP1525301T2D_E22,alpha,alpha,0.9999927,alpha,0.9999672,alpha,0.9999919,alpha,0.99999464,alpha,0.99999154,0,0.9999875960000001,alpha,False,—,correct (5/5),0.03923278116826505,False,6721,242188.0
HP1525301T2D_K22,alpha,alpha,0.9999987,alpha,0.99999964,alpha,0.99999475,alpha,0.9999994,alpha,0.9999894,0,0.999996378,alpha,False,—,correct (5/5),0.07567567567567568,False,6496,248391.0
HP1525301T2D_H20,alpha,alpha,0.9999677,alpha,0.99994457,alpha,0.99999774,alpha,0.99999034,alpha,0.9999932,0,0.9999787099999999,alpha,False,—,correct (5/5),0.04144144144144144,False,5915,222978.0
HP1525301T2D_N9,alpha,alpha,0.99352914,alpha,0.9999902,alpha,0.99998784,alpha,0.99998164,alpha,0.99992955,0,0.9986836739999999,alpha,False,—,correct (5/5),0.07078507078507078,False,7965,226088.0
HP1525301T2D_O13,alpha,alpha,0.9999937,alpha,0.99999917,alpha,0.9999989,alpha,0.99999654,alpha,0.99999774,0,0.9999972100000001,alpha,False,—,correct (5/5),0.018618618618618618,False,5524,83471.0
HP1525301T2D_J1,alpha,alpha,0.9999993,alpha,0.9999999,alpha,0.9999993,alpha,0.9999995,alpha,0.9999999,0,0.9999995800000001,alpha,False,—,correct (5/5),0.02848794740686632,False,6192,240288.0
HP1525301T2D_E8,alpha,alpha,0.9999013,alpha,0.9999964,alpha,0.99999654,alpha,0.99999857,alpha,0.9999993,0,0.9999784220000001,alpha,False,—,correct (5/5),0.027027027027027025,False,3445,137652.0
HP1525301T2D_N24,alpha,alpha,0.9999993,alpha,0.99999976,alpha,0.99999917,alpha,0.9999995,alpha,0.9999949,0,0.999998526,alpha,False,—,correct (5/5),0.04144144144144144,False,6251,235451.0
HP1525301T2D_K3,alpha,alpha,0.999998,alpha,0.9999995,alpha,0.99999976,alpha,0.9999933,alpha,0.99999917,0,0.999997946,alpha,False,—,correct (5/5),0.02848794740686632,False,6965,271717.0
HP1526901T2D_A3,alpha,alpha,0.9999999,alpha,0.99999595,alpha,1.0,alpha,0.9999995,alpha,0.9999958,0,0.9999982299999999,alpha,False,—,correct (5/5),0.025641025641025644,False,6241,403578.0
HP1526901T2D_P20,alpha,alpha,0.9999857,alpha,0.9999964,alpha,0.99999964,alpha,0.99999917,alpha,0.9999887,0,0.999993922,alpha,False,—,correct (5/5),0.033386327503974564,False,6472,193653.0
HP1526901T2D_M21,alpha,alpha,0.9999974,alpha,0.9999025,alpha,0.9999951,alpha,0.9999943,alpha,0.9999951,0,0.99997688,alpha,False,—,correct (5/5),0.030030030030030033,False,7121,661992.0
HP1526901T2D_D5,alpha,alpha,0.99999154,alpha,0.9999957,alpha,0.99999964,alpha,0.9999994,alpha,0.9999989,0,0.9999970359999999,alpha,False,—,correct (5/5),0.03521703521703521,False,6490,350606.0
HP1526901T2D_K6,alpha,alpha,0.99995077,alpha,0.99999654,alpha,0.99999845,alpha,0.9999932,alpha,0.9999825,0,0.999984292,alpha,False,—,correct (5/5),0.05855855855855858,False,6464,179926.0
HP1526901T2D_L16,alpha,alpha,0.999998,alpha,0.9999354,alpha,0.99999547,alpha,0.99999964,alpha,0.99999666,0,0.999985034,alpha,False,—,correct (5/5),0.03521703521703521,False,6614,340912.0
HP1526901T2D_F2,alpha,alpha,0.9999969,alpha,0.9999275,alpha,0.99999964,alpha,0.99999857,alpha,0.99999356,0,0.9999832339999999,alpha,False,—,correct (5/5),0.033386327503974564,False,7084,213733.0
HP1526901T2D_E18,alpha,alpha,0.99999046,alpha,0.99787354,alpha,0.9999659,alpha,0.9999974,alpha,0.99986446,0,0.9995383520000001,alpha,False,—,correct (5/5),0.02432432432432433,False,7152,244196.0
HP1526901T2D_O22,alpha,alpha,0.9999852,alpha,0.99999607,alpha,0.9999764,alpha,0.9999975,alpha,0.9998672,0,0.9999644740000001,alpha,False,—,correct (5/5),0.031660231660231665,False,7517,370683.0
HP1526901T2D_I6,alpha,alpha,0.9999989,alpha,0.9999435,alpha,0.9999993,alpha,0.99999905,alpha,0.9999969,0,0.99998753,alpha,False,—,correct (5/5),0.051975051975051964,False,7036,407812.0
HP1526901T2D_N15,alpha,alpha,0.9999968,alpha,0.9999962,alpha,0.9999999,alpha,0.9999999,alpha,0.99999917,0,0.999998394,alpha,False,—,correct (5/5),0.04144144144144144,False,7308,398785.0
HP1526901T2D_F3,alpha,alpha,0.99999666,alpha,0.99998736,alpha,0.99999964,alpha,0.9999994,alpha,0.99999106,0,0.9999948240000001,alpha,False,—,correct (5/5),0.03923278116826505,False,7134,460031.0
HP1526901T2D_P21,alpha,alpha,0.99999845,alpha,0.99999845,alpha,0.9999969,alpha,0.9999995,alpha,0.99999607,0,0.999997874,alpha,False,—,correct (5/5),0.023071852340145027,False,7053,323386.0
HP1526901T2D_J24,alpha,alpha,0.999977,alpha,0.99999535,alpha,0.9999987,alpha,0.9999988,alpha,0.9999919,0,0.9999923500000001,alpha,False,—,correct (5/5),0.03716216216216217,False,7000,432340.0
HP1526901T2D_L2,alpha,alpha,0.99999547,alpha,0.9995421,alpha,0.9999608,alpha,0.99998844,alpha,0.9999939,0,0.9998961420000001,alpha,False,—,correct (5/5),0.06633906633906633,False,7053,334644.0
HP1526901T2D_F21,alpha,alpha,0.99999833,alpha,0.99993765,alpha,0.99999964,alpha,0.99999785,alpha,0.9999846,0,0.9999836140000001,alpha,False,—,correct (5/5),0.03923278116826505,False,5794,203363.0
HP1526901T2D_G7,alpha,alpha,0.9999999,alpha,0.999998,alpha,1.0,alpha,0.9999994,alpha,0.99999976,0,0.999999412,alpha,False,—,correct (5/5),0.03716216216216217,False,6595,391538.0
HP1526901T2D_F10,alpha,alpha,0.99999523,alpha,0.99998343,alpha,0.9999988,alpha,0.9999988,alpha,0.99999917,0,0.999995086,alpha,False,—,correct (5/5),0.033386327503974564,False,6867,352134.0
HP1526901T2D_J8,alpha,alpha,0.9999957,alpha,0.9998654,alpha,0.9999925,alpha,0.9999943,alpha,0.999995,0,0.99996858,alpha,False,—,correct (5/5),0.030030030030030033,False,6362,227459.0
HP1526901T2D_E8,alpha,alpha,0.999997,alpha,0.9998776,alpha,0.9999999,alpha,0.9999994,alpha,0.9999927,0,0.9999733200000002,alpha,False,—,correct (5/5),0.031660231660231665,False,6928,316182.0
HP1526901T2D_P14,alpha,alpha,0.9999907,alpha,0.99997985,alpha,0.9999995,alpha,0.9999989,alpha,0.99996924,0,0.999987638,alpha,False,—,correct (5/5),0.033386327503974564,False,7060,189774.0
HP1526901T2D_L19,alpha,alpha,0.99999523,alpha,0.9998838,alpha,0.999998,alpha,0.99999976,alpha,0.99999905,0,0.999975168,alpha,False,—,correct (5/5),0.02848794740686632,False,6232,257273.0
HP1526901T2D_N9,alpha,alpha,0.9999888,alpha,0.9991905,alpha,0.999997,alpha,0.99999905,alpha,0.99999905,0,0.9998348800000001,alpha,False,—,correct (5/5),0.04904904904904905,False,6312,308727.0
HP1526901T2D_O21,alpha,alpha,0.99999785,alpha,0.9999995,alpha,0.9999999,alpha,0.99999976,alpha,0.99999464,0,0.99999833,alpha,False,—,correct (5/5),0.04904904904904905,False,7308,327666.0
HP1526901T2D_G14,alpha,alpha,0.9999949,alpha,0.9782196,alpha,0.9999889,alpha,0.9999993,alpha,0.9999757,0,0.99563568,alpha,False,—,correct (5/5),0.025641025641025644,False,8237,217981.0
HP1526901T2D_M4,alpha,alpha,0.9999975,alpha,0.9999919,alpha,0.9999994,alpha,0.9999999,alpha,0.9999958,0,0.9999969,alpha,False,—,correct (5/5),0.07567567567567568,False,7197,400892.0
HP1526901T2D_A9,alpha,alpha,0.9999989,alpha,0.99979156,alpha,0.99998784,alpha,0.9999964,alpha,0.9999603,0,0.999947,alpha,False,—,correct (5/5),0.05513513513513514,False,6903,129611.0
HP1526901T2D_P2,alpha,alpha,0.9999888,alpha,0.9999604,alpha,0.9999893,alpha,0.9999902,alpha,0.9999938,0,0.9999845,alpha,False,—,correct (5/5),0.033386327503974564,False,5777,142309.0
HP1526901T2D_A12,alpha,alpha,0.9999989,alpha,0.99996424,alpha,0.99999726,alpha,0.9999988,alpha,0.99999976,0,0.999991792,alpha,False,—,correct (5/5),0.06227967097532316,False,8052,407986.0
HP1526901T2D_L11,alpha,alpha,0.9992023,alpha,0.9134677,alpha,0.9999589,alpha,0.99997866,alpha,0.99998796,0,0.982519104,alpha,False,—,correct (5/5),0.03521703521703521,False,6578,239299.0
HP1526901T2D_B12,alpha,alpha,0.99999833,alpha,0.99999154,alpha,0.9999995,alpha,0.9999995,alpha,0.9999993,0,0.999997634,alpha,False,—,correct (5/5),0.02432432432432433,False,6531,381936.0
HP1526901T2D_A17,alpha,alpha,0.9999993,alpha,0.9999585,alpha,0.9999987,alpha,0.99999905,alpha,0.999997,0,0.9999905099999999,alpha,False,—,correct (5/5),0.051975051975051964,False,6443,317999.0
HP1526901T2D_P12,alpha,alpha,0.9999981,alpha,0.9999957,alpha,0.99999976,alpha,0.99999976,alpha,0.9999949,0,0.9999976440000001,alpha,False,—,correct (5/5),0.027027027027027025,False,7323,301994.0
HP1526901T2D_J2,alpha,alpha,0.9999981,alpha,0.9999913,alpha,0.99999964,alpha,0.9999933,alpha,0.9999999,0,0.9999964479999999,alpha,False,—,correct (5/5),0.09379968203497614,False,8125,245045.0
HP1526901T2D_D18,alpha,alpha,0.9999907,alpha,0.99998224,alpha,0.99999917,alpha,0.9999987,alpha,0.99999714,0,0.9999935900000001,alpha,False,—,correct (5/5),0.02848794740686632,False,6821,208876.0
HP1526901T2D_B17,alpha,alpha,0.9999995,alpha,0.9999765,alpha,0.99999917,alpha,0.9999999,alpha,0.9999999,0,0.999994994,alpha,False,—,correct (5/5),0.04633204633204634,False,5593,272349.0
HP1526901T2D_F1,alpha,alpha,0.99516016,alpha,0.97675586,alpha,0.9999304,alpha,0.99998844,alpha,0.9998828,0,0.994343532,alpha,False,—,correct (5/5),0.051975051975051964,False,6639,137681.0
HP1526901T2D_B20,alpha,alpha,0.99999976,alpha,0.9999907,alpha,0.99999964,alpha,0.9999989,alpha,0.999998,0,0.9999974,alpha,False,—,correct (5/5),0.03923278116826505,False,5873,234295.0
HP1526901T2D_H12,alpha,alpha,0.99999964,alpha,0.99999785,alpha,1.0,alpha,1.0,alpha,1.0,0,0.999999498,alpha,False,—,correct (5/5),0.04904904904904905,False,8687,513518.0
HP1526901T2D_G13,alpha,alpha,0.9999976,alpha,0.99999154,alpha,0.9999989,alpha,0.99999976,alpha,0.9999989,0,0.99999734,alpha,False,—,correct (5/5),0.07078507078507078,False,7005,488947.0
HP1526901T2D_N6,alpha,alpha,0.99998164,alpha,0.9999932,alpha,0.9999995,alpha,0.9999994,alpha,0.99998605,0,0.9999919580000001,alpha,False,—,correct (5/5),0.03521703521703521,False,7126,328031.0
HP1526901T2D_I21,alpha,alpha,0.9992372,alpha,0.9847244,alpha,0.9999074,alpha,0.9999858,alpha,0.9999976,0,0.9967704800000001,alpha,False,—,correct (5/5),0.06227967097532316,False,7184,191511.0
HP1526901T2D_F9,alpha,alpha,0.99994075,alpha,0.9997546,alpha,0.9999937,alpha,0.9999974,alpha,0.9999968,0,0.9999366500000001,alpha,False,—,correct (5/5),0.0870870870870871,False,7158,313552.0
HP1526901T2D_H17,alpha,alpha,0.99999905,alpha,0.9999813,alpha,0.99999917,alpha,0.9999999,alpha,0.9999987,0,0.9999956240000001,alpha,False,—,correct (5/5),0.05513513513513514,False,7279,374236.0
HP1526901T2D_O23,alpha,alpha,0.99998116,alpha,0.9998307,alpha,0.9999641,alpha,0.9999976,alpha,0.9999993,0,0.999954572,alpha,False,—,correct (5/5),0.04380242311276794,False,6450,282788.0
HP1526901T2D_L17,alpha,alpha,0.9999993,alpha,0.999987,alpha,0.99999964,alpha,0.99999917,alpha,0.99999714,0,0.99999645,alpha,False,—,correct (5/5),0.02432432432432433,False,6161,200260.0
HP1526901T2D_A7,alpha,alpha,0.99999714,alpha,0.9999995,alpha,0.9999974,alpha,0.9999989,alpha,0.99999857,0,0.9999983020000001,alpha,False,—,correct (5/5),0.033386327503974564,False,7225,530276.0
HP1526901T2D_K18,alpha,alpha,0.99999964,alpha,0.9999931,alpha,0.9999999,alpha,0.9999999,alpha,0.9999995,0,0.9999984080000001,alpha,False,—,correct (5/5),0.03923278116826505,False,6968,308367.0
HP1526901T2D_K10,alpha,alpha,0.99999774,alpha,0.99999666,alpha,0.99999964,alpha,0.9999807,alpha,0.9999976,0,0.999994468,alpha,False,—,correct (5/5),0.03923278116826505,False,7238,611597.0
HP1526901T2D_I7,alpha,alpha,1.0,alpha,0.9999987,alpha,0.9999999,alpha,1.0,alpha,0.9999999,0,0.9999997,alpha,False,—,correct (5/5),0.03521703521703521,False,6480,360140.0
HP1526901T2D_J19,alpha,alpha,0.9988524,alpha,0.9995011,alpha,0.9999944,alpha,0.9999927,alpha,0.9999604,0,0.9996601999999999,alpha,False,—,correct (5/5),0.03923278116826505,False,7052,245267.0
HP1526901T2D_G16,alpha,alpha,0.9999933,alpha,0.9999398,alpha,0.99999964,alpha,0.9999994,alpha,0.999998,0,0.999986028,alpha,False,—,correct (5/5),0.03923278116826505,False,6753,363851.0
HP1526901T2D_D8,alpha,alpha,0.9999999,alpha,0.99999857,alpha,1.0,alpha,0.9999999,alpha,0.9999999,0,0.999999654,alpha,False,—,correct (5/5),0.05513513513513514,False,6358,182608.0
HP1526901T2D_I14,alpha,alpha,0.99997807,alpha,0.9999763,alpha,0.9999969,alpha,0.9999908,alpha,0.9999987,0,0.9999881540000001,alpha,False,—,correct (5/5),0.030030030030030033,False,6981,370845.0
HP1526901T2D_M1,alpha,alpha,0.999998,alpha,0.99999726,alpha,0.99999976,alpha,0.99999976,alpha,0.9999995,0,0.999998856,alpha,False,—,correct (5/5),0.07567567567567568,False,6907,529317.0
HP1526901T2D_J4,alpha,alpha,0.99999,alpha,0.99988294,alpha,0.9999939,alpha,0.99999845,alpha,0.99973625,0,0.9999203080000001,alpha,False,—,correct (5/5),0.027027027027027025,False,6207,217023.0
HP1526901T2D_G10,alpha,alpha,0.9998667,alpha,0.9906878,alpha,0.99973017,alpha,0.9999635,alpha,0.99616665,0,0.997282964,alpha,False,—,correct (5/5),0.03923278116826505,False,6875,356765.0
HP1526901T2D_K2,alpha,alpha,0.9999856,alpha,0.99999857,alpha,0.9999999,alpha,0.9999949,alpha,0.9999734,0,0.999990474,alpha,False,—,correct (5/5),0.05513513513513514,False,6214,389944.0
HP1526901T2D_N10,alpha,alpha,0.9999901,alpha,0.99999917,alpha,0.99999964,alpha,0.9999968,alpha,0.9999988,0,0.999996902,alpha,False,—,correct (5/5),0.027027027027027025,False,7445,427233.0
HP1526901T2D_I8,alpha,alpha,0.99991596,alpha,0.9997819,alpha,0.99999094,alpha,0.9999944,alpha,0.99997425,0,0.99993149,alpha,False,—,correct (5/5),0.06227967097532316,False,6228,199255.0
HP1526901T2D_L13,alpha,alpha,0.9999877,alpha,0.9999621,alpha,0.9999944,alpha,0.9999994,alpha,0.9999989,0,0.9999885,alpha,False,—,correct (5/5),0.030030030030030033,False,6255,256452.0
HP1526901T2D_B11,alpha,alpha,0.99998486,alpha,0.9999455,alpha,0.9999989,alpha,0.9999995,alpha,0.99998736,0,0.999983224,alpha,False,—,correct (5/5),0.04904904904904905,False,7021,262812.0
HP1526901T2D_O6,alpha,alpha,0.99998176,alpha,0.99999666,alpha,0.9999995,alpha,0.99999905,alpha,0.9999989,0,0.999995174,alpha,False,—,correct (5/5),0.05855855855855858,False,6721,302890.0
HP1526901T2D_G18,alpha,alpha,0.99999833,alpha,0.9999994,alpha,0.99999905,alpha,0.99999964,alpha,0.9999995,0,0.999999184,alpha,False,—,correct (5/5),0.09379968203497614,False,6712,238705.0
HP1526901T2D_J13,alpha,alpha,0.9999924,alpha,0.9934087,alpha,0.9999908,alpha,0.9999982,alpha,0.99989486,0,0.9986569919999999,alpha,False,—,correct (5/5),0.027027027027027025,False,6468,270928.0
HP1526901T2D_C16,alpha,alpha,0.99999785,alpha,0.9999982,alpha,1.0,alpha,0.9999999,alpha,0.9999989,0,0.99999897,alpha,False,—,correct (5/5),0.030030030030030033,False,6781,307506.0
HP1526901T2D_J14,alpha,alpha,0.99999964,alpha,0.9999833,alpha,0.99999976,alpha,0.99999917,alpha,0.99999917,0,0.999996208,alpha,False,—,correct (5/5),0.033386327503974564,False,6324,263003.0
HP1526901T2D_C4,alpha,alpha,0.99999714,alpha,0.9999974,alpha,0.9999999,alpha,0.9999995,alpha,0.9999989,0,0.999998568,alpha,False,—,correct (5/5),0.02848794740686632,False,6814,256115.0
HP1526901T2D_H6,alpha,alpha,0.9999951,alpha,0.99999833,alpha,0.99999964,alpha,0.99999976,alpha,0.9999945,0,0.999997466,alpha,False,—,correct (5/5),0.04633204633204634,False,6515,353755.0
HP1526901T2D_F19,alpha,alpha,0.99998343,alpha,0.99979585,alpha,0.99998844,alpha,0.99998784,alpha,0.9999951,0,0.999950132,alpha,False,—,correct (5/5),0.031660231660231665,False,6549,251602.0
HP1526901T2D_D9,alpha,alpha,0.99996626,alpha,0.9999989,alpha,0.9998741,alpha,0.9999982,alpha,0.9999999,0,0.999967472,alpha,False,—,correct (5/5),0.025641025641025644,False,7272,331150.0
HP1526901T2D_P19,alpha,alpha,0.99999905,alpha,0.9999938,alpha,0.9999987,alpha,0.999995,alpha,0.99999774,0,0.999996858,alpha,False,—,correct (5/5),0.02848794740686632,False,6730,214961.0
HP1526901T2D_L23,alpha,alpha,0.9999989,alpha,0.99997795,alpha,0.99999917,alpha,0.99999964,alpha,0.99999523,0,0.999994178,alpha,False,—,correct (5/5),0.06227967097532316,False,7490,394740.0
HP1526901T2D_N2,alpha,alpha,0.999998,alpha,0.9999101,alpha,0.9999974,alpha,0.9999995,alpha,0.9999993,0,0.99998086,alpha,False,—,correct (5/5),0.05513513513513514,False,7182,275860.0
HP1526901T2D_H19,alpha,alpha,0.99999905,alpha,0.9999883,alpha,0.99999976,alpha,0.9999993,alpha,0.9999994,0,0.999997162,alpha,False,—,correct (5/5),0.05855855855855858,False,6771,355194.0
HP1526901T2D_C6,alpha,alpha,0.9999958,alpha,0.9999939,alpha,0.999997,alpha,0.99999905,alpha,0.9999989,0,0.99999693,alpha,False,—,correct (5/5),0.04380242311276794,False,7003,276226.0
HP1526901T2D_L21,alpha,alpha,0.9999982,alpha,0.9999993,alpha,0.99999976,alpha,0.99999976,alpha,0.99999857,0,0.9999991180000001,alpha,False,—,correct (5/5),0.03716216216216217,False,6973,421980.0
HP1526901T2D_D1,alpha,alpha,0.99999833,alpha,0.9999975,alpha,0.9999994,alpha,0.9999995,alpha,0.99999714,0,0.9999983739999999,alpha,False,—,correct (5/5),0.030030030030030033,False,6862,368551.0
HP1526901T2D_P1,alpha,alpha,0.99993134,alpha,0.99491996,alpha,0.9999945,alpha,0.9999926,alpha,0.99998474,0,0.9989646280000001,alpha,False,—,correct (5/5),0.03923278116826505,False,6633,279021.0
HP1526901T2D_E6,alpha,alpha,0.99999964,alpha,0.99999785,alpha,0.9999999,alpha,0.9999993,alpha,0.9999994,0,0.9999992179999999,alpha,False,—,correct (5/5),0.06633906633906633,False,6919,419689.0
HP1526901T2D_M23,alpha,alpha,0.99999285,alpha,0.9999869,alpha,0.99999857,alpha,0.9999994,alpha,0.99999523,0,0.99999459,alpha,False,—,correct (5/5),0.03716216216216217,False,7147,460193.0
HP1526901T2D_N14,alpha,alpha,0.9998456,alpha,0.99999285,alpha,0.9999925,alpha,0.99999654,alpha,0.99999845,0,0.999965188,alpha,False,—,correct (5/5),0.03716216216216217,False,6410,431952.0
HP1526901T2D_I4,alpha,alpha,0.99999905,alpha,0.9999547,alpha,0.9999995,alpha,0.99999964,alpha,0.9999994,0,0.9999904579999999,alpha,False,—,correct (5/5),0.030030030030030033,False,6636,355697.0
HP1526901T2D_B14,alpha,alpha,0.99999833,alpha,0.9999976,alpha,0.99999905,alpha,0.99999964,alpha,0.9999777,0,0.999994464,alpha,False,—,correct (5/5),0.02848794740686632,False,6230,218674.0
HP1526901T2D_C2,alpha,alpha,0.9999974,alpha,0.9999008,alpha,0.99999833,alpha,0.9999999,alpha,0.99999833,0,0.999978952,alpha,False,—,correct (5/5),0.031660231660231665,False,6582,225036.0
HP1526901T2D_K14,alpha,alpha,0.99999535,alpha,0.99998283,alpha,1.0,alpha,0.9999994,alpha,0.999997,0,0.999994916,alpha,False,—,correct (5/5),0.04144144144144144,False,7211,539108.0
HP1526901T2D_D16,alpha,alpha,0.99999654,alpha,0.9999218,alpha,0.99999726,alpha,0.99999857,alpha,0.999997,0,0.9999822340000002,alpha,False,—,correct (5/5),0.027027027027027025,False,6170,297957.0
HP1526901T2D_M16,alpha,alpha,0.99999833,alpha,0.99977094,alpha,0.9999956,alpha,0.9999939,alpha,0.9999521,0,0.9999421739999999,alpha,False,—,correct (5/5),0.051975051975051964,False,8186,384720.0
HP1526901T2D_K15,alpha,alpha,0.99999,alpha,0.99998105,alpha,0.9999988,alpha,0.99999976,alpha,0.9999993,0,0.9999937820000001,alpha,False,—,correct (5/5),0.04144144144144144,False,7123,423205.0
HP1526901T2D_I15,alpha,alpha,0.9999968,alpha,0.9999976,alpha,1.0,alpha,0.9999999,alpha,0.9999994,0,0.99999874,alpha,False,—,correct (5/5),0.04144144144144144,False,7404,462408.0
HP1526901T2D_G8,alpha,alpha,0.9999989,alpha,0.999987,alpha,0.99999964,alpha,0.9999999,alpha,0.9999981,0,0.9999967080000001,alpha,False,—,correct (5/5),0.06633906633906633,False,7437,286301.0
HP1526901T2D_M7,alpha,alpha,0.99999547,alpha,0.9999927,alpha,0.9999999,alpha,0.9999999,alpha,0.99999964,0,0.9999975219999999,alpha,False,—,correct (5/5),0.04633204633204634,False,7357,597479.0
HP1526901T2D_I16,alpha,alpha,0.99999917,alpha,0.9998913,alpha,0.9999958,alpha,0.9999994,alpha,0.9999987,0,0.999976874,alpha,False,—,correct (5/5),0.03923278116826505,False,7159,321250.0
HP1526901T2D_N8,alpha,alpha,0.9999988,alpha,0.9999912,alpha,0.9999995,alpha,0.9999994,alpha,0.9999994,0,0.99999766,alpha,False,—,correct (5/5),0.023071852340145027,False,5872,194240.0
HP1526901T2D_A8,alpha,alpha,0.99994767,alpha,0.9998416,alpha,0.9999703,alpha,0.99999726,alpha,0.9999927,0,0.999949906,alpha,False,—,correct (5/5),0.03923278116826505,False,6702,133331.0
AZ_C11,delta,delta,0.99999774,delta,0.9999982,delta,0.9999939,delta,0.9999993,delta,0.9999962,0,0.9999970679999999,delta,False,—,correct (5/5),0.05513513513513514,False,4067,1.310483e+06
AZ_B10,delta,delta,0.9999931,delta,0.9999924,delta,0.9999145,delta,0.99999833,delta,0.9999033,0,0.9999603260000001,delta,False,—,correct (5/5),0.1309771309771309,False,3760,569813.0
AZ_B1,delta,delta,0.99999344,delta,0.99999344,delta,0.9999738,delta,0.9999919,delta,0.9999931,0,0.999989136,delta,False,—,correct (5/5),0.031660231660231665,False,4320,1.489098e+06
AZ_A12,delta,delta,0.9986248,delta,0.9999418,delta,0.93097746,delta,0.9992894,delta,0.9993357,0,0.9856338319999999,delta,False,—,correct (5/5),0.033386327503974564,False,2674,302083.0
AZ_A10,delta,delta,0.99717677,delta,0.9959928,delta,0.95296025,delta,0.99990916,gamma,0.54745877,1,0.8986995499999999,delta,False,gamma,unstable error (1–3/5),0.11969111969111967,False,4997,853730.0
AZ_G6,delta,delta,0.9999064,delta,0.9999124,delta,0.79500866,delta,0.9985184,delta,0.9972721,0,0.9581235920000001,delta,False,—,correct (5/5),0.07078507078507078,False,4016,1.809527e+06
AZ_D5,delta,delta,0.99998534,delta,0.9999852,delta,0.999666,delta,0.9995247,delta,0.9999112,0,0.999814488,delta,False,—,correct (5/5),0.06227967097532316,False,3501,408834.0
HP1502401_D17,delta,delta,0.9999981,delta,0.99999833,delta,0.99993896,delta,0.99942243,delta,0.999997,0,0.9998709640000001,delta,False,—,correct (5/5),0.020741671904462605,False,2510,687297.0
HP1502401_A18,delta,delta,0.9999963,delta,0.99999416,delta,0.99998915,delta,0.9999987,delta,0.99999535,0,0.9999947319999999,delta,False,—,correct (5/5),0.06633906633906633,False,4549,1.191448e+06
HP1502401_I7,delta,delta,0.9999945,delta,0.99991286,delta,0.99998033,delta,0.99994063,delta,0.9997907,0,0.999923804,delta,False,—,correct (5/5),0.03521703521703521,False,3564,154299.0
HP1502401_O6,delta,delta,0.9999908,delta,0.99997985,delta,0.9997973,delta,0.99997973,delta,0.9999924,0,0.9999480159999999,delta,False,—,correct (5/5),0.023071852340145027,False,4090,154528.0
HP1502401_C8,delta,delta,0.999998,delta,0.99999833,delta,0.9999989,delta,0.9999999,delta,0.999998,0,0.999998626,delta,False,—,correct (5/5),0.05513513513513514,False,5669,713972.0
HP1502401_H6,delta,delta,0.9999989,delta,0.99999976,delta,0.9999987,delta,0.99999964,delta,0.99999976,0,0.999999352,delta,False,—,correct (5/5),0.02432432432432433,False,3769,576316.0
HP1502401_O18,delta,delta,0.9999993,delta,0.9999962,delta,0.99999344,delta,0.99999905,delta,0.9999964,0,0.9999968779999999,delta,False,—,correct (5/5),0.03521703521703521,False,4521,964367.0
HP1502401_F11,delta,delta,0.9999765,delta,0.9999417,delta,0.9998747,delta,0.99993193,delta,0.9999949,0,0.9999439459999999,delta,False,—,correct (5/5),0.03521703521703521,False,3405,47348.0
HP1502401_I9,delta,delta,0.9999901,delta,0.9999825,delta,0.99998355,delta,0.99999833,delta,0.9999982,0,0.999990536,delta,False,—,correct (5/5),0.020741671904462605,False,3845,590937.0
HP1502401_D12,delta,delta,0.9999958,delta,0.9997577,delta,0.9996866,delta,0.9999943,delta,0.99999416,0,0.999885712,delta,False,—,correct (5/5),0.033386327503974564,False,4154,1.124751e+06
HP1502401_N7,delta,delta,0.9999981,delta,0.99999297,delta,0.99998903,delta,0.9999988,delta,0.9999974,0,0.99999526,delta,False,—,correct (5/5),0.02432432432432433,False,4316,372888.0
HP1502401_G3,delta,delta,0.99999404,delta,0.99999845,delta,0.99997175,delta,0.99999833,delta,0.9999995,0,0.9999924139999999,delta,False,—,correct (5/5),0.06633906633906633,False,3841,275674.0
HP1502401_C5,delta,delta,0.9999629,delta,0.9999988,delta,0.9999896,delta,0.99999726,delta,0.99999547,0,0.999988806,delta,False,—,correct (5/5),0.05513513513513514,False,4178,1.31939e+06
HP1502401_A2,delta,delta,0.9999999,delta,0.9999981,delta,0.9999989,delta,0.9999994,delta,0.99999714,0,0.999998688,delta,False,—,correct (5/5),0.02432432432432433,False,4656,1.742192e+06
HP1502401_M6,delta,delta,0.9999721,delta,0.99998593,delta,0.999907,delta,0.99998,delta,0.9993567,0,0.999840346,delta,False,—,correct (5/5),0.02848794740686632,False,3705,345212.0
HP1502401_A24,delta,delta,0.9999989,delta,0.9999988,delta,0.9999981,delta,0.99999917,delta,0.9999949,0,0.999997974,delta,False,—,correct (5/5),0.020741671904462605,False,3460,1.419019e+06
HP1502401_C20,delta,delta,0.99999976,delta,0.99999654,delta,0.99993086,delta,0.9998233,delta,0.9999927,0,0.999948632,delta,False,—,correct (5/5),0.023071852340145027,False,4006,1.081578e+06
HP1502401_E3,delta,delta,0.9999964,delta,0.99999785,delta,0.9999529,delta,0.99999154,delta,0.99999964,0,0.9999876659999998,delta,False,—,correct (5/5),0.04144144144144144,False,2982,923351.0
HP1502401_E9,delta,delta,0.99999905,delta,0.99999976,delta,0.99999726,delta,0.9999999,delta,0.99999964,0,0.999999122,delta,False,—,correct (5/5),0.04380242311276794,False,4634,578524.0
HP1502401_B8,delta,delta,0.9999944,delta,0.9999964,delta,0.99999666,delta,0.99999917,delta,0.9999858,0,0.999994486,delta,False,—,correct (5/5),0.04633204633204634,False,3965,1.227402e+06
HP1504101T2D_A24,delta,delta,0.9999993,delta,0.9999987,delta,0.99999523,delta,0.9999999,delta,0.99999857,0,0.9999983400000001,delta,False,—,correct (5/5),0.02848794740686632,False,5506,1.291271e+06
HP1504101T2D_H5,delta,delta,1.0,delta,0.99999976,delta,0.99999905,delta,1.0,delta,0.99999976,0,0.999999714,delta,False,—,correct (5/5),0.02432432432432433,False,4962,924158.0
HP1504101T2D_F17,delta,delta,0.999998,delta,0.9999999,delta,0.9999981,delta,0.9999999,delta,0.99999976,0,0.9999991320000001,delta,False,—,correct (5/5),0.03716216216216217,False,5810,792949.0
HP1504101T2D_C9,delta,delta,0.9999995,delta,0.99999154,delta,0.9999975,delta,0.9999999,delta,0.9999981,0,0.999997308,delta,False,—,correct (5/5),0.03716216216216217,False,4685,555317.0
HP1504101T2D_L11,delta,delta,0.9999999,delta,0.9999989,delta,0.99999917,delta,0.99999905,delta,0.9999994,0,0.999999284,delta,False,—,correct (5/5),0.020741671904462605,False,5307,1.059539e+06
HP1504101T2D_C10,delta,delta,0.99999976,delta,0.9999584,delta,0.9999968,delta,0.9999989,delta,0.99999976,0,0.9999907240000001,delta,False,—,correct (5/5),0.023071852340145027,False,5338,500788.0
HP1504101T2D_N21,delta,delta,0.99999976,delta,0.9999994,delta,0.99999785,delta,1.0,delta,0.99999917,0,0.9999992360000001,delta,False,—,correct (5/5),0.021879021879021885,False,4737,523442.0
HP1504101T2D_J14,delta,delta,0.99999976,delta,0.99999857,delta,0.99999535,delta,0.9999999,delta,0.99999976,0,0.9999986679999999,delta,False,—,correct (5/5),0.04380242311276794,False,4249,263637.0
HP1504101T2D_E21,delta,delta,0.99978906,delta,0.9989428,delta,0.9930379,delta,0.9999809,delta,0.91883,0,0.982116132,delta,False,—,correct (5/5),0.31531531531531504,False,7249,1.031562e+06
HP1504101T2D_I11,delta,delta,0.99999416,delta,0.9999776,delta,0.9999751,delta,0.99995744,delta,0.9999995,0,0.99998076,delta,False,—,correct (5/5),0.04380242311276794,False,3509,126797.0
HP1504101T2D_P4,delta,delta,0.9743541,delta,0.999705,delta,0.9162411,delta,0.9675611,delta,0.9999894,0,0.9715701400000001,delta,False,—,correct (5/5),0.04380242311276794,False,2639,100980.0
HP1504101T2D_P5,delta,delta,0.99999607,delta,0.99999905,delta,0.99999726,delta,0.99999976,delta,0.99999654,0,0.9999977360000001,delta,False,—,correct (5/5),0.05855855855855858,False,5252,1.055337e+06
HP1504101T2D_K14,delta,delta,0.9838457,delta,0.9841547,delta,0.97814983,mast,0.9870092,delta,0.99987125,1,0.986606136,delta,False,mast,unstable error (1–3/5),0.025641025641025644,False,2961,94943.0
HP1504901_K20,delta,delta,0.9999633,delta,0.9999783,delta,0.99782556,delta,0.9997352,delta,0.99995136,0,0.999490744,delta,False,—,correct (5/5),0.027027027027027025,False,3082,444210.0
HP1504901_I7,delta,delta,0.999941,delta,0.99999094,delta,0.9995321,delta,0.9999021,delta,0.9987809,0,0.999629408,delta,False,—,correct (5/5),0.017626321974148065,False,2498,31041.0
HP1504901_A21,delta,delta,0.999881,delta,0.9999716,delta,0.9982374,delta,0.99970466,delta,0.9999794,0,0.9995548120000001,delta,False,—,correct (5/5),0.09379968203497614,False,3367,275105.0
HP1504901_F2,delta,delta,0.9999931,delta,0.9999987,delta,0.99930155,delta,0.99993074,delta,0.9997181,0,0.9997884380000001,delta,False,—,correct (5/5),0.025641025641025644,False,3465,525300.0
HP1504901_I23,delta,delta,0.99921453,delta,0.9675483,delta,0.97446764,delta,0.9894683,delta,0.5358813,0,0.893316014,delta,False,—,correct (5/5),0.10990990990990991,False,6379,371720.0
HP1504901_P21,delta,delta,0.9992793,delta,0.9887012,delta,0.9985127,delta,0.99416167,delta,0.9950309,0,0.995137154,delta,False,—,correct (5/5),0.08108108108108107,False,4531,389018.0
HP1504901_D6,delta,delta,0.99999595,delta,0.9999988,delta,0.99744403,delta,0.99996305,delta,0.99992096,0,0.999464558,delta,False,—,correct (5/5),0.016676250718803912,False,2506,275827.0
HP1504901_B4,delta,delta,0.9999957,delta,0.9999927,delta,0.9999074,delta,0.99997795,delta,0.9999732,0,0.9999693900000001,delta,False,—,correct (5/5),0.03521703521703521,False,2977,371105.0
HP1504901_J4,delta,delta,0.9999981,delta,0.99999964,delta,0.9999547,delta,0.9999982,delta,0.99999464,0,0.9999890559999999,delta,False,—,correct (5/5),0.03716216216216217,False,5028,468095.0
HP1504901_B9,delta,delta,0.999995,delta,0.99999976,delta,0.9997898,delta,0.99999094,delta,0.99999714,0,0.999954528,delta,False,—,correct (5/5),0.03521703521703521,False,3089,317207.0
HP1504901_N24,delta,delta,0.99999845,delta,0.9999994,delta,0.9997173,delta,0.99998677,delta,0.9999696,0,0.9999343039999999,delta,False,—,correct (5/5),0.020741671904462605,False,3124,337614.0
HP1504901_M21,delta,delta,0.99999905,delta,0.99999857,delta,0.99987316,delta,0.99999547,delta,0.9999969,0,0.99997263,delta,False,—,correct (5/5),0.02432432432432433,False,5201,330534.0
HP1504901_C10,delta,delta,0.9999958,delta,0.99999964,delta,0.99984443,delta,0.9999981,delta,0.99999726,0,0.9999670459999999,delta,False,—,correct (5/5),0.03716216216216217,False,2712,302244.0
HP1504901_A10,delta,delta,0.99993956,delta,0.9999975,delta,0.99903584,delta,0.9998447,delta,0.99848324,0,0.999460168,delta,False,—,correct (5/5),0.033386327503974564,False,3240,185901.0
HP1506401_E16,delta,delta,0.9998056,delta,0.99964416,delta,0.99965584,delta,0.99988997,delta,0.99958473,0,0.9997160600000001,delta,False,—,correct (5/5),0.04904904904904905,False,6702,290694.0
HP1506401_G11,delta,delta,0.99999714,delta,0.9999988,delta,0.99999607,delta,0.9999999,delta,0.9999993,0,0.999998242,delta,False,—,correct (5/5),0.09379968203497614,False,7145,331878.0
HP1506401_M14,delta,delta,0.99831736,delta,0.99999285,delta,0.9999956,delta,0.9998167,delta,0.9999999,0,0.999624482,delta,False,—,correct (5/5),0.03923278116826505,False,4167,70829.0
HP1507101_A3,delta,delta,0.99995124,delta,0.99999595,delta,0.9999759,delta,0.99998045,delta,0.9999957,0,0.9999798480000001,delta,False,—,correct (5/5),0.021879021879021885,False,2841,26369.0
HP1507101_O23,delta,delta,0.9999995,delta,0.99999964,delta,0.9999964,delta,0.9999988,delta,0.9999995,0,0.999998768,delta,False,—,correct (5/5),0.016676250718803912,False,5298,76243.0
HP1507101_P14,delta,delta,0.99983585,delta,0.990954,delta,0.99991107,delta,0.99990404,delta,0.99983597,0,0.998088186,delta,False,—,correct (5/5),0.10135135135135138,False,6896,121344.0
HP1507101_L23,delta,delta,0.99999857,delta,0.9999982,delta,0.9999968,delta,0.99999595,delta,0.99999964,0,0.999997832,delta,False,—,correct (5/5),0.02848794740686632,False,5135,84030.0
HP1507101_F10,delta,delta,0.99999964,delta,0.9999932,delta,0.999998,delta,0.999997,delta,0.99999964,0,0.999997496,delta,False,—,correct (5/5),0.020741671904462605,False,6878,568166.0
HP1507101_P21,delta,delta,0.99999857,delta,0.9999993,delta,0.999998,delta,0.99999905,delta,0.9999995,0,0.999998884,delta,False,—,correct (5/5),0.018618618618618618,False,6606,236216.0
HP1507101_A5,delta,delta,0.9999988,delta,0.99999356,delta,0.9999988,delta,0.99999976,delta,0.9999999,0,0.999998164,delta,False,—,correct (5/5),0.016676250718803912,False,5504,58636.0
HP1507101_L4,delta,delta,0.9999999,delta,0.9999994,delta,0.99999833,delta,0.9999994,delta,1.0,0,0.999999406,delta,False,—,correct (5/5),0.015765765765765768,False,6071,325231.0
HP1507101_E16,delta,delta,0.99999845,delta,0.99999905,delta,0.9999975,delta,0.9999995,delta,0.9999994,0,0.99999878,delta,False,—,correct (5/5),0.021879021879021885,False,5005,64890.0
HP1507101_F12,delta,delta,0.99954504,delta,0.9868715,delta,0.9882812,delta,0.99221015,delta,0.99429554,0,0.9922406859999999,delta,False,—,correct (5/5),0.10135135135135138,False,8356,379468.0
HP1508501T2D_H11,delta,delta,0.9999994,delta,0.99999976,delta,0.99999774,delta,1.0,delta,0.9999988,0,0.9999991400000001,delta,False,—,correct (5/5),0.019656019656019656,False,6613,1.76922e+06
HP1508501T2D_I18,delta,delta,0.99999964,delta,0.999998,delta,0.9999999,delta,0.99999964,delta,1.0,0,0.9999994360000001,delta,False,—,correct (5/5),0.03923278116826505,False,6626,1.876158e+06
HP1508501T2D_I23,delta,delta,0.99999,delta,0.9999976,delta,0.9999962,delta,0.9999957,delta,0.99999607,0,0.9999951140000001,delta,False,—,correct (5/5),0.09379968203497614,False,5796,201175.0
HP1508501T2D_C8,delta,delta,0.99999976,delta,0.9999993,delta,0.99999976,delta,0.99999976,delta,1.0,0,0.9999997159999999,delta,False,—,correct (5/5),0.03923278116826505,False,6694,433899.0
HP1508501T2D_D15,delta,delta,0.9993463,endothelial,0.6204693,delta,0.9999571,delta,0.9998882,delta,0.9998754,1,0.92390726,delta,False,endothelial,unstable error (1–3/5),0.04144144144144144,False,8023,589161.0
HP1508501T2D_C16,delta,delta,0.9999993,delta,0.99999857,delta,0.9999993,delta,1.0,delta,1.0,0,0.999999434,delta,False,—,correct (5/5),0.02848794740686632,False,5660,107215.0
HP1508501T2D_J18,delta,delta,0.9999995,delta,0.99999785,delta,0.9999995,delta,0.9999999,delta,1.0,0,0.9999993500000001,delta,False,—,correct (5/5),0.04144144144144144,False,6021,468580.0
HP1509101_O1,delta,delta,0.99999857,delta,0.9999963,delta,0.99999475,delta,0.9999989,delta,0.9999937,0,0.999996444,delta,False,—,correct (5/5),0.023071852340145027,False,3488,19856.0
HP1509101_J16,delta,delta,0.9999981,delta,0.9999962,delta,0.9999975,delta,0.99999857,delta,0.99999917,0,0.9999979079999999,delta,False,—,correct (5/5),0.021879021879021885,False,4401,41216.0
HP1509101_E4,delta,delta,0.9999981,delta,0.9999987,delta,0.9999969,delta,0.9999993,delta,0.9999962,0,0.99999784,delta,False,—,correct (5/5),0.11969111969111967,False,5259,99669.0
HP1509101_H7,delta,delta,0.99999547,delta,0.9999714,delta,0.9999938,delta,0.9999745,delta,0.9999988,0,0.999986794,delta,False,—,correct (5/5),0.02432432432432433,False,5082,52855.0
HP1509101_D22,delta,delta,0.9999931,delta,0.99999535,delta,0.9999958,delta,0.99999475,delta,0.99999654,0,0.9999951079999999,delta,False,—,correct (5/5),0.025641025641025644,False,4562,67156.0
HP1509101_L19,delta,delta,0.99999714,delta,0.99996877,delta,0.9999907,delta,0.999998,delta,0.999985,0,0.9999879220000001,delta,False,—,correct (5/5),0.031660231660231665,False,6284,123332.0
HP1509101_J18,delta,delta,0.9999994,delta,0.9999832,delta,0.9999957,delta,0.99999845,delta,0.99999607,0,0.999994564,delta,False,—,correct (5/5),0.023071852340145027,False,3133,17572.0
HP1509101_P12,delta,delta,0.99999857,delta,0.9999995,delta,0.9999933,delta,0.999997,delta,0.9999994,0,0.9999975539999999,delta,False,—,correct (5/5),0.017626321974148065,False,6456,387439.0
HP1509101_O24,delta,delta,0.9999852,delta,0.9999784,delta,0.99999,delta,0.99998355,delta,0.9999889,0,0.99998521,delta,False,—,correct (5/5),0.023071852340145027,False,4640,55573.0
HP1509101_H13,delta,delta,0.9999703,delta,0.9999951,delta,0.9999968,delta,0.9999931,delta,0.9999939,0,0.9999898399999999,delta,False,—,correct (5/5),0.04633204633204634,False,5511,172406.0
HP1509101_O4,delta,delta,0.9999994,delta,0.9999714,delta,0.99999416,delta,0.99998283,delta,0.9999999,0,0.999989538,delta,False,—,correct (5/5),0.018618618618618618,False,6348,173792.0
HP1509101_L23,delta,delta,0.9999982,delta,0.999997,delta,0.99999344,delta,0.99999404,delta,0.9999969,0,0.9999959159999999,delta,False,—,correct (5/5),0.031660231660231665,False,4391,41088.0
HP1525301T2D_D19,delta,delta,1.0,delta,1.0,delta,0.9999999,delta,0.9999999,delta,0.9999999,0,0.99999994,delta,False,—,correct (5/5),0.030030030030030033,False,6748,158824.0
HP1525301T2D_O2,delta,delta,0.9999994,delta,0.9997936,delta,0.99985933,delta,0.99995995,delta,0.99998975,0,0.999920406,delta,False,—,correct (5/5),0.1309771309771309,False,4051,133708.0
HP1525301T2D_M17,delta,delta,1.0,delta,1.0,delta,0.9999995,delta,0.9999999,delta,0.99999976,0,0.999999832,delta,False,—,correct (5/5),0.02848794740686632,False,6461,207045.0
HP1525301T2D_A7,delta,delta,0.99999976,delta,0.9999925,delta,0.9999943,delta,0.9999969,delta,0.9999958,0,0.999995852,delta,False,—,correct (5/5),0.031660231660231665,False,6369,196397.0
HP1525301T2D_J10,delta,delta,0.9999999,delta,0.9999994,delta,0.99999964,delta,0.99999964,delta,0.99999964,0,0.9999996440000001,delta,False,—,correct (5/5),0.027027027027027025,False,6402,218933.0
HP1526901T2D_A10,delta,delta,0.9999999,delta,0.9999999,delta,0.99999976,delta,0.99999976,delta,0.99999964,0,0.999999792,delta,False,—,correct (5/5),0.03923278116826505,False,6885,296999.0
HP1526901T2D_B6,delta,delta,0.99999976,delta,0.9999999,delta,0.9999968,delta,0.9999999,delta,0.9999999,0,0.9999992520000001,delta,False,—,correct (5/5),0.021879021879021885,False,6110,245340.0
HP1526901T2D_H18,delta,delta,0.99999726,delta,0.99999976,delta,0.99999654,delta,0.99999964,delta,0.99999964,0,0.999998568,delta,False,—,correct (5/5),0.02848794740686632,False,6684,323869.0
HP1526901T2D_J22,delta,delta,0.99999714,delta,0.99999976,delta,0.9999819,delta,0.99999917,delta,0.99999845,0,0.999995284,delta,False,—,correct (5/5),0.03521703521703521,False,5839,332291.0
HP1526901T2D_M19,delta,delta,0.9999999,delta,0.99999976,delta,0.99999976,delta,1.0,delta,0.9999999,0,0.999999864,delta,False,—,correct (5/5),0.02848794740686632,False,7115,445404.0
HP1526901T2D_A16,delta,delta,0.9999993,delta,0.9999994,delta,0.99999344,delta,0.9999994,delta,0.99999905,0,0.9999981179999999,delta,False,—,correct (5/5),0.019656019656019656,False,6603,283928.0
HP1526901T2D_I10,delta,delta,0.9999994,delta,0.99999976,delta,0.99999285,delta,0.99999964,delta,0.99999964,0,0.9999982580000001,delta,False,—,correct (5/5),0.030030030030030033,False,6650,351256.0
HP1526901T2D_G23,delta,delta,1.0,delta,1.0,delta,0.99999976,delta,1.0,delta,0.9999999,0,0.999999932,delta,False,—,correct (5/5),0.021879021879021885,False,6554,448640.0
HP1526901T2D_P22,delta,delta,0.99999964,delta,0.9999999,delta,0.9999968,delta,0.9999995,delta,0.99999976,0,0.99999912,delta,False,—,correct (5/5),0.019656019656019656,False,5602,249991.0
HP1526901T2D_K24,delta,delta,0.99999905,delta,0.99999917,delta,0.999995,delta,0.99999917,delta,0.99999607,0,0.9999976920000002,delta,False,—,correct (5/5),0.033386327503974564,False,6437,442706.0
HP1526901T2D_E20,delta,delta,0.99999976,delta,0.99999976,delta,0.9999974,delta,0.9999981,delta,0.99999964,0,0.9999989320000001,delta,False,—,correct (5/5),0.025641025641025644,False,6375,225816.0
HP1526901T2D_B18,delta,delta,0.9999999,delta,0.99999976,delta,0.9999993,delta,0.9999994,delta,0.9999995,0,0.9999995720000001,delta,False,—,correct (5/5),0.027027027027027025,False,6840,279417.0
HP1526901T2D_A4,delta,delta,0.9999976,delta,0.9999982,delta,0.9999933,delta,0.99999964,delta,0.9999993,0,0.9999976079999999,delta,False,—,correct (5/5),0.04633204633204634,False,6860,300316.0
HP1526901T2D_A23,delta,delta,0.99885976,delta,0.9964659,delta,0.986324,delta,0.9980704,delta,0.982222,0,0.992388412,delta,False,—,correct (5/5),0.07078507078507078,False,8012,227646.0
HP1526901T2D_K22,delta,delta,0.9999994,delta,0.9999999,delta,0.99999917,delta,1.0,delta,0.99999905,0,0.999999504,delta,False,—,correct (5/5),0.030030030030030033,False,6851,339861.0
HP1526901T2D_G2,delta,delta,0.99999964,delta,1.0,delta,0.9999958,delta,0.99999905,delta,0.9999989,0,0.9999986780000001,delta,False,—,correct (5/5),0.030030030030030033,False,6148,239943.0
HP1526901T2D_O9,delta,delta,0.9999999,delta,0.9999999,delta,0.99999094,delta,0.99999917,delta,0.9999995,0,0.9999978820000001,delta,False,—,correct (5/5),0.02432432432432433,False,5978,285419.0
HP1526901T2D_L24,delta,delta,0.99999905,delta,0.99999964,delta,0.99999785,delta,0.99999964,delta,0.999997,0,0.9999986359999999,delta,False,—,correct (5/5),0.02432432432432433,False,6487,352091.0
HP1526901T2D_A22,delta,delta,0.99962926,delta,0.9998029,delta,0.9999758,delta,0.9999951,delta,0.99997306,0,0.999875224,delta,False,—,correct (5/5),0.04380242311276794,False,8244,318036.0
HP1526901T2D_J20,delta,delta,0.99999917,delta,0.99999857,delta,0.99999654,delta,0.99999976,delta,0.9999981,0,0.9999984279999999,delta,False,—,correct (5/5),0.027027027027027025,False,6041,250521.0
HP1526901T2D_J1,delta,delta,0.99999976,delta,0.9999999,delta,0.999998,delta,0.99999964,delta,0.99999964,0,0.999999388,delta,False,—,correct (5/5),0.031660231660231665,False,6414,287013.0
HP1526901T2D_C15,delta,delta,0.9999951,delta,0.99999726,delta,0.99999416,delta,0.9999989,delta,0.99999046,0,0.999995176,delta,False,—,correct (5/5),0.033386327503974564,False,6454,236116.0
HP1526901T2D_I19,delta,delta,0.9999974,delta,0.9999995,delta,0.9999937,delta,0.9999999,delta,0.9999981,0,0.99999772,delta,False,—,correct (5/5),0.03716216216216217,False,6576,183083.0
HP1526901T2D_B7,delta,delta,0.9999982,delta,0.9999982,delta,0.99999297,delta,0.999997,delta,0.9999988,0,0.999997034,delta,False,—,correct (5/5),0.02432432432432433,False,6336,172393.0
HP1526901T2D_O7,delta,delta,0.9999995,delta,0.9999999,delta,0.99999905,delta,0.9999999,delta,0.99999976,0,0.999999622,delta,False,—,correct (5/5),0.027027027027027025,False,6494,222519.0
HP1526901T2D_E21,delta,delta,0.99999654,delta,0.9999994,delta,0.9999962,delta,0.99999917,delta,0.9999981,0,0.999997882,delta,False,—,correct (5/5),0.0870870870870871,False,5999,185207.0
HP1526901T2D_E3,delta,delta,1.0,delta,1.0,delta,0.9999999,delta,0.9999999,delta,0.99999976,0,0.999999912,delta,False,—,correct (5/5),0.021879021879021885,False,6963,464307.0
HP1526901T2D_E19,delta,delta,1.0,delta,0.9999999,delta,0.9999999,delta,0.99999976,delta,0.9999994,0,0.999999792,delta,False,—,correct (5/5),0.023071852340145027,False,7061,316525.0
HP1526901T2D_I11,delta,delta,0.99999964,delta,0.9999999,delta,0.9999995,delta,0.99999976,delta,0.9999987,0,0.9999995,delta,False,—,correct (5/5),0.021879021879021885,False,6482,264386.0
HP1526901T2D_F23,delta,delta,0.9999976,delta,0.99999976,delta,0.9999969,delta,0.99999976,delta,0.9999995,0,0.999998704,delta,False,—,correct (5/5),0.04380242311276794,False,6646,258685.0
HP1526901T2D_C24,delta,delta,0.99999285,delta,0.99999547,delta,0.9999838,delta,0.9999912,delta,0.9999081,0,0.999974284,delta,False,—,correct (5/5),0.031660231660231665,False,6785,151747.0
HP1526901T2D_D21,delta,delta,1.0,delta,1.0,delta,0.99999964,delta,0.9999999,delta,1.0,0,0.999999908,delta,False,—,correct (5/5),0.033386327503974564,False,6745,149556.0
HP1526901T2D_C1,delta,delta,0.9999994,delta,0.9999999,delta,0.9999974,delta,0.9999994,delta,0.9999988,0,0.99999898,delta,False,—,correct (5/5),0.021879021879021885,False,6097,267987.0
HP1526901T2D_A13,delta,delta,0.9985902,delta,0.9413952,delta,0.9352792,delta,0.9897564,delta,0.9678018,0,0.9665645599999999,delta,False,—,correct (5/5),0.05513513513513514,False,8030,216338.0
HP1526901T2D_I18,delta,delta,0.9999999,delta,1.0,delta,0.9999993,delta,0.9999999,delta,0.99999976,0,0.9999997720000001,delta,False,—,correct (5/5),0.031660231660231665,False,6735,311681.0
HP1526901T2D_N16,delta,delta,0.9999999,delta,1.0,delta,0.9999993,delta,1.0,delta,0.9999999,0,0.99999982,delta,False,—,correct (5/5),0.03521703521703521,False,6920,387264.0
AZ_C10,beta,beta,0.9999989,beta,0.99999976,beta,1.0,beta,1.0,beta,0.99999964,0,0.99999966,beta,False,—,correct (5/5),0.04633204633204634,False,3875,705544.0
AZ_A8,beta,beta,0.99998975,beta,1.0,beta,1.0,beta,1.0,beta,1.0,0,0.99999795,beta,False,—,correct (5/5),0.033386327503974564,False,3212,487821.0
AZ_D6,beta,beta,0.99998736,beta,0.99985325,beta,0.9999944,beta,0.9999976,beta,0.99999857,0,0.999966236,beta,False,—,correct (5/5),0.0870870870870871,False,3698,532665.0
AZ_H11,beta,beta,0.9999993,beta,1.0,beta,1.0,beta,1.0,beta,1.0,0,0.99999986,beta,False,—,correct (5/5),0.06633906633906633,False,2934,925604.0
AZ_E7,beta,beta,0.99129117,beta,0.99987745,beta,0.9999826,beta,0.99998355,beta,0.9997603,0,0.998179014,beta,False,—,correct (5/5),0.031660231660231665,False,5013,1.547914e+06
AZ_G2,beta,beta,0.999972,beta,0.99999833,beta,0.9999995,beta,0.99999976,beta,0.9999999,0,0.9999938979999999,beta,False,—,correct (5/5),0.04904904904904905,False,2568,169779.0
AZ_H6,beta,delta,0.8509904,delta,0.980485,beta,0.90442616,delta,0.84537166,delta,0.7733506,4,0.870924764,delta,True,delta,stable error (≥4/5),0.05855855855855858,False,3079,125357.0
AZ_F7,beta,delta,0.9774638,delta,0.8601477,beta,0.9258998,delta,0.9819919,delta,0.74326974,4,0.8977545880000001,delta,True,delta,stable error (≥4/5),0.2297297297297298,False,5841,2.494015e+06
AZ_C4,beta,beta,0.99999964,beta,0.9999999,beta,1.0,beta,1.0,beta,1.0,0,0.999999908,beta,False,—,correct (5/5),0.15970515970515978,False,3823,859573.0
AZ_F2,beta,beta,0.9999895,beta,1.0,beta,1.0,beta,1.0,beta,0.99999964,0,0.999997828,beta,False,—,correct (5/5),0.07078507078507078,False,3822,521669.0
AZ_F1,beta,beta,0.9999976,beta,1.0,beta,1.0,beta,1.0,beta,1.0,0,0.99999952,beta,False,—,correct (5/5),0.03923278116826505,False,4707,1.615362e+06
AZ_D2,beta,beta,0.999998,beta,0.9999999,beta,1.0,beta,1.0,beta,1.0,0,0.9999995800000001,beta,False,—,correct (5/5),0.03923278116826505,False,3815,231614.0
HP1502401_B14,beta,beta,0.9999975,beta,0.99999905,beta,0.9999993,beta,0.9999989,beta,1.0,0,0.9999989500000002,beta,False,—,correct (5/5),0.04904904904904905,False,4223,222958.0
HP1502401_G14,beta,beta,0.9999982,beta,0.9999994,beta,0.99999964,beta,0.9999999,beta,0.99999976,0,0.99999938,beta,False,—,correct (5/5),0.051975051975051964,False,5163,194970.0
HP1502401_D13,beta,beta,0.99999905,beta,1.0,beta,1.0,beta,1.0,beta,1.0,0,0.9999998099999999,beta,False,—,correct (5/5),0.04380242311276794,False,4001,43407.0
HP1502401_J22,beta,beta,0.99999976,beta,0.99999976,beta,0.9999999,beta,1.0,beta,1.0,0,0.999999884,beta,False,—,correct (5/5),0.02848794740686632,False,3498,881145.0
HP1502401_G24,beta,beta,0.99999976,beta,0.99999976,beta,0.99999976,beta,0.9999999,beta,0.99999976,0,0.999999788,beta,False,—,correct (5/5),0.031660231660231665,False,3836,1.386458e+06
HP1502401_N8,beta,beta,0.9999747,beta,0.99999964,beta,1.0,beta,0.9999999,beta,1.0,0,0.999994848,beta,False,—,correct (5/5),0.04904904904904905,False,3477,1.288492e+06
HP1502401_O16,beta,beta,0.99999,beta,0.9999981,beta,1.0,beta,0.99999964,beta,1.0,0,0.999997548,beta,False,—,correct (5/5),0.03716216216216217,False,3862,600876.0
HP1502401_H22,beta,beta,0.9999988,beta,0.99999976,beta,0.9999999,beta,1.0,beta,1.0,0,0.999999692,beta,False,—,correct (5/5),0.03716216216216217,False,3500,876554.0
HP1502401_A7,beta,beta,0.9999956,beta,0.9999999,beta,1.0,beta,0.9999999,beta,1.0,0,0.9999990799999999,beta,False,—,correct (5/5),0.03716216216216217,False,3861,979189.0
HP1502401_B7,beta,beta,0.9999789,beta,0.9999995,beta,1.0,beta,0.9999995,beta,1.0,0,0.9999955799999999,beta,False,—,correct (5/5),0.016676250718803912,False,2796,470877.0
HP1502401_H11,beta,beta,0.99999607,beta,1.0,beta,1.0,beta,0.9999999,beta,1.0,0,0.9999991940000001,beta,False,—,correct (5/5),0.033386327503974564,False,3608,616219.0
HP1502401_E22,beta,beta,0.9999764,beta,0.99999905,beta,0.99999356,beta,0.99999964,beta,0.9999999,0,0.99999371,beta,False,—,correct (5/5),0.025641025641025644,False,2808,543584.0
HP1502401_N1,beta,beta,0.999998,beta,0.99999976,beta,1.0,beta,0.99999857,beta,1.0,0,0.999999266,beta,False,—,correct (5/5),0.05513513513513514,False,4556,1.26795e+06
HP1502401_D7,beta,beta,0.9999913,beta,0.9999963,beta,0.999998,beta,0.9999974,beta,0.99999654,0,0.999995908,beta,False,—,correct (5/5),0.06633906633906633,False,3202,224962.0
HP1502401_C18,beta,beta,0.99999774,beta,1.0,beta,1.0,beta,1.0,beta,0.9999999,0,0.999999528,beta,False,—,correct (5/5),0.05513513513513514,False,3057,804071.0
HP1502401_F22,beta,beta,0.99999464,beta,0.9999999,beta,1.0,beta,0.9999999,beta,1.0,0,0.999998888,beta,False,—,correct (5/5),0.021879021879021885,False,2956,1.049938e+06
HP1502401_B24,beta,beta,0.99999297,beta,0.99999964,beta,0.9999999,beta,1.0,beta,0.99999976,0,0.999998454,beta,False,—,correct (5/5),0.030030030030030033,False,3083,677070.0
HP1502401_C6,beta,beta,0.9999988,beta,1.0,beta,1.0,beta,1.0,beta,1.0,0,0.99999976,beta,False,—,correct (5/5),0.030030030030030033,False,4320,540622.0
HP1502401_I6,beta,beta,0.99999714,beta,0.99978584,beta,0.99949086,beta,0.99997246,beta,0.9999938,0,0.99984802,beta,False,—,correct (5/5),0.20120120120120114,False,4557,888012.0
HP1502401_G4,beta,beta,0.9999945,beta,0.99999976,beta,0.99999976,beta,0.9999995,beta,0.99999845,0,0.999998394,beta,False,—,correct (5/5),0.05513513513513514,False,4912,1.20623e+06
HP1502401_B21,beta,beta,0.999877,beta,0.9999995,beta,0.99999964,beta,0.9999989,beta,0.99999964,0,0.9999749359999999,beta,False,—,correct (5/5),0.019656019656019656,False,4460,1.025438e+06
HP1502401_D3,beta,beta,0.99999964,beta,0.99999976,beta,0.99999976,beta,0.99999976,beta,0.9999995,0,0.9999996840000002,beta,False,—,correct (5/5),0.03521703521703521,False,4547,632764.0
HP1502401_G6,beta,beta,0.9999994,beta,0.9999995,beta,1.0,beta,0.99999976,beta,0.99999964,0,0.99999966,beta,False,—,correct (5/5),0.017626321974148065,False,2506,480537.0
HP1502401_C10,beta,beta,0.9999862,beta,0.9999994,beta,0.9999999,beta,0.9999999,beta,0.99999964,0,0.999997008,beta,False,—,correct (5/5),0.03521703521703521,False,4680,1.190006e+06
HP1502401_E19,beta,beta,0.99999976,beta,1.0,beta,1.0,beta,1.0,beta,1.0,0,0.9999999519999999,beta,False,—,correct (5/5),0.02432432432432433,False,4616,1.045577e+06
HP1502401_J10,beta,beta,0.9999999,beta,1.0,beta,0.9999999,beta,0.99999905,beta,1.0,0,0.9999997700000002,beta,False,—,correct (5/5),0.018618618618618618,False,4439,1.478304e+06
HP1502401_D6,beta,beta,0.99999857,beta,1.0,beta,1.0,beta,1.0,beta,1.0,0,0.999999714,beta,False,—,correct (5/5),0.02432432432432433,False,3797,1.016224e+06
HP1502401_M2,beta,beta,0.9999999,beta,1.0,beta,1.0,beta,0.9999999,beta,1.0,0,0.99999996,beta,False,—,correct (5/5),0.018618618618618618,False,4463,1.240798e+06
HP1502401_D22,beta,beta,0.99999475,beta,1.0,beta,1.0,beta,0.9999999,beta,1.0,0,0.99999893,beta,False,—,correct (5/5),0.018618618618618618,False,3280,977344.0
HP1502401_G20,beta,delta,0.99998176,delta,0.99968135,delta,0.9999459,delta,0.9999713,delta,0.96823823,5,0.9935637080000002,delta,True,delta,stable error (≥4/5),0.1309771309771309,False,5711,1.284094e+06
HP1502401_L10,beta,beta,0.9999943,beta,1.0,beta,1.0,beta,0.9999999,beta,1.0,0,0.9999988399999999,beta,False,—,correct (5/5),0.0870870870870871,False,4530,780583.0
HP1502401_M12,beta,beta,0.99995744,beta,0.9999994,beta,1.0,beta,1.0,beta,1.0,0,0.9999913679999999,beta,False,—,correct (5/5),0.03521703521703521,False,3653,506949.0
HP1502401_G22,beta,beta,0.9999989,beta,0.9999999,beta,1.0,beta,0.9999999,beta,0.9999999,0,0.9999997200000001,beta,False,—,correct (5/5),0.033386327503974564,False,4282,513305.0
HP1502401_B1,beta,beta,0.9999931,beta,0.9999989,beta,1.0,beta,1.0,beta,0.99999905,0,0.99999821,beta,False,—,correct (5/5),0.04633204633204634,False,3081,781826.0
HP1502401_F24,beta,beta,0.9999982,beta,0.99999917,beta,0.9999999,beta,1.0,beta,0.99999523,0,0.9999985,beta,False,—,correct (5/5),0.03716216216216217,False,2958,500522.0
HP1502401_E10,beta,beta,0.9999988,beta,1.0,beta,1.0,beta,1.0,beta,1.0,0,0.99999976,beta,False,—,correct (5/5),0.02848794740686632,False,3748,1.152985e+06
HP1502401_G5,beta,beta,0.9999987,beta,0.9999999,beta,1.0,beta,1.0,beta,1.0,0,0.9999997199999999,beta,False,—,correct (5/5),0.017626321974148065,False,4285,1.194563e+06
HP1502401_A6,beta,beta,0.9999833,beta,0.99999833,beta,1.0,beta,0.9999999,beta,0.9999999,0,0.999996286,beta,False,—,correct (5/5),0.03716216216216217,False,3912,914853.0
HP1502401_O7,beta,beta,0.96370494,beta,0.9997254,beta,0.99979335,beta,0.9903743,beta,0.9997825,0,0.990676098,beta,False,—,correct (5/5),0.030030030030030033,False,4263,1.267392e+06
HP1502401_H12,beta,beta,0.9999974,beta,0.99999464,beta,0.9999999,beta,1.0,beta,0.9999999,0,0.999998368,beta,False,—,correct (5/5),0.07567567567567568,False,4232,959976.0
HP1502401_F9,beta,beta,0.9999993,beta,0.9999993,beta,1.0,beta,1.0,beta,1.0,0,0.9999997199999999,beta,False,—,correct (5/5),0.09379968203497614,False,3568,296012.0
HP1502401_F16,beta,beta,0.9999217,beta,0.9999192,beta,0.996548,beta,0.9999887,beta,0.99999595,0,0.9992747100000001,beta,False,—,correct (5/5),0.031660231660231665,False,2856,394070.0
HP1502401_M20,beta,beta,0.99999917,beta,0.9999968,beta,0.9999995,beta,0.999995,beta,0.99999976,0,0.999998046,beta,False,—,correct (5/5),0.031660231660231665,False,5951,1.379846e+06
HP1502401_C21,beta,beta,0.9999987,beta,0.9999999,beta,1.0,beta,1.0,beta,0.9999999,0,0.9999997,beta,False,—,correct (5/5),0.023071852340145027,False,3213,876156.0
HP1502401_C7,beta,beta,0.99998975,beta,0.9999993,beta,1.0,beta,0.99999976,beta,0.9999999,0,0.999997742,beta,False,—,correct (5/5),0.019656019656019656,False,3178,863190.0
HP1502401_H19,beta,beta,0.9999989,beta,0.9999989,beta,0.9999999,beta,1.0,beta,0.99999976,0,0.999999492,beta,False,—,correct (5/5),0.033386327503974564,False,3489,835198.0
HP1502401_I24,beta,beta,0.9999974,beta,0.99999976,beta,0.99999976,beta,1.0,beta,1.0,0,0.999999384,beta,False,—,correct (5/5),0.020741671904462605,False,4414,1.107386e+06
HP1502401_N21,beta,beta,0.9999968,beta,0.9999902,beta,0.9999927,beta,0.99996495,beta,0.9999894,0,0.99998681,beta,False,—,correct (5/5),0.021879021879021885,False,3396,467104.0
HP1502401_A10,beta,beta,0.99999845,beta,0.9999969,beta,0.99999976,beta,0.9999999,beta,0.99999976,0,0.9999989539999999,beta,False,—,correct (5/5),0.025641025641025644,False,3308,1.047912e+06
HP1502401_J12,beta,beta,0.9999995,beta,1.0,beta,1.0,beta,1.0,beta,1.0,0,0.9999998999999999,beta,False,—,correct (5/5),0.030030030030030033,False,3026,1.092032e+06
HP1502401_F21,beta,beta,0.9999999,beta,1.0,beta,1.0,beta,1.0,beta,1.0,0,0.9999999800000001,beta,False,—,correct (5/5),0.027027027027027025,False,3902,1.220766e+06
HP1502401_B23,beta,beta,0.9999989,beta,1.0,beta,1.0,beta,0.99999964,beta,1.0,0,0.999999708,beta,False,—,correct (5/5),0.017626321974148065,False,3725,792490.0
HP1504101T2D_O12,beta,beta,0.9999304,beta,0.99999774,beta,0.99999976,beta,0.9999999,beta,1.0,0,0.99998556,beta,False,—,correct (5/5),0.03521703521703521,False,5695,992315.0
HP1504101T2D_E16,beta,beta,0.99998415,beta,0.99999964,beta,0.9999993,beta,1.0,beta,0.9999993,0,0.9999964779999999,beta,False,—,correct (5/5),0.027027027027027025,False,4986,667401.0
HP1504101T2D_C24,beta,beta,0.97445834,beta,0.53808814,beta,0.9985216,beta,0.99930537,beta,0.99305105,0,0.9006849000000001,beta,False,—,correct (5/5),0.027027027027027025,False,2515,96349.0
HP1504101T2D_B6,beta,beta,0.99999964,beta,1.0,beta,1.0,beta,1.0,beta,1.0,0,0.999999928,beta,False,—,correct (5/5),0.03716216216216217,False,5401,649344.0
HP1504101T2D_D8,beta,delta,0.9999906,delta,0.99925333,delta,0.9993717,delta,0.9999989,delta,0.99983954,5,0.9996908139999998,delta,True,delta,stable error (≥4/5),0.11969111969111967,False,4052,844868.0
HP1504101T2D_N10,beta,beta,0.99999166,beta,0.9999939,beta,0.9999999,beta,1.0,beta,0.9999999,0,0.999997072,beta,False,—,correct (5/5),0.04633204633204634,False,5028,782237.0
HP1504101T2D_G9,beta,gamma,0.9999957,gamma,0.9999925,gamma,0.99977297,gamma,1.0,gamma,0.99981946,5,0.9999161260000001,gamma,True,gamma,stable error (≥4/5),0.05513513513513514,False,5597,383766.0
HP1504101T2D_E24,beta,beta,0.99992156,beta,0.9999989,beta,1.0,beta,0.9999994,beta,1.0,0,0.9999839720000001,beta,False,—,correct (5/5),0.03716216216216217,False,5663,1.183322e+06
HP1504101T2D_C18,beta,beta,0.99999976,beta,1.0,beta,1.0,beta,1.0,beta,1.0,0,0.9999999519999999,beta,False,—,correct (5/5),0.021879021879021885,False,5897,929360.0
HP1504101T2D_B3,beta,gamma,0.90112495,gamma,0.6041427,gamma,0.63348246,gamma,0.9941877,gamma,0.981851,5,0.822957762,gamma,True,gamma,stable error (≥4/5),0.14414414414414414,False,2401,184010.0
HP1504101T2D_H6,beta,beta,0.9994425,beta,0.99886215,beta,0.9999621,beta,0.99960583,beta,0.99996805,0,0.999568126,beta,False,—,correct (5/5),0.033386327503974564,False,5225,380903.0
HP1504101T2D_I21,beta,beta,0.9989793,beta,0.99351513,beta,0.99986994,beta,0.9999962,beta,0.9996294,0,0.998397994,beta,False,—,correct (5/5),0.030030030030030033,False,4184,167636.0
HP1504101T2D_H23,beta,beta,0.99999464,beta,0.9999957,beta,0.99999976,beta,1.0,beta,1.0,0,0.9999980199999999,beta,False,—,correct (5/5),0.031660231660231665,False,5416,1.049169e+06
HP1504101T2D_D9,beta,beta,0.9994648,beta,0.99999964,beta,1.0,beta,0.99999964,beta,1.0,0,0.999892816,beta,False,—,correct (5/5),0.033386327503974564,False,4625,927829.0
HP1504101T2D_E15,beta,beta,1.0,beta,1.0,beta,1.0,beta,1.0,beta,1.0,0,1.0,beta,False,—,correct (5/5),0.04904904904904905,False,5838,779568.0
HP1504901_O20,beta,beta,0.9999943,beta,0.9999957,beta,0.9999999,beta,0.9999579,beta,1.0,0,0.99998956,beta,False,—,correct (5/5),0.02432432432432433,False,2494,579308.0
HP1504901_E16,beta,beta,0.9999683,beta,0.9999988,beta,0.9999995,beta,0.9999958,beta,0.9999933,0,0.99999114,beta,False,—,correct (5/5),0.030030030030030033,False,2668,334646.0
HP1504901_L8,beta,beta,0.99997747,beta,0.99999785,beta,1.0,beta,0.99999976,beta,0.9999999,0,0.9999949960000001,beta,False,—,correct (5/5),0.030030030030030033,False,2857,404876.0
HP1504901_G8,beta,beta,0.99998236,beta,0.99999726,beta,0.9999999,beta,0.9999994,beta,0.9999926,0,0.999994304,beta,False,—,correct (5/5),0.04633204633204634,False,2896,398466.0
HP1504901_B22,beta,beta,0.9999927,beta,0.9999999,beta,1.0,beta,0.99999654,beta,0.99999964,0,0.9999977560000002,beta,False,—,correct (5/5),0.027027027027027025,False,4010,527972.0
HP1504901_P14,beta,beta,0.9995301,beta,0.9998092,beta,0.99835604,beta,0.9999881,beta,0.9999547,0,0.9995276279999998,beta,False,—,correct (5/5),0.03923278116826505,False,3412,351565.0
HP1504901_N13,beta,beta,0.99982953,beta,0.99999917,beta,0.9999999,beta,1.0,beta,0.99999976,0,0.9999656720000001,beta,False,—,correct (5/5),0.04380242311276794,False,3076,233936.0
HP1504901_L17,beta,beta,0.9926333,beta,0.99995327,beta,0.9828483,beta,0.9955146,beta,0.99972445,0,0.9941347839999999,beta,False,—,correct (5/5),0.031660231660231665,False,2830,308017.0
HP1504901_C17,beta,beta,0.9976636,beta,0.9999989,beta,0.99999964,beta,0.9999982,beta,1.0,0,0.9995320679999999,beta,False,—,correct (5/5),0.04380242311276794,False,2773,339738.0
HP1504901_B11,beta,beta,0.9998952,beta,0.9999573,beta,0.9999943,beta,0.99999416,beta,0.9999418,0,0.9999565520000001,beta,False,—,correct (5/5),0.04633204633204634,False,2871,285144.0
HP1504901_F17,beta,beta,0.99998844,beta,0.9999993,beta,0.99999785,beta,0.99995077,beta,0.99999714,0,0.9999866999999998,beta,False,—,correct (5/5),0.030030030030030033,False,4082,371920.0
HP1504901_K19,beta,beta,0.99997497,beta,0.9999993,beta,0.9999999,beta,0.99999917,beta,0.9999999,0,0.999994648,beta,False,—,correct (5/5),0.031660231660231665,False,2679,316773.0
HP1504901_O8,beta,beta,0.99996555,beta,0.9999945,beta,0.99999964,beta,0.9999988,beta,0.99999964,0,0.9999916259999999,beta,False,—,correct (5/5),0.05513513513513514,False,3112,461793.0
HP1504901_H17,beta,beta,0.9999976,beta,0.999998,beta,0.99999976,beta,0.99999976,beta,0.9999989,0,0.9999988040000002,beta,False,—,correct (5/5),0.02848794740686632,False,3460,368074.0
HP1504901_H5,beta,beta,0.9999732,beta,0.9999727,beta,0.9999995,beta,0.9999989,beta,0.99999964,0,0.9999887879999999,beta,False,—,correct (5/5),0.021879021879021885,False,2387,299910.0
HP1504901_F11,beta,beta,0.99996674,beta,0.9999579,beta,0.99999976,beta,0.99999845,beta,0.9999964,0,0.9999838499999999,beta,False,—,correct (5/5),0.017626321974148065,False,2999,168250.0
HP1504901_G12,beta,beta,0.9999008,beta,0.9999517,beta,0.99998164,beta,0.9999212,beta,0.9999722,0,0.999945508,beta,False,—,correct (5/5),0.03923278116826505,False,2562,180799.0
HP1504901_A16,beta,beta,0.9999207,beta,0.9999987,beta,0.9999987,beta,0.9999968,beta,0.9999993,0,0.99998284,beta,False,—,correct (5/5),0.04144144144144144,False,2804,172000.0
HP1504901_J7,beta,beta,0.99999297,beta,0.99999964,beta,0.9999994,beta,0.99997234,beta,0.9999995,0,0.9999927700000001,beta,False,—,correct (5/5),0.033386327503974564,False,2885,323175.0
HP1504901_B7,beta,delta,0.9926246,delta,0.59112996,delta,0.6400455,delta,0.9401513,delta,0.84309304,5,0.8014088800000001,delta,True,delta,stable error (≥4/5),0.08108108108108107,False,5878,244695.0
HP1504901_G4,beta,beta,0.999943,beta,1.0,beta,0.9999981,beta,0.9999783,beta,0.9999995,0,0.99998378,beta,False,—,correct (5/5),0.02848794740686632,False,2745,297948.0
HP1504901_K22,beta,beta,0.99994946,beta,1.0,beta,0.9999999,beta,0.9999999,beta,1.0,0,0.999989852,beta,False,—,correct (5/5),0.03521703521703521,False,2758,491612.0
HP1504901_N8,beta,beta,0.99997544,beta,1.0,beta,1.0,beta,0.9999999,beta,1.0,0,0.9999950680000002,beta,False,—,correct (5/5),0.03923278116826505,False,2524,492019.0
HP1504901_E10,beta,delta,0.99959403,delta,0.98743385,delta,0.90026546,delta,0.9948244,delta,0.99230313,5,0.9748841739999999,delta,True,delta,stable error (≥4/5),0.05513513513513514,False,7003,344001.0
HP1504901_L22,beta,beta,0.9999914,beta,1.0,beta,1.0,beta,1.0,beta,0.99999857,0,0.9999979939999999,beta,False,—,correct (5/5),0.031660231660231665,False,2827,585380.0
HP1504901_E21,beta,beta,0.9999542,beta,0.9999987,beta,0.9999999,beta,0.99999976,beta,0.99999976,0,0.999990464,beta,False,—,correct (5/5),0.03923278116826505,False,2505,340885.0
HP1504901_H18,beta,beta,0.9999454,beta,0.99999964,beta,0.99999905,beta,0.9999887,beta,0.99999595,0,0.999985748,beta,False,—,correct (5/5),0.025641025641025644,False,2644,412059.0
HP1504901_G16,beta,delta,0.9337619,delta,0.5783913,beta,0.9922388,delta,0.6783109,beta,0.8190239,3,0.80034536,delta,True,delta,unstable error (1–3/5),0.0870870870870871,False,5189,257230.0
HP1504901_J3,beta,beta,0.9999893,beta,0.9999933,beta,0.9999993,beta,0.99998856,beta,0.99999905,0,0.9999939019999999,beta,False,—,correct (5/5),0.04904904904904905,False,3180,297397.0
HP1504901_D7,beta,beta,0.9999865,beta,0.99999976,beta,0.99999964,beta,0.9999988,beta,0.9999995,0,0.99999684,beta,False,—,correct (5/5),0.02848794740686632,False,2969,293202.0
HP1504901_B10,beta,beta,0.9991861,beta,0.99985826,beta,0.99997187,beta,0.99974746,beta,0.9999776,0,0.999748258,beta,False,—,correct (5/5),0.033386327503974564,False,3194,270962.0
HP1506401_K1,beta,beta,0.9999995,beta,0.99999964,beta,1.0,beta,1.0,beta,1.0,0,0.999999828,beta,False,—,correct (5/5),0.009652509652509654,False,6167,104078.0
HP1506401_C9,beta,beta,0.99999964,beta,1.0,beta,0.99999976,beta,1.0,beta,1.0,0,0.9999998800000001,beta,False,—,correct (5/5),0.009652509652509654,False,6441,141764.0
HP1506401_J19,beta,beta,0.99999976,beta,0.99996185,beta,0.9999994,beta,0.99999976,beta,0.9999994,0,0.9999920340000001,beta,False,—,correct (5/5),0.015765765765765768,False,5492,39017.0
HP1506401_F12,beta,beta,0.9999999,beta,0.99997544,beta,0.9999999,beta,1.0,beta,1.0,0,0.999995048,beta,False,—,correct (5/5),0.009652509652509654,False,7783,197041.0
HP1506401_F24,beta,beta,1.0,beta,0.99999964,beta,0.9999999,beta,1.0,beta,1.0,0,0.999999908,beta,False,—,correct (5/5),0.013248542660307368,False,8081,380893.0
HP1506401_F8,beta,beta,0.9999999,beta,0.99999166,beta,1.0,beta,0.9999999,beta,1.0,0,0.9999982920000001,beta,False,—,correct (5/5),0.009009009009009009,False,9555,669410.0
HP1506401_N20,beta,beta,0.9999831,beta,0.99999964,beta,0.9999876,beta,0.9999993,beta,0.9999987,0,0.9999936679999999,beta,False,—,correct (5/5),0.012474012474012476,False,6998,731814.0
HP1506401_M5,beta,beta,0.99819094,beta,0.99749434,beta,0.9999641,beta,0.99999,beta,0.9977307,0,0.998674016,beta,False,—,correct (5/5),0.025641025641025644,False,2493,10665.0
HP1506401_P20,beta,delta,0.9475548,beta,0.94059056,delta,0.8698681,beta,0.99849725,beta,0.9523715,2,0.9417764419999999,beta,False,delta,unstable error (1–3/5),0.03716216216216217,False,11162,439691.0
HP1506401_J17,beta,beta,0.99999976,beta,0.9999999,beta,0.99999785,beta,0.99999964,beta,1.0,0,0.9999994300000001,beta,False,—,correct (5/5),0.01031941031941032,False,7479,281193.0
HP1506401_I23,beta,beta,1.0,beta,0.99999905,beta,1.0,beta,1.0,beta,1.0,0,0.9999998099999999,beta,False,—,correct (5/5),0.009652509652509654,False,7540,295196.0
HP1506401_F18,beta,beta,0.99999905,beta,0.9999999,beta,0.9999994,beta,1.0,beta,0.9999957,0,0.9999988100000001,beta,False,—,correct (5/5),0.021879021879021885,False,7835,471521.0
HP1506401_O10,beta,beta,1.0,beta,1.0,beta,1.0,beta,1.0,beta,1.0,0,1.0,beta,False,—,correct (5/5),0.009652509652509654,False,6425,816801.0
HP1506401_C15,beta,beta,0.99999917,beta,0.9999865,beta,0.99999976,beta,0.9999995,beta,1.0,0,0.999996986,beta,False,—,correct (5/5),0.011011011011011013,False,5502,33474.0
HP1506401_C4,beta,beta,0.99999976,beta,1.0,beta,1.0,beta,1.0,beta,1.0,0,0.9999999519999999,beta,False,—,correct (5/5),0.01031941031941032,False,7814,545222.0
HP1506401_G9,beta,beta,0.999998,beta,0.9999887,beta,0.99999917,beta,0.9999999,beta,0.9999976,0,0.9999966740000001,beta,False,—,correct (5/5),0.011011011011011013,False,5892,42477.0
HP1506401_L14,beta,beta,0.9987005,beta,0.99730456,beta,0.99913436,beta,0.9998914,beta,0.99928766,0,0.9988636960000001,beta,False,—,correct (5/5),0.04633204633204634,False,8387,109783.0
HP1506401_A15,beta,beta,0.9999492,beta,0.9997516,beta,0.999998,beta,0.9999999,beta,0.99999845,0,0.9999394300000001,beta,False,—,correct (5/5),0.008387698042870458,False,5702,43608.0
HP1506401_O11,beta,beta,1.0,beta,1.0,beta,1.0,beta,1.0,beta,1.0,0,1.0,beta,False,—,correct (5/5),0.020741671904462605,False,6786,394762.0
HP1506401_I11,beta,beta,1.0,beta,1.0,beta,1.0,beta,1.0,beta,1.0,0,1.0,beta,False,—,correct (5/5),0.01031941031941032,False,7247,608852.0
HP1506401_L5,beta,beta,0.9999924,beta,0.9999964,beta,0.9999864,beta,0.99999976,beta,0.9999993,0,0.999994852,beta,False,—,correct (5/5),0.01172870984191739,False,5984,47370.0
HP1506401_P12,beta,beta,0.99999976,beta,0.9999999,beta,1.0,beta,1.0,beta,1.0,0,0.999999932,beta,False,—,correct (5/5),0.009652509652509654,False,7033,201727.0
HP1506401_F11,beta,beta,0.9999999,beta,0.9999989,beta,0.9999999,beta,1.0,beta,1.0,0,0.9999997400000001,beta,False,—,correct (5/5),0.019656019656019656,False,6852,334718.0
HP1506401_F22,beta,beta,0.9921799,beta,0.80948234,beta,0.6671431,beta,0.99867505,beta,0.9980299,0,0.893102058,beta,False,—,correct (5/5),0.0870870870870871,False,9370,441088.0
HP1506401_N11,beta,beta,0.99996424,beta,0.999964,beta,0.9999316,beta,0.9999989,beta,0.9999887,0,0.999969488,beta,False,—,correct (5/5),0.016676250718803912,False,5392,28178.0
HP1506401_A24,beta,beta,0.9999999,beta,0.99999917,beta,1.0,beta,1.0,beta,1.0,0,0.999999814,beta,False,—,correct (5/5),0.01031941031941032,False,6818,279278.0
HP1506401_K21,beta,beta,1.0,beta,0.9999968,beta,0.99999976,beta,1.0,beta,1.0,0,0.9999993119999999,beta,False,—,correct (5/5),0.011011011011011013,False,8563,536975.0
HP1506401_D13,beta,beta,0.9999995,beta,0.99999964,beta,1.0,beta,1.0,beta,1.0,0,0.999999828,beta,False,—,correct (5/5),0.009009009009009009,False,6851,238907.0
HP1506401_C8,beta,beta,0.9999988,beta,0.9999943,beta,0.9999999,beta,1.0,beta,0.99999976,0,0.9999985519999999,beta,False,—,correct (5/5),0.012474012474012476,False,7089,172779.0
HP1506401_F9,beta,beta,0.9999999,beta,0.99999917,beta,0.9999999,beta,1.0,beta,1.0,0,0.999999794,beta,False,—,correct (5/5),0.013248542660307368,False,7147,258483.0
HP1506401_P14,beta,beta,0.9999993,beta,0.9999603,beta,0.99997175,beta,0.99999976,beta,0.9999995,0,0.9999861219999999,beta,False,—,correct (5/5),0.01031941031941032,False,10449,748533.0
HP1506401_L2,beta,delta,0.99297595,beta,0.5388143,delta,0.7812589,beta,0.8261955,delta,0.51377034,3,0.730602998,beta,False,delta,unstable error (1–3/5),0.11969111969111967,False,6114,90187.0
HP1506401_G6,beta,beta,0.99997485,beta,0.99999094,beta,0.99999535,beta,0.9999989,beta,0.99999857,0,0.9999917220000001,beta,False,—,correct (5/5),0.013248542660307368,False,6605,94128.0
HP1506401_A17,beta,beta,1.0,beta,1.0,beta,1.0,beta,1.0,beta,1.0,0,1.0,beta,False,—,correct (5/5),0.01172870984191739,False,7191,657838.0
HP1506401_B8,beta,beta,0.9938937,beta,0.91512084,beta,0.7605004,beta,0.9979867,beta,0.9972715,0,0.9329546280000001,beta,False,—,correct (5/5),0.05513513513513514,False,9786,437972.0
HP1506401_I12,beta,beta,1.0,beta,1.0,beta,1.0,beta,1.0,beta,1.0,0,1.0,beta,False,—,correct (5/5),0.013248542660307368,False,6257,373131.0
HP1506401_G12,beta,beta,0.9999999,beta,0.99999297,beta,0.9999999,beta,1.0,beta,1.0,0,0.999998554,beta,False,—,correct (5/5),0.01031941031941032,False,7406,232515.0
HP1506401_B11,beta,beta,0.9999999,beta,1.0,beta,1.0,beta,1.0,beta,0.9999999,0,0.99999996,beta,False,—,correct (5/5),0.011011011011011013,False,6982,301999.0
HP1507101_L22,beta,beta,0.9999994,beta,0.9999958,beta,0.9999999,beta,1.0,beta,0.9999999,0,0.9999990000000001,beta,False,—,correct (5/5),0.01031941031941032,False,4838,36510.0
HP1507101_D6,beta,beta,0.9999999,beta,0.9999999,beta,1.0,beta,1.0,beta,1.0,0,0.99999996,beta,False,—,correct (5/5),0.015765765765765768,False,6832,266764.0
HP1507101_P2,beta,beta,0.9999999,beta,0.99999964,beta,0.99999857,beta,1.0,beta,0.9999999,0,0.9999996019999999,beta,False,—,correct (5/5),0.014892443463872035,False,6955,233365.0
HP1507101_L24,beta,beta,0.99999976,beta,0.99999964,beta,0.99999964,beta,1.0,beta,0.9999999,0,0.999999788,beta,False,—,correct (5/5),0.015765765765765768,False,5080,51811.0
HP1507101_J8,beta,beta,0.9930686,beta,0.9979291,beta,0.9858563,beta,0.9998104,beta,0.9984428,0,0.99502144,beta,False,—,correct (5/5),0.05513513513513514,False,8755,518945.0
HP1507101_F14,beta,beta,0.9999999,beta,0.99999976,beta,1.0,beta,1.0,beta,1.0,0,0.999999932,beta,False,—,correct (5/5),0.013248542660307368,False,6525,165572.0
HP1507101_N5,beta,beta,0.99999964,beta,0.99999917,beta,1.0,beta,1.0,beta,1.0,0,0.9999997620000001,beta,False,—,correct (5/5),0.01031941031941032,False,5651,72850.0
HP1507101_K23,beta,beta,0.99999976,beta,0.99999714,beta,0.99999833,beta,1.0,beta,0.99999833,0,0.999998712,beta,False,—,correct (5/5),0.014054054054054054,False,7195,83275.0
HP1507101_H24,beta,beta,0.9999988,beta,0.9999999,beta,0.9999995,beta,1.0,beta,0.9999995,0,0.9999995399999999,beta,False,—,correct (5/5),0.04904904904904905,False,3544,37088.0
HP1507101_F11,beta,beta,0.9999999,beta,0.9999999,beta,1.0,beta,1.0,beta,1.0,0,0.99999996,beta,False,—,correct (5/5),0.015765765765765768,False,5225,59299.0
HP1507101_H4,beta,beta,0.9999994,beta,0.9999988,beta,0.9999999,beta,0.9999995,beta,0.9999994,0,0.9999993999999999,beta,False,—,correct (5/5),0.02432432432432433,False,6585,204309.0
HP1507101_D22,beta,beta,0.99999964,beta,0.9999995,beta,1.0,beta,1.0,beta,0.9999995,0,0.999999728,beta,False,—,correct (5/5),0.011011011011011013,False,6366,111074.0
HP1507101_C7,beta,beta,0.9999976,beta,0.9999994,beta,0.9999999,beta,1.0,beta,0.99999976,0,0.999999332,beta,False,—,correct (5/5),0.019656019656019656,False,4944,45776.0
HP1507101_D3,beta,beta,0.99999857,beta,1.0,beta,1.0,beta,1.0,beta,1.0,0,0.999999714,beta,False,—,correct (5/5),0.01172870984191739,False,6648,302183.0
HP1507101_A12,beta,beta,0.99999976,beta,0.99999857,beta,0.9999995,beta,1.0,beta,0.99999976,0,0.9999995179999999,beta,False,—,correct (5/5),0.01031941031941032,False,5977,71319.0
HP1507101_C10,beta,beta,0.9982496,endothelial,0.4547245,beta,0.6340409,beta,0.99877113,beta,0.99277735,1,0.815712696,beta,False,endothelial,unstable error (1–3/5),0.04633204633204634,False,10096,467309.0
HP1507101_I12,beta,beta,1.0,beta,0.9999999,beta,0.9999999,beta,1.0,beta,0.9999999,0,0.99999994,beta,False,—,correct (5/5),0.011011011011011013,False,7395,218930.0
HP1507101_J19,beta,beta,0.9999982,beta,0.99999905,beta,0.99999964,beta,1.0,beta,0.9999999,0,0.999999358,beta,False,—,correct (5/5),0.018618618618618618,False,5663,48063.0
HP1507101_H10,beta,beta,0.95533115,beta,0.97857475,alpha,0.97361267,beta,0.99830794,beta,0.93663937,1,0.9684931760000002,beta,False,alpha,unstable error (1–3/5),0.15970515970515978,False,8907,310871.0
HP1507101_A6,beta,beta,0.9999993,beta,0.9999994,beta,0.99999976,beta,1.0,beta,0.9999988,0,0.999999452,beta,False,—,correct (5/5),0.017626321974148065,False,5068,37024.0
HP1507101_N6,beta,beta,1.0,beta,0.9999999,beta,0.9999995,beta,1.0,beta,0.99999976,0,0.999999832,beta,False,—,correct (5/5),0.012474012474012476,False,6636,194167.0
HP1507101_O3,beta,beta,0.9999993,beta,0.9999987,beta,0.99999976,beta,1.0,beta,0.99999976,0,0.999999504,beta,False,—,correct (5/5),0.014054054054054054,False,5684,107984.0
HP1507101_L16,beta,beta,1.0,beta,0.99999976,beta,1.0,beta,1.0,beta,1.0,0,0.9999999519999999,beta,False,—,correct (5/5),0.008387698042870458,False,6386,115344.0
HP1507101_K15,beta,beta,0.9999994,beta,0.99999964,beta,1.0,beta,1.0,beta,0.9999999,0,0.999999788,beta,False,—,correct (5/5),0.007787448465414569,False,4532,25791.0
HP1507101_N13,beta,beta,0.99999976,beta,0.99999964,beta,0.9999993,beta,1.0,beta,0.9999999,0,0.9999997199999999,beta,False,—,correct (5/5),0.011011011011011013,False,6032,101010.0
HP1507101_E14,beta,beta,0.9999993,beta,0.99999857,beta,0.99999905,beta,1.0,beta,0.9999999,0,0.999999364,beta,False,—,correct (5/5),0.011011011011011013,False,4804,30979.0
HP1507101_A13,beta,beta,0.99999905,beta,0.9999825,beta,0.9999994,beta,1.0,beta,0.99999917,0,0.999996024,beta,False,—,correct (5/5),0.02432432432432433,False,4284,20656.0
HP1507101_J20,beta,beta,0.9999901,beta,0.9999701,beta,0.99999833,beta,0.9999995,beta,0.9999958,0,0.999990766,beta,False,—,correct (5/5),0.020741671904462605,False,8458,205568.0
HP1507101_O9,beta,beta,0.9999943,beta,0.9999995,beta,0.99999976,beta,0.99999976,beta,0.99999917,0,0.9999984980000001,beta,False,—,correct (5/5),0.011011011011011013,False,6744,270013.0
HP1507101_M8,beta,beta,0.99999917,beta,0.99999905,beta,0.99999917,beta,1.0,beta,0.9999993,0,0.9999993380000001,beta,False,—,correct (5/5),0.01172870984191739,False,5955,77699.0
HP1507101_I18,beta,beta,0.9991423,beta,0.9999021,beta,0.99793136,beta,0.99990594,beta,0.9999938,0,0.9993751000000002,beta,False,—,correct (5/5),0.06633906633906633,False,8097,295720.0
HP1507101_H17,beta,beta,0.9999988,beta,1.0,beta,0.9999999,beta,1.0,beta,0.9999999,0,0.9999997199999999,beta,False,—,correct (5/5),0.012474012474012476,False,6998,288732.0
HP1507101_C12,beta,beta,0.99999905,beta,0.9999976,beta,0.9999989,beta,1.0,beta,0.9999976,0,0.99999863,beta,False,—,correct (5/5),0.009652509652509654,False,6753,146408.0
HP1507101_O14,beta,beta,0.999997,beta,0.9999987,beta,0.99999976,beta,1.0,beta,1.0,0,0.999999092,beta,False,—,correct (5/5),0.013248542660307368,False,3040,13324.0
HP1507101_D23,beta,beta,0.99999976,beta,0.9999994,beta,0.9999995,beta,1.0,beta,0.9999995,0,0.9999996320000001,beta,False,—,correct (5/5),0.009009009009009009,False,5603,75313.0
HP1507101_C15,beta,beta,0.9998838,beta,0.99999213,beta,0.99999106,beta,0.999998,beta,0.9999993,0,0.9999728580000001,beta,False,—,correct (5/5),0.05513513513513514,False,2596,7482.0
HP1507101_F23,beta,beta,0.9999994,beta,0.9999944,beta,0.9999994,beta,1.0,beta,0.99999976,0,0.9999985920000001,beta,False,—,correct (5/5),0.01031941031941032,False,4995,38790.0
HP1507101_O19,beta,beta,1.0,beta,0.9999999,beta,1.0,beta,1.0,beta,1.0,0,0.9999999800000001,beta,False,—,correct (5/5),0.017626321974148065,False,6081,195899.0
HP1507101_B5,beta,beta,0.99999976,beta,1.0,beta,1.0,beta,1.0,beta,1.0,0,0.9999999519999999,beta,False,—,correct (5/5),0.01172870984191739,False,6490,152472.0
HP1507101_F4,beta,beta,0.9999995,beta,0.9999994,beta,0.9999999,beta,1.0,beta,1.0,0,0.99999976,beta,False,—,correct (5/5),0.013248542660307368,False,6456,271503.0
HP1507101_O8,beta,beta,0.9999987,beta,1.0,beta,1.0,beta,1.0,beta,0.9999999,0,0.9999997199999999,beta,False,—,correct (5/5),0.02432432432432433,False,6501,248760.0
HP1508501T2D_O4,beta,beta,0.99998343,beta,0.9999906,beta,0.99999917,beta,0.99999964,beta,0.9999962,0,0.9999938079999999,beta,False,—,correct (5/5),0.016676250718803912,False,4979,53364.0
HP1508501T2D_F3,beta,beta,0.9999999,beta,0.9999975,beta,0.9999969,beta,1.0,beta,1.0,0,0.99999886,beta,False,—,correct (5/5),0.019656019656019656,False,6328,296694.0
HP1508501T2D_A10,beta,beta,0.99999976,beta,0.9999976,beta,1.0,beta,1.0,beta,1.0,0,0.9999994720000001,beta,False,—,correct (5/5),0.015765765765765768,False,4977,75577.0
HP1508501T2D_H2,beta,beta,0.9999932,beta,0.9996433,beta,0.9999598,beta,0.99999917,beta,0.99989116,0,0.9998973259999999,beta,False,—,correct (5/5),0.021879021879021885,False,5318,600170.0
HP1508501T2D_I8,beta,beta,0.9999999,beta,0.99999785,beta,1.0,beta,0.99999976,beta,1.0,0,0.999999502,beta,False,—,correct (5/5),0.017626321974148065,False,5857,400126.0
HP1508501T2D_C14,beta,beta,0.99999833,beta,0.99999917,beta,0.99999976,beta,0.99999976,beta,0.9999999,0,0.999999384,beta,False,—,correct (5/5),0.016676250718803912,False,5240,128700.0
HP1508501T2D_B21,beta,alpha,0.48458263,beta,0.5572378,alpha,0.93526405,beta,0.9425461,beta,0.99844366,2,0.783614848,beta,False,alpha,unstable error (1–3/5),0.15970515970515978,False,10141,3.705738e+06
HP1508501T2D_F1,beta,beta,0.9999933,beta,0.9999895,beta,0.99999917,beta,0.9999993,beta,0.99999976,0,0.9999962059999999,beta,False,—,correct (5/5),0.014054054054054054,False,3776,181472.0
HP1508501T2D_B20,beta,beta,0.99999845,beta,0.99999976,beta,0.99999976,beta,0.9999999,beta,1.0,0,0.999999574,beta,False,—,correct (5/5),0.04144144144144144,False,3494,64551.0
HP1508501T2D_K20,beta,beta,0.99990356,beta,0.988388,beta,0.9999167,beta,0.9999093,beta,0.99927944,0,0.9974793999999999,beta,False,—,correct (5/5),0.021879021879021885,False,5549,169166.0
HP1508501T2D_G5,beta,beta,0.99999666,beta,0.99973994,beta,0.99999344,beta,0.9999975,beta,0.9999993,0,0.999945368,beta,False,—,correct (5/5),0.01172870984191739,False,4889,34270.0
HP1508501T2D_M14,beta,beta,0.9991371,beta,0.97770894,beta,0.98708355,beta,0.9999651,beta,0.9999579,0,0.992770518,beta,False,—,correct (5/5),0.021879021879021885,False,6109,97243.0
HP1508501T2D_F7,beta,beta,0.9999869,beta,0.99996364,beta,0.99998295,beta,0.9999993,beta,1.0,0,0.999986558,beta,False,—,correct (5/5),0.013248542660307368,False,6606,369958.0
HP1508501T2D_D12,beta,beta,0.68923944,beta,0.9369226,beta,0.6262568,beta,0.90834796,beta,0.9478043,0,0.8217142199999999,beta,False,—,correct (5/5),0.15970515970515978,False,4833,23693.0
HP1508501T2D_P1,beta,beta,0.9999436,beta,0.99962723,beta,0.99990153,beta,0.99994636,beta,0.9999299,0,0.9998697240000001,beta,False,—,correct (5/5),0.04144144144144144,False,7546,551826.0
HP1508501T2D_J6,beta,beta,0.99999774,beta,0.9999962,beta,0.9999696,beta,0.9999999,beta,0.9999994,0,0.999992568,beta,False,—,correct (5/5),0.02848794740686632,False,6345,719446.0
HP1508501T2D_C4,beta,beta,0.99999964,beta,0.9999988,beta,0.99999833,beta,1.0,beta,1.0,0,0.9999993540000001,beta,False,—,correct (5/5),0.02848794740686632,False,5982,156642.0
HP1508501T2D_J24,beta,beta,0.9999994,beta,0.99992514,beta,0.99999917,beta,1.0,beta,0.99999917,0,0.9999845759999999,beta,False,—,correct (5/5),0.023071852340145027,False,4326,264888.0
HP1508501T2D_C17,beta,beta,0.99691594,beta,0.99602985,beta,0.9998586,beta,0.9994918,beta,0.99855906,0,0.9981710500000001,beta,False,—,correct (5/5),0.20120120120120114,False,3708,51066.0
HP1508501T2D_B16,beta,beta,0.9999999,beta,0.9999926,beta,0.99999976,beta,0.99999976,beta,1.0,0,0.9999984040000001,beta,False,—,correct (5/5),0.07567567567567568,False,6122,513434.0
HP1509101_G2,beta,ductal,0.99938047,ductal,0.9999752,ductal,0.9987344,ductal,0.9977042,ductal,0.9995103,5,0.999060914,ductal,True,ductal,stable error (≥4/5),0.03923278116826505,False,2426,6123.0
HP1509101_C1,beta,beta,0.99331117,endothelial,0.5507168,beta,0.69518006,beta,0.9985979,beta,0.9996716,1,0.8474955060000001,beta,False,endothelial,unstable error (1–3/5),0.02848794740686632,False,9861,261484.0
HP1509101_D18,beta,beta,0.9999995,beta,0.99999964,beta,1.0,beta,1.0,beta,0.9999994,0,0.999999708,beta,False,—,correct (5/5),0.01031941031941032,False,6970,650436.0
HP1509101_K9,beta,beta,1.0,beta,0.99999976,beta,0.9999999,beta,1.0,beta,1.0,0,0.999999932,beta,False,—,correct (5/5),0.013248542660307368,False,6364,163396.0
HP1509101_I11,beta,beta,0.99998295,beta,0.99999404,beta,0.99999917,beta,0.9999999,beta,0.9999982,0,0.999994852,beta,False,—,correct (5/5),0.051975051975051964,False,3065,17954.0
HP1509101_C23,beta,beta,0.9999989,beta,0.9999341,beta,0.9999982,beta,0.9999999,beta,0.99999976,0,0.9999861720000001,beta,False,—,correct (5/5),0.013248542660307368,False,5323,43574.0
HP1509101_G9,beta,beta,0.9999995,beta,0.99999917,beta,0.9999999,beta,0.9999999,beta,0.99999964,0,0.999999622,beta,False,—,correct (5/5),0.01031941031941032,False,4991,37884.0
HP1509101_P1,beta,beta,0.5445636,endothelial,0.83707833,alpha,0.6191121,beta,0.95837015,beta,0.98652935,2,0.789130706,beta,False,alpha,unstable error (1–3/5),0.0870870870870871,False,7847,144791.0
HP1509101_N21,beta,beta,0.99999857,beta,0.9999993,beta,0.99999964,beta,0.9999999,beta,0.9999994,0,0.999999362,beta,False,—,correct (5/5),0.009009009009009009,False,2560,7442.0
HP1509101_B13,beta,beta,0.9999629,beta,0.99994516,beta,0.9999976,beta,0.9999999,beta,0.99999404,0,0.99997992,beta,False,—,correct (5/5),0.01172870984191739,False,4129,22221.0
HP1509101_P7,beta,beta,0.9999689,beta,0.9999938,beta,0.99999976,beta,1.0,beta,0.9999994,0,0.999992372,beta,False,—,correct (5/5),0.02432432432432433,False,6192,209432.0
HP1509101_O6,beta,beta,0.9999958,beta,0.999985,beta,0.99999964,beta,0.9999995,beta,1.0,0,0.9999959879999999,beta,False,—,correct (5/5),0.03716216216216217,False,4939,237159.0
HP1509101_O18,beta,beta,0.9999902,beta,0.9999994,beta,0.99999976,beta,1.0,beta,0.99999976,0,0.999997824,beta,False,—,correct (5/5),0.015765765765765768,False,4407,23651.0
HP1509101_N23,beta,beta,0.9999987,beta,0.99999857,beta,0.9999995,beta,0.9999994,beta,0.999997,0,0.999998634,beta,False,—,correct (5/5),0.008387698042870458,False,4961,44018.0
HP1509101_E22,beta,beta,0.9999981,beta,0.9999989,beta,1.0,beta,1.0,beta,1.0,0,0.9999994000000001,beta,False,—,correct (5/5),0.009009009009009009,False,6271,187116.0
HP1509101_J19,beta,beta,0.9963626,beta,0.91974413,beta,0.6134241,beta,0.99971753,beta,0.98457515,0,0.902764702,beta,False,—,correct (5/5),0.020741671904462605,False,7084,173473.0
HP1509101_L14,beta,beta,0.99999344,beta,0.99999726,beta,0.9999987,beta,0.9999987,beta,0.9999987,0,0.9999973600000001,beta,False,—,correct (5/5),0.014892443463872035,False,4463,24705.0
HP1509101_G12,beta,beta,0.9998087,beta,0.9998988,beta,0.99999285,beta,0.9999993,beta,0.9999908,0,0.99993809,beta,False,—,correct (5/5),0.06633906633906633,False,4307,49151.0
HP1509101_P15,beta,beta,0.7759822,endothelial,0.7079178,alpha,0.51586336,beta,0.9954918,beta,0.9893546,2,0.796921952,beta,False,alpha,unstable error (1–3/5),0.07567567567567568,False,3094,9846.0
HP1525301T2D_F15,beta,beta,0.9999951,beta,0.99999666,beta,0.9999999,beta,0.9999999,beta,0.99999964,0,0.99999824,beta,False,—,correct (5/5),0.014892443463872035,False,6799,145636.0
HP1525301T2D_N3,beta,beta,0.9999944,beta,0.99999976,beta,1.0,beta,0.9999999,beta,0.99999964,0,0.99999874,beta,False,—,correct (5/5),0.027027027027027025,False,5739,176228.0
HP1525301T2D_I6,beta,beta,0.99998605,beta,0.9999893,beta,0.99999857,beta,0.99999976,beta,0.99999785,0,0.9999943059999999,beta,False,—,correct (5/5),0.018618618618618618,False,6369,133791.0
HP1525301T2D_F23,beta,beta,0.9995615,beta,0.9859971,beta,0.99932706,beta,0.99640733,beta,0.9918568,0,0.994629958,beta,False,—,correct (5/5),0.018618618618618618,False,6490,158954.0
HP1525301T2D_M7,beta,beta,0.99999547,beta,0.9999995,beta,1.0,beta,0.99999976,beta,1.0,0,0.999998946,beta,False,—,correct (5/5),0.027027027027027025,False,5189,279031.0
HP1525301T2D_L14,beta,beta,0.97666305,beta,0.9928254,beta,0.8068599,beta,0.9978781,beta,0.99941003,0,0.9547272960000001,ductal,True,—,correct (5/5),0.1783783783783784,False,7162,200494.0
HP1525301T2D_N18,beta,beta,0.99983895,beta,0.9996151,beta,0.9999341,beta,0.99988997,quiescent_stellate,0.6460065,1,0.929056924,beta,False,quiescent_stellate,unstable error (1–3/5),0.019656019656019656,False,6624,132411.0
HP1525301T2D_D23,beta,beta,0.9997185,beta,0.9999157,beta,0.9986922,beta,0.9998679,beta,0.990867,0,0.9978122599999999,beta,False,—,correct (5/5),0.023071852340145027,False,5634,29031.0
HP1525301T2D_H10,beta,ductal,0.7230434,ductal,0.7398734,ductal,0.9679326,beta,0.9323884,beta,0.9827229,3,0.86919214,beta,False,ductal,unstable error (1–3/5),0.20120120120120114,False,6767,148965.0
HP1525301T2D_L17,beta,beta,0.999918,beta,0.99994934,beta,0.9999994,beta,0.9999951,beta,0.9977568,0,0.999523728,beta,False,—,correct (5/5),0.021879021879021885,False,7054,91892.0
HP1525301T2D_G8,beta,beta,0.99986887,beta,0.99919015,beta,0.99997866,beta,0.999992,beta,0.9999956,0,0.9998050559999999,beta,False,—,correct (5/5),0.030030030030030033,False,6538,116751.0
HP1525301T2D_M14,beta,beta,0.7912154,beta,0.71444064,delta,0.65437883,beta,0.9881243,beta,0.93629766,1,0.8168913659999999,beta,False,delta,unstable error (1–3/5),0.027027027027027025,False,8992,115414.0
HP1526901T2D_P9,beta,beta,0.99999464,beta,0.9999995,beta,1.0,beta,0.9999999,beta,1.0,0,0.9999988080000002,beta,False,—,correct (5/5),0.016676250718803912,False,5927,137970.0
HP1526901T2D_E11,beta,beta,0.99999785,beta,0.999998,beta,1.0,beta,0.99999976,beta,0.99999905,0,0.9999989320000001,beta,False,—,correct (5/5),0.033386327503974564,False,8161,308592.0
HP1526901T2D_J6,beta,beta,0.9969342,beta,0.99828416,beta,0.9999585,beta,0.9998599,beta,0.9959306,0,0.998193472,beta,False,—,correct (5/5),0.025641025641025644,False,7166,101009.0
HP1526901T2D_G21,beta,beta,0.9999993,beta,0.9999988,beta,0.9999999,beta,1.0,beta,0.9995047,0,0.99990054,beta,False,—,correct (5/5),0.05513513513513514,False,6820,368841.0
HP1526901T2D_H24,beta,beta,0.9999716,beta,0.99992514,beta,0.9999999,beta,0.99999905,beta,0.99999857,0,0.9999788520000001,beta,False,—,correct (5/5),0.018618618618618618,False,6830,358938.0
HP1526901T2D_A1,beta,beta,0.9999994,beta,0.999998,beta,0.9999994,beta,1.0,beta,0.9999485,0,0.9999890600000001,beta,False,—,correct (5/5),0.051975051975051964,False,6087,277710.0
HP1526901T2D_M15,beta,beta,0.9999335,beta,0.9999988,beta,1.0,beta,1.0,beta,1.0,0,0.99998646,beta,False,—,correct (5/5),0.027027027027027025,False,6760,446172.0
HP1526901T2D_G17,beta,beta,1.0,beta,0.99999976,beta,1.0,beta,1.0,beta,0.9999999,0,0.999999932,beta,False,—,correct (5/5),0.021879021879021885,False,6898,301940.0
HP1526901T2D_L1,beta,beta,0.9999993,beta,0.99997723,beta,0.9999995,beta,1.0,beta,0.9999664,0,0.999988486,beta,False,—,correct (5/5),0.033386327503974564,False,6075,437728.0
HP1526901T2D_B4,beta,beta,0.9998361,beta,0.9999672,beta,0.9999999,beta,0.9999999,beta,0.9999994,0,0.9999605,beta,False,—,correct (5/5),0.018618618618618618,False,6459,221788.0
HP1526901T2D_K3,beta,beta,0.9999999,beta,0.99999964,beta,1.0,beta,1.0,beta,1.0,0,0.999999908,beta,False,—,correct (5/5),0.019656019656019656,False,6816,400292.0
HP1526901T2D_O15,beta,beta,0.9999825,beta,0.99997056,beta,0.9999987,beta,0.99999976,beta,0.9999888,0,0.9999880640000001,beta,False,—,correct (5/5),0.02848794740686632,False,6905,194400.0
HP1526901T2D_J21,beta,beta,1.0,beta,0.9999999,beta,1.0,beta,1.0,beta,0.9999988,0,0.99999974,beta,False,—,correct (5/5),0.016676250718803912,False,6451,367020.0
HP1526901T2D_J5,beta,beta,0.999995,beta,0.99999785,beta,1.0,beta,1.0,beta,0.9999999,0,0.9999985499999999,beta,False,—,correct (5/5),0.025641025641025644,False,6447,261651.0
HP1526901T2D_L4,beta,beta,0.9999857,beta,0.9999975,beta,0.9999995,beta,0.99999726,beta,0.9999976,0,0.9999955120000001,beta,False,—,correct (5/5),0.03521703521703521,False,7090,184327.0
HP1526901T2D_H20,beta,beta,1.0,beta,0.99999976,beta,1.0,beta,1.0,beta,1.0,0,0.9999999519999999,beta,False,—,correct (5/5),0.04904904904904905,False,7468,365800.0
HP1526901T2D_N12,beta,beta,0.9999988,beta,0.999998,beta,1.0,beta,1.0,beta,0.99999976,0,0.9999993119999999,beta,False,—,correct (5/5),0.023071852340145027,False,6391,324409.0
HP1526901T2D_F5,beta,beta,0.9998585,beta,0.998792,beta,0.9999987,beta,0.99998105,beta,0.9999981,0,0.9997256700000001,beta,False,—,correct (5/5),0.019656019656019656,False,8088,244721.0
HP1526901T2D_O24,beta,beta,0.9999994,beta,0.9999887,beta,0.9999999,beta,1.0,beta,0.9999962,0,0.99999684,beta,False,—,correct (5/5),0.025641025641025644,False,7347,202549.0
HP1526901T2D_O14,beta,beta,0.99999666,beta,0.9999937,beta,0.9999999,beta,0.99999964,beta,0.9999989,0,0.9999977600000001,beta,False,—,correct (5/5),0.02848794740686632,False,8380,322572.0
HP1526901T2D_C3,beta,beta,0.9999902,beta,0.99999595,beta,0.99999964,beta,0.99999964,beta,0.9999974,0,0.9999965660000001,beta,False,—,correct (5/5),0.027027027027027025,False,6460,269196.0
HP1526901T2D_N13,beta,beta,0.9999993,beta,0.99999964,beta,1.0,beta,1.0,beta,1.0,0,0.999999788,beta,False,—,correct (5/5),0.030030030030030033,False,7019,353046.0
HP1526901T2D_D19,beta,beta,1.0,beta,0.99999976,beta,1.0,beta,1.0,beta,0.9999999,0,0.999999932,beta,False,—,correct (5/5),0.02848794740686632,False,6211,228649.0
HP1526901T2D_L5,beta,beta,0.6794243,delta,0.56612283,delta,0.49876785,beta,0.97990227,beta,0.9895839,2,0.7427602299999999,delta,True,delta,unstable error (1–3/5),0.20120120120120114,False,6968,295720.0
HP1526901T2D_F17,beta,beta,0.9999924,beta,0.99999213,beta,1.0,beta,1.0,beta,0.9999988,0,0.999996666,beta,False,—,correct (5/5),0.016676250718803912,False,7688,148971.0
HP1526901T2D_N3,beta,beta,0.9999949,beta,0.999997,beta,0.9999999,beta,1.0,beta,0.9999999,0,0.99999834,beta,False,—,correct (5/5),0.019656019656019656,False,6231,338842.0
HP1526901T2D_K23,beta,beta,0.99999905,beta,0.9999987,beta,1.0,beta,1.0,beta,1.0,0,0.9999995500000001,beta,False,—,correct (5/5),0.023071852340145027,False,6246,448351.0
HP1526901T2D_P17,beta,beta,0.99997354,beta,0.9999999,beta,0.9999995,beta,0.9999999,beta,1.0,0,0.999994568,beta,False,—,correct (5/5),0.015765765765765768,False,4972,135556.0
HP1526901T2D_O1,beta,beta,0.99999964,beta,0.99999976,beta,0.9999999,beta,1.0,beta,0.9999989,0,0.9999996400000001,beta,False,—,correct (5/5),0.15970515970515978,False,6822,226173.0
HP1526901T2D_O17,beta,beta,0.9999981,beta,0.9999989,beta,1.0,beta,0.9999999,beta,0.99999976,0,0.999999332,beta,False,—,correct (5/5),0.021879021879021885,False,6462,186542.0
HP1526901T2D_K20,beta,beta,0.99999976,beta,0.99999976,beta,1.0,beta,1.0,beta,1.0,0,0.999999904,beta,False,—,correct (5/5),0.033386327503974564,False,6420,294301.0
HP1526901T2D_A2,beta,beta,0.99999905,beta,0.9999999,beta,1.0,beta,1.0,beta,0.9999999,0,0.99999977,beta,False,—,correct (5/5),0.05855855855855858,False,6676,338200.0
HP1526901T2D_H22,beta,beta,0.99999976,beta,0.99999917,beta,1.0,beta,1.0,beta,0.9999999,0,0.999999766,beta,False,—,correct (5/5),0.03521703521703521,False,6848,416867.0
HP1526901T2D_I20,beta,beta,0.9999945,beta,0.99999154,beta,0.9999995,beta,0.99999964,beta,0.9999999,0,0.999997016,beta,False,—,correct (5/5),0.023071852340145027,False,6970,210757.0
HP1526901T2D_B9,beta,beta,0.9999995,beta,1.0,beta,1.0,beta,1.0,beta,1.0,0,0.9999998999999999,beta,False,—,correct (5/5),0.019656019656019656,False,6937,220246.0
HP1526901T2D_H4,beta,beta,0.9999994,beta,0.99999976,beta,0.99999964,beta,0.9999995,beta,0.999997,0,0.99999906,beta,False,—,correct (5/5),0.025641025641025644,False,6518,305128.0
HP1526901T2D_M24,beta,alpha,0.46300358,beta,0.77217966,beta,0.988815,beta,0.9682903,beta,0.88983613,1,0.8164249340000002,beta,False,alpha,unstable error (1–3/5),0.31531531531531504,False,8323,338294.0
HP1526901T2D_L3,beta,beta,0.96529436,beta,0.99320847,beta,0.9880647,beta,0.9998424,beta,0.83300257,0,0.9558825000000001,beta,False,—,correct (5/5),0.2664092664092664,False,8234,258189.0
HP1526901T2D_P7,beta,beta,0.99995744,beta,0.99989796,beta,1.0,beta,0.9999995,beta,1.0,0,0.99997098,beta,False,—,correct (5/5),0.019656019656019656,False,5934,146981.0
HP1526901T2D_O13,beta,beta,0.9999758,beta,0.9999962,beta,0.99999845,beta,0.9999894,beta,1.0,0,0.99999197,beta,False,—,correct (5/5),0.015765765765765768,False,5886,91216.0
HP1526901T2D_N23,beta,beta,0.99999833,beta,1.0,beta,1.0,beta,0.9999995,beta,1.0,0,0.999999566,beta,False,—,correct (5/5),0.019656019656019656,False,7310,450259.0
HP1526901T2D_B1,beta,beta,0.99999654,beta,0.99999976,beta,1.0,beta,1.0,beta,1.0,0,0.9999992600000001,beta,False,—,correct (5/5),0.019656019656019656,False,6436,307202.0
HP1526901T2D_N1,beta,beta,0.99999964,beta,0.99999976,beta,1.0,beta,1.0,beta,0.99999976,0,0.999999832,beta,False,—,correct (5/5),0.020741671904462605,False,6782,516322.0
HP1526901T2D_A19,beta,beta,0.99999964,beta,0.9999995,beta,1.0,beta,1.0,beta,1.0,0,0.999999828,beta,False,—,correct (5/5),0.05855855855855858,False,6595,283430.0
HP1526901T2D_I13,beta,beta,0.99999964,beta,0.99999976,beta,1.0,beta,1.0,beta,1.0,0,0.9999998800000001,beta,False,—,correct (5/5),0.025641025641025644,False,6534,269234.0
HP1526901T2D_I3,beta,beta,0.9999964,beta,0.99999774,beta,0.9999999,beta,0.9999999,beta,0.99999833,0,0.9999984540000002,beta,False,—,correct (5/5),0.04144144144144144,False,5789,302641.0
HP1526901T2D_M2,beta,beta,0.9999951,beta,0.99999297,beta,0.99999917,beta,0.99999917,beta,0.9999999,0,0.9999972620000002,beta,False,—,correct (5/5),0.02432432432432433,False,7256,287414.0
HP1526901T2D_H14,beta,beta,0.9442962,beta,0.66528106,gamma,0.99840623,beta,0.5505965,gamma,0.99693155,2,0.831102308,beta,False,gamma,unstable error (1–3/5),0.31531531531531504,False,8479,279089.0
HP1526901T2D_E2,beta,beta,0.9999963,beta,0.999997,beta,0.9999988,beta,0.99999976,beta,0.9999982,0,0.999998012,beta,False,—,correct (5/5),0.03923278116826505,False,6435,313210.0
HP1526901T2D_I5,beta,delta,0.8480646,delta,0.99567163,beta,0.88788116,delta,0.9842317,delta,0.9869175,4,0.9405533179999999,delta,True,delta,stable error (≥4/5),0.027027027027027025,False,7343,216382.0
HP1526901T2D_P11,beta,beta,0.9999949,beta,0.99999344,beta,0.9999999,beta,1.0,beta,0.9999832,0,0.9999942879999999,beta,False,—,correct (5/5),0.018618618618618618,False,6455,113706.0
HP1526901T2D_P10,beta,beta,0.9999988,beta,0.9999895,beta,1.0,beta,1.0,beta,0.9999989,0,0.9999974399999999,beta,False,—,correct (5/5),0.021879021879021885,False,6314,126993.0
HP1526901T2D_C17,beta,beta,0.9999912,beta,0.9999114,beta,0.9999999,beta,1.0,beta,0.99999726,0,0.999979952,beta,False,—,correct (5/5),0.027027027027027025,False,6070,175203.0
HP1526901T2D_C11,beta,beta,0.9999993,beta,1.0,beta,1.0,beta,1.0,beta,1.0,0,0.99999986,beta,False,—,correct (5/5),0.020741671904462605,False,6648,217438.0
HP1526901T2D_H10,beta,beta,0.9999981,beta,0.9999995,beta,1.0,beta,1.0,beta,1.0,0,0.99999952,beta,False,—,correct (5/5),0.03716216216216217,False,7120,317750.0
HP1526901T2D_L6,beta,beta,0.9999994,beta,0.9999968,beta,0.99999964,beta,0.9999999,beta,0.9999887,0,0.9999968880000001,beta,False,—,correct (5/5),0.033386327503974564,False,6756,218288.0
HP1526901T2D_P18,beta,beta,0.9999951,beta,0.99999976,beta,1.0,beta,0.9999994,beta,1.0,0,0.999998852,beta,False,—,correct (5/5),0.031660231660231665,False,6145,123855.0
HP1526901T2D_C10,beta,beta,0.99999964,beta,0.99999964,beta,1.0,beta,1.0,beta,1.0,0,0.999999856,beta,False,—,correct (5/5),0.015765765765765768,False,6429,213729.0
HP1526901T2D_G4,beta,beta,0.9999715,beta,0.9999974,beta,0.9999999,beta,0.9999999,beta,1.0,0,0.9999937400000001,beta,False,—,correct (5/5),0.03521703521703521,False,6033,329091.0
HP1526901T2D_P4,beta,beta,0.99999845,beta,0.99999976,beta,1.0,beta,1.0,beta,1.0,0,0.999999642,beta,False,—,correct (5/5),0.017626321974148065,False,6254,124489.0
HP1526901T2D_I22,beta,beta,0.99997556,beta,0.99999774,beta,1.0,beta,1.0,beta,0.9999999,0,0.9999946399999999,beta,False,—,correct (5/5),0.015765765765765768,False,6025,219743.0
HP1526901T2D_O8,beta,beta,0.9999989,beta,0.99999654,beta,0.9999999,beta,1.0,beta,0.99998796,0,0.9999966600000001,beta,False,—,correct (5/5),0.02432432432432433,False,6963,213917.0
HP1526901T2D_A5,beta,beta,0.99999905,beta,0.9999982,beta,0.9999995,beta,0.9999999,beta,1.0,0,0.99999933,beta,False,—,correct (5/5),0.030030030030030033,False,7107,332008.0
HP1526901T2D_F18,beta,beta,0.99999905,beta,0.9999999,beta,1.0,beta,1.0,beta,1.0,0,0.99999979,beta,False,—,correct (5/5),0.019656019656019656,False,6214,116931.0
HP1526901T2D_D17,beta,beta,0.9999975,beta,0.9999995,beta,1.0,beta,1.0,beta,1.0,0,0.9999994000000001,beta,False,—,correct (5/5),0.015765765765765768,False,6450,139548.0
HP1526901T2D_A14,beta,beta,0.9999988,beta,0.9999982,beta,1.0,beta,1.0,beta,0.9999999,0,0.99999938,beta,False,—,correct (5/5),0.018618618618618618,False,6647,275246.0
HP1526901T2D_B10,beta,beta,0.9999988,beta,0.9999987,beta,1.0,beta,1.0,beta,1.0,0,0.9999995,beta,False,—,correct (5/5),0.025641025641025644,False,8184,222168.0
HP1526901T2D_K7,beta,beta,0.9999993,beta,0.99999964,beta,1.0,beta,1.0,beta,0.99999976,0,0.99999974,beta,False,—,correct (5/5),0.023071852340145027,False,8224,436025.0
AZ_C3,ductal,ductal,1.0,ductal,0.9999962,ductal,0.9999976,ductal,0.9999943,ductal,1.0,0,0.9999976199999999,ductal,False,—,correct (5/5),0.033386327503974564,False,5260,1.930443e+06
AZ_F9,ductal,ductal,0.9802171,ductal,0.9994537,ductal,0.9999347,ductal,0.99997354,ductal,0.99995387,0,0.9959065819999999,ductal,False,—,correct (5/5),0.31531531531531504,False,4842,182579.0
AZ_C9,ductal,ductal,0.99999976,ductal,1.0,ductal,0.9999999,ductal,0.9999999,ductal,0.9999999,0,0.9999998920000002,ductal,False,—,correct (5/5),0.06633906633906633,False,6920,719643.0
HP1502401_H23,ductal,ductal,0.99999964,ductal,0.99999917,ductal,1.0,ductal,0.99999845,ductal,0.9999999,0,0.9999994320000001,ductal,False,—,correct (5/5),0.027027027027027025,False,4567,1.052643e+06
HP1502401_G23,ductal,ductal,0.99999964,ductal,0.99999917,ductal,0.9999987,ductal,0.9999999,ductal,0.9999999,0,0.9999994620000001,ductal,False,—,correct (5/5),0.015765765765765768,False,4530,1.145002e+06
HP1502401_D18,ductal,ductal,1.0,ductal,0.99999976,ductal,0.9999999,ductal,0.9999994,ductal,0.9999999,0,0.999999792,ductal,False,—,correct (5/5),0.030030030030030033,False,5118,1.184136e+06
HP1502401_L5,ductal,ductal,0.9999999,ductal,0.99999857,ductal,1.0,ductal,0.99999976,ductal,1.0,0,0.999999646,ductal,False,—,correct (5/5),0.02432432432432433,False,4372,715843.0
HP1502401_H21,ductal,ductal,0.99974805,ductal,0.9927648,ductal,0.99503607,ductal,0.9999951,ductal,0.99980813,0,0.9974704300000001,ductal,False,—,correct (5/5),0.3837837837837838,False,5291,1.337171e+06
HP1502401_N18,ductal,ductal,0.99999976,ductal,0.9999999,ductal,0.9999999,ductal,0.99999464,ductal,1.0,0,0.9999988399999999,ductal,False,—,correct (5/5),0.03716216216216217,False,3087,1.039866e+06
HP1502401_I2,ductal,ductal,1.0,ductal,0.9999995,ductal,0.9999999,ductal,0.9999987,ductal,0.99999976,0,0.9999995719999999,ductal,False,—,correct (5/5),0.051975051975051964,False,3883,1.591927e+06
HP1502401_L18,ductal,ductal,0.9999995,ductal,0.9999956,ductal,0.99999976,ductal,0.99993527,ductal,0.9999223,0,0.9999704859999999,ductal,False,—,correct (5/5),0.04904904904904905,False,2575,373983.0
HP1502401_D4,ductal,ductal,1.0,ductal,0.99999046,ductal,0.9999999,ductal,0.9999975,ductal,1.0,0,0.9999975720000001,ductal,False,—,correct (5/5),0.05855855855855858,False,4996,1.416127e+06
HP1502401_J15,ductal,ductal,1.0,ductal,1.0,ductal,0.9999995,ductal,0.9999889,ductal,0.99999976,0,0.999997632,ductal,False,—,correct (5/5),0.025641025641025644,False,3472,759372.0
HP1502401_J19,ductal,ductal,1.0,ductal,1.0,ductal,1.0,ductal,0.99999976,ductal,1.0,0,0.9999999519999999,ductal,False,—,correct (5/5),0.02432432432432433,False,5303,1.186357e+06
HP1502401_O10,ductal,ductal,1.0,ductal,1.0,ductal,1.0,ductal,0.9999999,ductal,0.99999964,0,0.999999908,ductal,False,—,correct (5/5),0.04633204633204634,False,4566,452260.0
HP1502401_C12,ductal,ductal,1.0,ductal,0.9999962,ductal,0.9999827,ductal,0.9999064,ductal,0.9999989,0,0.9999768400000001,ductal,False,—,correct (5/5),0.04904904904904905,False,3443,261330.0
HP1502401_J17,ductal,ductal,1.0,ductal,0.9969606,ductal,0.9999993,ductal,0.9998745,ductal,0.99999917,0,0.999366714,ductal,False,—,correct (5/5),0.051975051975051964,False,5475,1.331206e+06
HP1502401_N10,ductal,ductal,0.9999994,ductal,0.99999917,ductal,1.0,ductal,1.0,ductal,1.0,0,0.999999714,ductal,False,—,correct (5/5),0.07567567567567568,False,4998,1.708254e+06
HP1502401_J24,ductal,ductal,0.9999968,ductal,0.9999887,ductal,0.9999962,ductal,0.9999889,ductal,0.99999845,0,0.99999381,ductal,False,—,correct (5/5),0.033386327503974564,False,3988,1.187443e+06
HP1502401_M16,ductal,ductal,0.99998116,ductal,1.0,ductal,0.9999994,ductal,0.9999665,ductal,0.99999344,0,0.9999881,ductal,False,—,correct (5/5),0.05855855855855858,False,3824,573248.0
HP1502401_I21,ductal,ductal,1.0,ductal,0.99999976,ductal,0.9999999,ductal,1.0,ductal,0.99999964,0,0.9999998600000002,ductal,False,—,correct (5/5),0.05513513513513514,False,6560,1.236714e+06
HP1502401_N16,ductal,ductal,1.0,ductal,0.9999901,ductal,0.99999976,ductal,0.9999926,ductal,0.9999999,0,0.999996472,ductal,False,—,correct (5/5),0.03716216216216217,False,4943,1.171972e+06
HP1504101T2D_B8,ductal,ductal,0.9999999,ductal,0.9999988,ductal,0.9999994,ductal,0.9999963,ductal,0.9999999,0,0.99999886,ductal,False,—,correct (5/5),0.08108108108108107,False,6153,695293.0
HP1504101T2D_E19,ductal,mast,0.9307785,mast,0.8257599,alpha,0.9988514,gamma,0.96016484,gamma,0.72021663,5,0.887154254,alpha,True,gamma,stable error (≥4/5),0.10135135135135138,False,4797,1.165443e+06
HP1504101T2D_H18,ductal,ductal,0.99999976,ductal,0.9999999,ductal,0.99999917,ductal,0.9999999,ductal,0.9999999,0,0.9999997260000001,ductal,False,—,correct (5/5),0.04144144144144144,False,6931,1.13831e+06
HP1504101T2D_O24,ductal,ductal,0.9999999,ductal,0.9941934,ductal,0.99960655,ductal,0.9999291,ductal,0.9999994,0,0.9987456700000001,ductal,False,—,correct (5/5),0.0870870870870871,False,6617,1.610198e+06
HP1504901_J10,ductal,ductal,0.9999999,ductal,1.0,ductal,0.99999905,ductal,0.99673176,ductal,0.99999094,0,0.9993443299999999,ductal,False,—,correct (5/5),0.03521703521703521,False,3913,567386.0
HP1504901_O11,ductal,ductal,0.99999726,ductal,0.999995,ductal,0.99994135,ductal,0.9999701,ductal,0.9999949,0,0.999979722,ductal,False,—,correct (5/5),0.04380242311276794,False,3530,408344.0
HP1504901_P11,ductal,ductal,0.99998367,ductal,0.99997866,ductal,0.9999901,ductal,0.99837816,ductal,0.99998367,0,0.9996628519999999,ductal,False,—,correct (5/5),0.03716216216216217,False,2669,276996.0
HP1504901_F8,ductal,ductal,1.0,ductal,0.9999999,ductal,0.9999995,ductal,0.99998486,ductal,0.9999838,0,0.9999936120000001,ductal,False,—,correct (5/5),0.02432432432432433,False,3695,608571.0
HP1504901_N18,ductal,ductal,1.0,ductal,1.0,ductal,0.9999999,ductal,0.99999964,ductal,0.9999995,0,0.9999998080000001,ductal,False,—,correct (5/5),0.03923278116826505,False,4627,649808.0
HP1504901_I10,ductal,ductal,1.0,ductal,1.0,ductal,1.0,ductal,0.99999833,ductal,0.9999999,0,0.999999646,ductal,False,—,correct (5/5),0.021879021879021885,False,3237,430007.0
HP1504901_O14,ductal,ductal,0.9999999,ductal,0.9999995,ductal,0.9999988,ductal,0.99999785,ductal,0.9999896,0,0.99999713,ductal,False,—,correct (5/5),0.07078507078507078,False,2454,413720.0
HP1504901_P7,ductal,ductal,0.99998426,ductal,0.9999995,ductal,0.999998,ductal,0.9999695,ductal,0.99999297,0,0.9999888460000002,ductal,False,—,correct (5/5),0.04380242311276794,False,3392,279082.0
HP1504901_J13,ductal,ductal,0.9999999,ductal,0.9612396,ductal,0.99999523,ductal,0.9993419,ductal,0.99999475,0,0.992114276,ductal,False,—,correct (5/5),0.1783783783783784,False,2551,82224.0
HP1504901_E6,ductal,ductal,0.9999999,ductal,0.9999995,ductal,0.9999714,ductal,0.9993618,ductal,0.999997,0,0.9998659199999999,ductal,False,—,correct (5/5),0.07567567567567568,False,3343,307577.0
HP1504901_J15,ductal,endothelial,0.99957067,endothelial,0.99999964,endothelial,0.9999963,endothelial,0.9999982,endothelial,0.99996686,5,0.999906334,endothelial,True,endothelial,stable error (≥4/5),0.15970515970515978,False,4588,412704.0
HP1504901_L16,ductal,ductal,0.99999976,ductal,0.9999999,ductal,0.9999527,ductal,0.99997544,ductal,0.9999486,0,0.9999752799999999,ductal,False,—,correct (5/5),0.03521703521703521,False,2420,499829.0
HP1504901_B14,ductal,ductal,1.0,ductal,0.9999999,ductal,0.99999964,ductal,0.99993443,ductal,0.9999926,0,0.9999853140000001,ductal,False,—,correct (5/5),0.05855855855855858,False,3639,549087.0
HP1504901_K23,ductal,ductal,0.99998057,ductal,0.9999939,ductal,0.99993455,ductal,0.99997604,ductal,0.9993038,0,0.999837772,ductal,False,—,correct (5/5),0.020741671904462605,False,4827,407874.0
HP1504901_G11,ductal,ductal,1.0,ductal,1.0,ductal,1.0,ductal,1.0,ductal,0.99999845,0,0.9999996899999999,ductal,False,—,correct (5/5),0.03521703521703521,False,4094,481963.0
HP1504901_J5,ductal,ductal,0.99999976,ductal,0.9999994,ductal,0.9999696,ductal,0.9999949,ductal,0.99997747,0,0.9999882259999999,ductal,False,—,correct (5/5),0.05855855855855858,False,2828,366881.0
HP1506401_G2,ductal,ductal,0.99999845,ductal,0.99989855,ductal,0.9999995,ductal,0.9999999,ductal,0.99999917,0,0.9999791140000001,ductal,False,—,correct (5/5),0.017626321974148065,False,7594,105661.0
HP1506401_O2,ductal,ductal,1.0,ductal,0.9999993,ductal,0.9999987,ductal,1.0,ductal,0.9999988,0,0.99999936,ductal,False,—,correct (5/5),0.03923278116826505,False,8064,174248.0
HP1506401_N10,ductal,ductal,1.0,ductal,1.0,ductal,1.0,ductal,1.0,ductal,0.9999995,0,0.9999999,ductal,False,—,correct (5/5),0.019656019656019656,False,8587,331266.0
HP1506401_D15,ductal,ductal,0.9999883,ductal,0.9999896,ductal,0.9999918,ductal,0.9999994,ductal,0.999995,0,0.9999928200000001,ductal,False,—,correct (5/5),0.030030030030030033,False,8492,265807.0
HP1506401_D21,ductal,ductal,0.99998367,ductal,0.99999857,ductal,0.99999857,ductal,0.99999833,ductal,0.9999945,0,0.9999947280000001,ductal,False,—,correct (5/5),0.013248542660307368,False,3599,9075.0
HP1506401_F7,ductal,ductal,0.9999968,ductal,0.99999523,ductal,0.9999975,ductal,0.99999,ductal,0.9999958,0,0.999995066,ductal,False,—,correct (5/5),0.016676250718803912,False,3295,8232.0
HP1506401_G21,ductal,ductal,1.0,ductal,0.9998318,ductal,0.9999989,ductal,1.0,ductal,0.9999993,0,0.999966,ductal,False,—,correct (5/5),0.04144144144144144,False,7518,290643.0
HP1506401_B17,ductal,ductal,1.0,ductal,0.99999845,ductal,0.99999523,ductal,1.0,ductal,0.99999976,0,0.999998688,ductal,False,—,correct (5/5),0.031660231660231665,False,7821,663304.0
HP1506401_J5,ductal,ductal,0.9999957,ductal,0.99999833,ductal,0.9999995,ductal,0.9999765,ductal,0.9999645,0,0.999986906,ductal,False,—,correct (5/5),0.015765765765765768,False,6850,86820.0
HP1506401_M16,ductal,ductal,1.0,ductal,0.99999654,ductal,0.9999963,ductal,1.0,ductal,0.99999964,0,0.9999984959999999,ductal,False,—,correct (5/5),0.020741671904462605,False,7827,194369.0
HP1506401_A18,ductal,ductal,0.9999982,ductal,0.99973613,ductal,0.9983125,ductal,0.99706036,ductal,0.99975806,0,0.99897305,ductal,False,—,correct (5/5),0.033386327503974564,False,5091,18520.0
HP1506401_C12,ductal,ductal,0.99999976,ductal,0.9999989,ductal,0.9999995,ductal,0.9999999,ductal,0.9999994,0,0.999999492,ductal,False,—,correct (5/5),0.015765765765765768,False,6402,79370.0
HP1506401_E6,ductal,ductal,0.99996567,ductal,0.9999523,ductal,0.9999913,ductal,0.9994054,ductal,0.9999893,0,0.9998607939999999,ductal,False,—,correct (5/5),0.07567567567567568,False,7657,109838.0
HP1506401_A13,ductal,ductal,0.9999999,ductal,0.9999981,ductal,0.99999726,ductal,0.99999964,ductal,0.9999969,0,0.99999836,ductal,False,—,correct (5/5),0.020741671904462605,False,5065,16651.0
HP1506401_H4,ductal,ductal,1.0,ductal,0.99999976,ductal,0.99999976,ductal,1.0,ductal,0.999998,0,0.999999504,ductal,False,—,correct (5/5),0.027027027027027025,False,8390,690053.0
HP1506401_O4,ductal,ductal,0.99999976,ductal,0.9998733,ductal,0.999468,ductal,0.9999956,ductal,0.99998856,0,0.9998650440000001,ductal,False,—,correct (5/5),0.033386327503974564,False,7540,167836.0
HP1506401_L21,ductal,ductal,0.9999989,ductal,0.99999845,ductal,0.99999225,ductal,1.0,ductal,0.99999964,0,0.9999978479999999,ductal,False,—,correct (5/5),0.033386327503974564,False,8910,209173.0
HP1506401_I24,ductal,ductal,0.999998,ductal,0.99999714,ductal,0.99999905,ductal,0.99999917,ductal,0.99995327,0,0.999989326,ductal,False,—,correct (5/5),0.031660231660231665,False,7694,161207.0
HP1506401_F21,ductal,ductal,1.0,ductal,0.9999999,ductal,0.9999999,ductal,1.0,ductal,0.99999976,0,0.999999912,ductal,False,—,correct (5/5),0.014892443463872035,False,6568,43847.0
HP1506401_J8,ductal,ductal,0.9999999,ductal,0.9999975,ductal,0.9999999,ductal,1.0,ductal,0.999998,0,0.99999906,ductal,False,—,correct (5/5),0.011011011011011013,False,7560,208900.0
HP1506401_K17,ductal,ductal,0.9999957,ductal,0.9999963,ductal,0.9999999,ductal,0.9992747,ductal,0.9999795,0,0.99984922,ductal,False,—,correct (5/5),0.033386327503974564,False,8364,835157.0
HP1506401_N16,ductal,ductal,0.9999989,ductal,0.99999964,ductal,0.9999995,ductal,0.99999857,ductal,0.9999969,0,0.9999987020000001,ductal,False,—,correct (5/5),0.014892443463872035,False,7154,57454.0
HP1506401_D8,ductal,ductal,1.0,ductal,1.0,ductal,0.9999999,ductal,1.0,ductal,0.99999845,0,0.99999967,ductal,False,—,correct (5/5),0.016676250718803912,False,8229,182904.0
HP1506401_H7,ductal,ductal,0.99999976,ductal,0.99998367,ductal,0.9999993,ductal,0.9999974,ductal,0.99999917,0,0.99999586,ductal,False,—,correct (5/5),0.06227967097532316,False,9244,864388.0
HP1506401_M21,ductal,ductal,0.99999964,ductal,0.99999094,ductal,0.99999666,ductal,0.9999999,ductal,0.9999988,0,0.999997188,ductal,False,—,correct (5/5),0.023071852340145027,False,8657,597162.0
HP1506401_P11,ductal,ductal,0.99999416,ductal,0.9999981,ductal,0.999992,ductal,0.9999999,ductal,0.9999995,0,0.9999967319999999,ductal,False,—,correct (5/5),0.016676250718803912,False,6885,87672.0
HP1506401_L10,ductal,ductal,1.0,ductal,0.99999917,ductal,0.99999964,ductal,0.99999976,ductal,0.9999999,0,0.9999996940000001,ductal,False,—,correct (5/5),0.03521703521703521,False,7366,112409.0
HP1506401_P5,ductal,ductal,1.0,ductal,0.99999774,ductal,0.9999962,ductal,0.9999993,ductal,0.99999917,0,0.999998482,ductal,False,—,correct (5/5),0.04144144144144144,False,9010,352130.0
HP1506401_D10,ductal,ductal,0.99999917,ductal,0.9999652,ductal,0.9999021,ductal,0.99998975,ductal,0.99998355,0,0.999967954,ductal,False,—,correct (5/5),0.012474012474012476,False,3694,9303.0
HP1506401_L20,ductal,ductal,1.0,ductal,0.9999826,ductal,0.9999919,ductal,1.0,ductal,0.9999995,0,0.9999948,ductal,False,—,correct (5/5),0.04633204633204634,False,8250,1.257987e+06
HP1506401_C17,ductal,ductal,1.0,ductal,1.0,ductal,1.0,ductal,0.99999714,ductal,0.999998,0,0.9999990280000001,ductal,False,—,correct (5/5),0.02432432432432433,False,7875,549746.0
HP1506401_J7,ductal,ductal,0.99995875,ductal,0.999746,ductal,0.9873461,ductal,0.9999856,ductal,0.9999927,0,0.9974058299999999,ductal,False,—,correct (5/5),0.051975051975051964,False,7171,67521.0
HP1506401_D2,ductal,ductal,1.0,ductal,0.9999888,ductal,0.99998844,ductal,1.0,ductal,0.99999785,0,0.9999950180000001,ductal,False,—,correct (5/5),0.04380242311276794,False,8818,573055.0
HP1506401_G18,ductal,ductal,1.0,ductal,1.0,ductal,1.0,ductal,1.0,ductal,0.99999964,0,0.999999928,ductal,False,—,correct (5/5),0.014054054054054054,False,8795,1.42246e+06
HP1506401_E17,ductal,ductal,1.0,ductal,1.0,ductal,1.0,ductal,0.9999999,ductal,0.9999995,0,0.9999998800000001,ductal,False,—,correct (5/5),0.04904904904904905,False,8740,2.16934e+06
HP1506401_G19,ductal,ductal,0.9999999,ductal,0.99999857,ductal,0.9999982,ductal,1.0,ductal,0.9999988,0,0.999999094,ductal,False,—,correct (5/5),0.025641025641025644,False,6876,52772.0
HP1506401_L4,ductal,ductal,1.0,ductal,0.99999344,ductal,0.99999046,ductal,1.0,ductal,1.0,0,0.99999678,ductal,False,—,correct (5/5),0.021879021879021885,False,7734,471077.0
HP1506401_L13,ductal,ductal,0.9999925,ductal,0.99998534,ductal,0.9999714,ductal,0.99999595,ductal,0.99994326,0,0.99997769,ductal,False,—,correct (5/5),0.03716216216216217,False,7699,123157.0
HP1506401_H6,ductal,ductal,0.99999905,ductal,0.99999416,ductal,0.99999976,ductal,0.999998,ductal,0.99999905,0,0.999998004,ductal,False,—,correct (5/5),0.051975051975051964,False,7450,73855.0
HP1506401_F10,ductal,ductal,1.0,ductal,1.0,ductal,1.0,ductal,1.0,ductal,0.9999987,0,0.99999974,ductal,False,—,correct (5/5),0.027027027027027025,False,8114,456966.0
HP1506401_I4,ductal,ductal,0.9999995,ductal,0.9999722,ductal,0.99999535,ductal,1.0,ductal,0.9999498,0,0.99998337,ductal,False,—,correct (5/5),0.014054054054054054,False,8287,241398.0
HP1506401_D17,ductal,ductal,1.0,ductal,0.99999964,ductal,1.0,ductal,1.0,ductal,0.9999999,0,0.999999908,ductal,False,—,correct (5/5),0.021879021879021885,False,10354,559952.0
HP1506401_P22,ductal,ductal,0.99999905,ductal,0.9999964,ductal,0.9999678,ductal,0.99999857,ductal,0.99999213,0,0.99999079,ductal,False,—,correct (5/5),0.018618618618618618,False,7604,72331.0
HP1506401_O8,ductal,ductal,0.9999962,ductal,0.99999976,ductal,0.9999995,ductal,0.9999999,ductal,0.999997,0,0.999998472,ductal,False,—,correct (5/5),0.016676250718803912,False,6343,135874.0
HP1506401_I21,ductal,ductal,1.0,ductal,0.9999999,ductal,0.99999976,ductal,1.0,ductal,0.99999964,0,0.9999998600000002,ductal,False,—,correct (5/5),0.019656019656019656,False,8819,500234.0
HP1506401_F19,ductal,ductal,1.0,ductal,0.99999917,ductal,0.99999976,ductal,0.9999999,ductal,0.9999999,0,0.9999997460000001,ductal,False,—,correct (5/5),0.015765765765765768,False,7012,56326.0
HP1506401_A20,ductal,ductal,1.0,ductal,0.9999995,ductal,1.0,ductal,0.99999905,ductal,0.99999785,0,0.9999992799999999,ductal,False,—,correct (5/5),0.023071852340145027,False,5798,33617.0
HP1506401_P18,ductal,ductal,0.99999905,ductal,0.99999607,ductal,0.99999905,ductal,0.9999379,ductal,0.9999317,0,0.9999727540000001,ductal,False,—,correct (5/5),0.051975051975051964,False,3696,16304.0
HP1506401_L1,ductal,ductal,0.9999999,ductal,0.99999464,ductal,0.9999919,ductal,0.9999995,ductal,0.9999956,0,0.9999963080000001,ductal,False,—,correct (5/5),0.03716216216216217,False,6850,115003.0
HP1506401_G20,ductal,ductal,0.9999999,ductal,1.0,ductal,0.9999999,ductal,1.0,ductal,0.99999964,0,0.999999888,ductal,False,—,correct (5/5),0.014892443463872035,False,6093,31282.0
HP1506401_A4,ductal,ductal,1.0,ductal,0.9999988,ductal,0.9999999,ductal,0.99999964,ductal,1.0,0,0.9999996679999998,ductal,False,—,correct (5/5),0.04904904904904905,False,7774,347399.0
HP1506401_P1,ductal,ductal,0.99991083,ductal,0.9998754,ductal,0.96957445,ductal,0.999605,ductal,0.9998703,0,0.993767196,ductal,False,—,correct (5/5),0.033386327503974564,False,7224,117332.0
HP1506401_J20,ductal,ductal,1.0,ductal,0.9999989,ductal,0.9999999,ductal,0.9999987,ductal,1.0,0,0.9999995,ductal,False,—,correct (5/5),0.030030030030030033,False,8665,822845.0
HP1506401_P21,ductal,ductal,1.0,ductal,0.99999833,ductal,0.9999949,ductal,0.9999999,ductal,0.9999999,0,0.9999986059999999,ductal,False,—,correct (5/5),0.04380242311276794,False,7176,86720.0
HP1506401_H2,ductal,ductal,1.0,ductal,0.9999962,ductal,0.9999968,ductal,0.99996436,ductal,0.9999993,0,0.9999913319999999,ductal,False,—,correct (5/5),0.03716216216216217,False,7855,173811.0
HP1506401_K19,ductal,ductal,1.0,ductal,1.0,ductal,1.0,ductal,1.0,ductal,0.9999994,0,0.9999998800000001,ductal,False,—,correct (5/5),0.017626321974148065,False,7836,154899.0
HP1506401_C16,ductal,ductal,1.0,ductal,0.99999404,ductal,0.999998,ductal,0.9999995,ductal,0.9999907,0,0.9999964479999999,ductal,False,—,correct (5/5),0.019656019656019656,False,7977,117647.0
HP1506401_K4,ductal,ductal,0.99999964,ductal,0.9999994,ductal,0.99999964,ductal,0.99999976,ductal,0.99999976,0,0.9999996400000001,ductal,False,—,correct (5/5),0.014892443463872035,False,6555,103719.0
HP1506401_F23,ductal,ductal,1.0,ductal,0.99999905,ductal,0.99999976,ductal,1.0,ductal,1.0,0,0.9999997620000001,ductal,False,—,correct (5/5),0.02848794740686632,False,9231,1.777598e+06
HP1506401_P9,ductal,ductal,0.9999963,ductal,0.9999968,ductal,0.99998534,ductal,0.9999105,ductal,0.9999647,0,0.9999707279999999,ductal,False,—,correct (5/5),0.03923278116826505,False,7099,93171.0
HP1506401_K16,ductal,ductal,0.9999995,ductal,0.9999999,ductal,1.0,ductal,1.0,ductal,0.9999995,0,0.9999997800000001,ductal,False,—,correct (5/5),0.014054054054054054,False,7451,166149.0
HP1506401_H23,ductal,ductal,0.9999987,ductal,0.9999924,ductal,0.9999999,ductal,0.99991286,ductal,0.99999726,0,0.999980224,ductal,False,—,correct (5/5),0.020741671904462605,False,7699,228045.0
HP1506401_I16,ductal,ductal,1.0,ductal,0.9999993,ductal,0.9999999,ductal,0.9999995,ductal,0.9999995,0,0.9999996400000001,ductal,False,—,correct (5/5),0.03716216216216217,False,5039,76060.0
HP1506401_I3,ductal,ductal,0.9999857,ductal,0.9999931,ductal,0.99996066,ductal,0.99999726,ductal,0.999998,0,0.999986944,ductal,False,—,correct (5/5),0.02432432432432433,False,3931,12113.0
HP1506401_B24,ductal,ductal,0.9999957,ductal,0.9999342,ductal,0.99984205,ductal,0.9999989,ductal,0.99973065,0,0.9999003000000002,ductal,False,—,correct (5/5),0.023071852340145027,False,8848,375715.0
HP1506401_G23,ductal,ductal,0.9999999,ductal,0.9999901,ductal,0.9999901,ductal,1.0,ductal,0.9999988,0,0.9999957800000001,ductal,False,—,correct (5/5),0.016676250718803912,False,8474,295972.0
HP1506401_N17,ductal,ductal,0.9999484,ductal,0.9958216,ductal,0.9907279,ductal,0.9999901,ductal,0.99945396,0,0.997188392,ductal,False,—,correct (5/5),0.06633906633906633,False,6772,81568.0
HP1506401_D18,ductal,ductal,1.0,ductal,0.9999995,ductal,1.0,ductal,0.99998415,ductal,1.0,0,0.99999673,ductal,False,—,correct (5/5),0.033386327503974564,False,5018,94395.0
HP1506401_M11,ductal,ductal,1.0,ductal,1.0,ductal,1.0,ductal,1.0,ductal,0.9999999,0,0.9999999799999999,ductal,False,—,correct (5/5),0.019656019656019656,False,7975,376039.0
HP1506401_A12,ductal,ductal,0.9999999,ductal,0.9999988,ductal,0.99999964,ductal,0.9999783,ductal,0.9999956,0,0.999994448,ductal,False,—,correct (5/5),0.03521703521703521,False,6704,43037.0
HP1506401_J22,ductal,ductal,0.99998665,ductal,0.9999652,ductal,0.7536059,ductal,0.99813026,ductal,0.99902785,0,0.950143172,ductal,False,—,correct (5/5),0.04904904904904905,False,7697,128082.0
HP1506401_E19,ductal,ductal,0.9999995,ductal,0.9999976,ductal,0.99999917,ductal,0.9999987,ductal,0.9999993,0,0.999998854,ductal,False,—,correct (5/5),0.014054054054054054,False,3775,10754.0
HP1506401_H9,ductal,ductal,1.0,ductal,0.9999993,ductal,0.9998802,ductal,0.99999964,ductal,0.9999931,0,0.999974448,ductal,False,—,correct (5/5),0.04904904904904905,False,7884,269014.0
HP1506401_D22,ductal,ductal,0.9999528,ductal,0.9978248,ductal,0.9999927,ductal,0.9758136,ductal,0.9995726,0,0.9946313,ductal,False,—,correct (5/5),0.07078507078507078,False,3021,27930.0
HP1506401_J21,ductal,ductal,1.0,ductal,0.9999999,ductal,0.9999999,ductal,0.99999976,ductal,0.99999976,0,0.9999998640000001,ductal,False,—,correct (5/5),0.025641025641025644,False,7770,88744.0
HP1506401_P4,ductal,ductal,1.0,ductal,1.0,ductal,1.0,ductal,0.9999993,ductal,0.9999999,0,0.9999998399999999,ductal,False,—,correct (5/5),0.031660231660231665,False,8653,793447.0
HP1506401_B18,ductal,ductal,0.9998641,ductal,0.9998894,ductal,0.99437547,ductal,0.9999355,ductal,0.9998405,0,0.998780994,ductal,False,—,correct (5/5),0.03521703521703521,False,5271,21356.0
HP1506401_B23,ductal,ductal,0.9999995,ductal,0.9999845,ductal,0.99989545,ductal,0.99999714,ductal,0.9999957,0,0.999974458,ductal,False,—,correct (5/5),0.030030030030030033,False,7079,70495.0
HP1506401_D1,ductal,ductal,1.0,ductal,0.99999785,ductal,0.99999535,ductal,0.9999999,ductal,0.9999993,0,0.99999848,ductal,False,—,correct (5/5),0.02848794740686632,False,8047,477079.0
HP1506401_D7,ductal,ductal,1.0,ductal,0.99999964,ductal,0.999995,ductal,1.0,ductal,1.0,0,0.9999989279999999,ductal,False,—,correct (5/5),0.030030030030030033,False,7792,251781.0
HP1507101_J15,ductal,ductal,1.0,ductal,1.0,ductal,1.0,ductal,1.0,ductal,1.0,0,1.0,ductal,False,—,correct (5/5),0.020741671904462605,False,8147,270490.0
HP1507101_K16,ductal,ductal,0.9999999,ductal,1.0,ductal,1.0,ductal,1.0,ductal,1.0,0,0.9999999800000001,ductal,False,—,correct (5/5),0.023071852340145027,False,8331,279952.0
HP1507101_G10,ductal,ductal,1.0,ductal,1.0,ductal,1.0,ductal,1.0,ductal,1.0,0,1.0,ductal,False,—,correct (5/5),0.08108108108108107,False,7525,612503.0
HP1507101_H16,ductal,ductal,0.9999999,ductal,1.0,ductal,1.0,ductal,1.0,ductal,1.0,0,0.9999999800000001,ductal,False,—,correct (5/5),0.04380242311276794,False,8024,239296.0
HP1507101_N17,ductal,ductal,0.9999999,ductal,0.9999999,ductal,1.0,ductal,0.9999994,ductal,0.9999999,0,0.99999982,ductal,False,—,correct (5/5),0.015765765765765768,False,5460,68537.0
HP1507101_F15,ductal,ductal,0.99999964,ductal,0.9999999,ductal,0.99999976,ductal,1.0,ductal,1.0,0,0.9999998600000002,ductal,False,—,correct (5/5),0.04380242311276794,False,7496,217559.0
HP1507101_O12,ductal,ductal,1.0,ductal,1.0,ductal,1.0,ductal,1.0,ductal,1.0,0,1.0,ductal,False,—,correct (5/5),0.07078507078507078,False,8712,343719.0
HP1507101_N8,ductal,ductal,1.0,ductal,1.0,ductal,1.0,ductal,1.0,ductal,1.0,0,1.0,ductal,False,—,correct (5/5),0.021879021879021885,False,8289,266020.0
HP1507101_P1,ductal,ductal,1.0,ductal,1.0,ductal,1.0,ductal,1.0,ductal,1.0,0,1.0,ductal,False,—,correct (5/5),0.051975051975051964,False,8916,650225.0
HP1508501T2D_K2,ductal,ductal,1.0,ductal,1.0,ductal,1.0,ductal,1.0,ductal,1.0,0,1.0,ductal,False,—,correct (5/5),0.08108108108108107,False,5985,494197.0
HP1508501T2D_G2,ductal,ductal,0.9999988,ductal,0.9999856,ductal,0.9999999,ductal,0.999998,ductal,0.9999958,0,0.99999562,ductal,False,—,correct (5/5),0.033386327503974564,False,6873,516417.0
HP1508501T2D_I1,ductal,ductal,1.0,ductal,1.0,ductal,1.0,ductal,0.9999999,ductal,1.0,0,0.9999999800000001,ductal,False,—,correct (5/5),0.04380242311276794,False,8121,795869.0
HP1508501T2D_C2,ductal,ductal,0.9999999,ductal,0.99999857,ductal,1.0,ductal,0.9999993,ductal,0.9999995,0,0.9999994540000001,ductal,False,—,correct (5/5),0.04904904904904905,False,6860,286862.0
HP1508501T2D_G3,ductal,ductal,0.9999999,ductal,1.0,ductal,1.0,ductal,1.0,ductal,0.9999999,0,0.99999996,ductal,False,—,correct (5/5),0.05513513513513514,False,8727,1.103699e+06
HP1508501T2D_G1,ductal,ductal,0.9999999,ductal,1.0,ductal,1.0,ductal,1.0,ductal,0.9999999,0,0.99999996,ductal,False,—,correct (5/5),0.051975051975051964,False,6763,961291.0
HP1508501T2D_K13,ductal,ductal,0.99999774,ductal,0.99996984,ductal,0.99999714,ductal,0.99999046,ductal,0.9999883,0,0.999988696,ductal,False,—,correct (5/5),0.15970515970515978,False,3942,20879.0
HP1508501T2D_N1,ductal,ductal,0.99999905,ductal,0.99999964,ductal,0.9999999,ductal,0.9999999,ductal,0.99999964,0,0.9999996259999999,ductal,False,—,correct (5/5),0.051975051975051964,False,8478,1.710355e+06
HP1508501T2D_B18,ductal,ductal,0.9999999,ductal,1.0,ductal,1.0,ductal,0.9999999,ductal,0.9999999,0,0.99999994,ductal,False,—,correct (5/5),0.04633204633204634,False,6569,916989.0
HP1508501T2D_C6,ductal,ductal,0.99999976,ductal,0.999841,ductal,0.9999995,ductal,0.99997294,ductal,0.99999976,0,0.9999625919999999,ductal,False,—,correct (5/5),0.06227967097532316,False,3550,14609.0
HP1508501T2D_O3,ductal,ductal,0.9999956,ductal,0.998445,ductal,0.9999958,ductal,0.9999926,ductal,0.9999279,0,0.99967138,ductal,False,—,correct (5/5),0.03923278116826505,False,7552,200768.0
HP1508501T2D_M17,ductal,ductal,1.0,ductal,1.0,ductal,1.0,ductal,1.0,ductal,1.0,0,1.0,ductal,False,—,correct (5/5),0.04144144144144144,False,8106,1.649594e+06
HP1508501T2D_M3,ductal,ductal,0.99999654,ductal,0.9999999,ductal,0.9999907,ductal,0.99996066,ductal,0.99999666,0,0.999988892,ductal,False,—,correct (5/5),0.06227967097532316,False,8166,578878.0
HP1508501T2D_L20,ductal,ductal,0.9999999,ductal,0.9999993,ductal,0.99999976,ductal,0.99746823,ductal,0.99999976,0,0.9994933899999999,ductal,False,—,correct (5/5),0.06227967097532316,False,3641,114793.0
HP1508501T2D_L8,ductal,ductal,0.99998856,ductal,0.9999436,ductal,0.99996567,ductal,0.9999174,ductal,0.9999341,0,0.999949866,ductal,False,—,correct (5/5),0.1783783783783784,False,2488,17126.0
HP1508501T2D_P14,ductal,ductal,0.8785511,ductal,0.62825346,alpha,0.4459027,ductal,0.99685293,acinar,0.6438114,2,0.7186743179999999,ductal,False,acinar,unstable error (1–3/5),0.14414414414414414,False,9800,987196.0
HP1508501T2D_F4,ductal,ductal,0.9999999,ductal,1.0,ductal,1.0,ductal,0.99999976,ductal,0.9999994,0,0.9999998120000001,ductal,False,—,correct (5/5),0.02432432432432433,False,7208,371263.0
HP1508501T2D_F12,ductal,ductal,0.999995,ductal,0.99987483,ductal,0.99999976,ductal,0.99995375,ductal,0.99998295,0,0.9999612579999999,ductal,False,—,correct (5/5),0.03716216216216217,False,7030,1.795172e+06
HP1508501T2D_N9,ductal,ductal,1.0,ductal,0.9999999,ductal,1.0,ductal,1.0,ductal,0.99999976,0,0.999999932,ductal,False,—,correct (5/5),0.04904904904904905,False,5875,69409.0
HP1508501T2D_B17,ductal,ductal,1.0,ductal,1.0,ductal,1.0,ductal,1.0,ductal,0.9999999,0,0.9999999799999999,ductal,False,—,correct (5/5),0.03716216216216217,False,7960,1.133116e+06
HP1508501T2D_J11,ductal,ductal,0.9999958,ductal,1.0,ductal,1.0,ductal,0.99999976,ductal,0.99999976,0,0.999999064,ductal,False,—,correct (5/5),0.04633204633204634,False,7604,983021.0
HP1508501T2D_N7,ductal,ductal,0.9999999,ductal,1.0,ductal,1.0,ductal,1.0,ductal,1.0,0,0.9999999800000001,ductal,False,—,correct (5/5),0.03716216216216217,False,7597,374075.0
HP1508501T2D_M15,ductal,ductal,0.99999917,ductal,0.9999999,ductal,0.9999999,ductal,1.0,ductal,0.99999976,0,0.999999746,ductal,False,—,correct (5/5),0.051975051975051964,False,6827,581452.0
HP1508501T2D_K22,ductal,ductal,1.0,ductal,1.0,ductal,1.0,ductal,1.0,ductal,1.0,0,1.0,ductal,False,—,correct (5/5),0.03716216216216217,False,7781,2.207548e+06
HP1508501T2D_H17,ductal,ductal,0.9999951,ductal,0.9998573,ductal,0.99999917,ductal,0.9999982,ductal,0.99998784,0,0.999967522,ductal,False,—,correct (5/5),0.05855855855855858,False,6930,346196.0
HP1508501T2D_M22,ductal,ductal,1.0,ductal,1.0,ductal,1.0,ductal,0.9999999,ductal,0.99999976,0,0.999999932,ductal,False,—,correct (5/5),0.03716216216216217,False,8122,1.98067e+06
HP1508501T2D_H20,ductal,ductal,0.99937767,ductal,0.9999325,ductal,0.99916494,ductal,0.9995497,ductal,0.99998057,0,0.999601076,ductal,False,—,correct (5/5),0.11969111969111967,False,2519,38106.0
HP1508501T2D_F8,ductal,ductal,1.0,ductal,0.9999498,ductal,0.999992,ductal,0.99999964,ductal,0.9999989,0,0.9999880680000001,ductal,False,—,correct (5/5),0.04904904904904905,False,8249,2.39855e+06
HP1508501T2D_E15,ductal,ductal,1.0,ductal,0.9999995,ductal,0.9999999,ductal,1.0,ductal,0.9999993,0,0.99999974,ductal,False,—,correct (5/5),0.04380242311276794,False,7738,258426.0
HP1508501T2D_N19,ductal,ductal,0.9827959,ductal,0.99998033,ductal,0.99404514,ductal,0.9999968,ductal,0.9999548,0,0.9953545939999999,ductal,False,—,correct (5/5),0.07078507078507078,False,5424,28541.0
HP1508501T2D_B19,ductal,ductal,1.0,ductal,1.0,ductal,1.0,ductal,0.99999607,ductal,0.9999999,0,0.9999991939999999,ductal,False,—,correct (5/5),0.017626321974148065,False,3645,29834.0
HP1508501T2D_N17,ductal,ductal,0.9999461,ductal,0.9999999,ductal,0.9999995,ductal,0.9999999,ductal,0.99998724,0,0.999986528,ductal,False,—,correct (5/5),0.04144144144144144,False,7161,358382.0
HP1508501T2D_N2,ductal,ductal,1.0,ductal,1.0,ductal,1.0,ductal,1.0,ductal,1.0,0,1.0,ductal,False,—,correct (5/5),0.07078507078507078,False,8362,1.006775e+06
HP1508501T2D_N22,ductal,ductal,1.0,ductal,1.0,ductal,1.0,ductal,1.0,ductal,0.9999994,0,0.9999998800000001,ductal,False,—,correct (5/5),0.07078507078507078,False,4109,709272.0
HP1508501T2D_C24,ductal,ductal,1.0,ductal,1.0,ductal,1.0,ductal,1.0,ductal,1.0,0,1.0,ductal,False,—,correct (5/5),0.03923278116826505,False,7238,256715.0
HP1508501T2D_H13,ductal,ductal,1.0,ductal,0.99999976,ductal,0.9999989,ductal,0.99999964,ductal,0.9999999,0,0.9999996400000001,ductal,False,—,correct (5/5),0.04380242311276794,False,7993,437529.0
HP1508501T2D_L21,ductal,ductal,1.0,ductal,0.9998853,ductal,1.0,ductal,0.9999995,ductal,0.9999999,0,0.99997694,ductal,False,—,correct (5/5),0.04144144144144144,False,6654,953562.0
HP1508501T2D_E7,ductal,ductal,1.0,ductal,0.9999999,ductal,1.0,ductal,0.9999981,ductal,0.99999976,0,0.999999552,ductal,False,—,correct (5/5),0.05855855855855858,False,5527,182133.0
HP1508501T2D_I11,ductal,ductal,1.0,ductal,1.0,ductal,1.0,ductal,1.0,ductal,1.0,0,1.0,ductal,False,—,correct (5/5),0.04633204633204634,False,8066,1.724897e+06
HP1508501T2D_K7,ductal,ductal,1.0,ductal,1.0,ductal,1.0,ductal,1.0,ductal,1.0,0,1.0,ductal,False,—,correct (5/5),0.04380242311276794,False,8625,802594.0
HP1508501T2D_O9,ductal,ductal,0.9999999,ductal,1.0,ductal,1.0,ductal,1.0,ductal,1.0,0,0.9999999800000001,ductal,False,—,correct (5/5),0.04904904904904905,False,6938,189519.0
HP1508501T2D_I17,ductal,ductal,0.99638355,ductal,0.9999721,ductal,0.9999993,ductal,0.9999441,ductal,0.9999994,0,0.9992596899999999,ductal,False,—,correct (5/5),0.03716216216216217,False,7574,891515.0
HP1508501T2D_L11,ductal,ductal,0.9999988,ductal,0.9999999,ductal,1.0,ductal,1.0,ductal,0.9999999,0,0.9999997199999999,ductal,False,—,correct (5/5),0.014892443463872035,False,6525,76025.0
HP1508501T2D_G14,ductal,ductal,0.99999976,ductal,0.99999964,ductal,0.99999964,ductal,0.99999976,ductal,0.99999464,0,0.999998688,ductal,False,—,correct (5/5),0.021879021879021885,False,7052,142629.0
HP1508501T2D_J13,ductal,ductal,0.9999999,ductal,0.9999999,ductal,0.9999993,ductal,1.0,ductal,0.9999993,0,0.99999968,ductal,False,—,correct (5/5),0.05855855855855858,False,7584,487167.0
HP1508501T2D_A7,ductal,ductal,0.9999989,ductal,0.9999782,ductal,0.99999523,ductal,0.9999999,ductal,0.9999987,0,0.9999941860000001,ductal,False,—,correct (5/5),0.014054054054054054,False,5302,33746.0
HP1508501T2D_P12,ductal,ductal,0.9999924,ductal,0.9999887,ductal,0.9999665,ductal,0.99998605,ductal,0.9997894,0,0.99994461,ductal,False,—,correct (5/5),0.04633204633204634,False,4625,17337.0
HP1508501T2D_C19,ductal,ductal,1.0,ductal,0.9999999,ductal,1.0,ductal,0.99999917,ductal,0.99999964,0,0.999999742,ductal,False,—,correct (5/5),0.03923278116826505,False,5503,225467.0
HP1508501T2D_E17,ductal,ductal,1.0,ductal,1.0,ductal,1.0,ductal,1.0,ductal,1.0,0,1.0,ductal,False,—,correct (5/5),0.02848794740686632,False,6919,493076.0
HP1508501T2D_H9,ductal,ductal,0.9999999,ductal,0.9999999,ductal,0.9999993,ductal,0.9999496,ductal,0.99997044,0,0.9999838280000001,ductal,False,—,correct (5/5),0.04380242311276794,False,4321,232994.0
HP1508501T2D_F15,ductal,ductal,0.9999999,ductal,0.99999917,ductal,0.9999999,ductal,0.999998,ductal,0.9999999,0,0.999999374,ductal,False,—,correct (5/5),0.051975051975051964,False,7367,150172.0
HP1508501T2D_C21,ductal,ductal,0.9999999,ductal,0.9999993,ductal,0.9999999,ductal,0.9999988,ductal,0.9999999,0,0.99999956,ductal,False,—,correct (5/5),0.03923278116826505,False,3588,24894.0
HP1508501T2D_C15,ductal,ductal,1.0,ductal,0.9999999,ductal,1.0,ductal,0.9999982,ductal,0.9999999,0,0.9999996,ductal,False,—,correct (5/5),0.03923278116826505,False,6931,98609.0
HP1508501T2D_N15,ductal,ductal,0.99999964,ductal,0.9999999,ductal,1.0,ductal,0.9999647,ductal,0.9999994,0,0.9999927279999999,ductal,False,—,correct (5/5),0.04633204633204634,False,6202,420858.0
HP1508501T2D_L23,ductal,ductal,0.9999999,ductal,0.9999981,ductal,0.99999905,ductal,0.99998844,ductal,0.9999989,0,0.9999968779999999,ductal,False,—,correct (5/5),0.05855855855855858,False,6736,74594.0
HP1508501T2D_B24,ductal,ductal,0.9999962,ductal,0.99998224,ductal,0.991653,ductal,0.9935946,ductal,0.99787176,0,0.9966195599999998,ductal,False,—,correct (5/5),0.11969111969111967,False,3788,261477.0
HP1508501T2D_O8,ductal,ductal,1.0,ductal,1.0,ductal,1.0,ductal,0.9999993,ductal,1.0,0,0.99999986,ductal,False,—,correct (5/5),0.025641025641025644,False,7366,1.453576e+06
HP1508501T2D_D24,ductal,ductal,0.9999999,ductal,1.0,ductal,1.0,ductal,1.0,ductal,0.9999994,0,0.99999986,ductal,False,—,correct (5/5),0.04633204633204634,False,6224,354409.0
HP1508501T2D_K15,ductal,ductal,1.0,ductal,1.0,ductal,1.0,ductal,1.0,ductal,1.0,0,1.0,ductal,False,—,correct (5/5),0.021879021879021885,False,7450,413496.0
HP1508501T2D_J22,ductal,ductal,0.99999964,ductal,0.99999976,ductal,1.0,ductal,0.9999975,ductal,0.9999993,0,0.99999924,ductal,False,—,correct (5/5),0.051975051975051964,False,4464,260707.0
HP1508501T2D_N23,ductal,ductal,0.9999999,ductal,0.99999833,ductal,0.9999999,ductal,0.99999964,ductal,1.0,0,0.9999995540000001,ductal,False,—,correct (5/5),0.04633204633204634,False,7617,675925.0
HP1508501T2D_A17,ductal,ductal,0.99999857,ductal,0.99999857,ductal,0.9999994,ductal,1.0,ductal,0.99999976,0,0.9999992600000001,ductal,False,—,correct (5/5),0.03716216216216217,False,7540,704969.0
HP1508501T2D_L24,ductal,ductal,1.0,ductal,1.0,ductal,1.0,ductal,0.99999964,ductal,1.0,0,0.999999928,ductal,False,—,correct (5/5),0.03716216216216217,False,6777,620734.0
HP1508501T2D_C11,ductal,ductal,0.999998,ductal,0.9999999,ductal,0.9999999,ductal,0.99999857,ductal,0.99999964,0,0.999999202,ductal,False,—,correct (5/5),0.10135135135135138,False,8122,453337.0
HP1508501T2D_C18,ductal,ductal,1.0,ductal,0.9999994,ductal,1.0,ductal,1.0,ductal,0.99999964,0,0.9999998080000001,ductal,False,—,correct (5/5),0.03716216216216217,False,7628,642993.0
HP1508501T2D_O12,ductal,ductal,0.99999964,ductal,0.9999999,ductal,1.0,ductal,0.9999999,ductal,0.99999976,0,0.9999998400000001,ductal,False,—,correct (5/5),0.02432432432432433,False,6621,243154.0
HP1508501T2D_J14,ductal,ductal,1.0,ductal,1.0,ductal,1.0,ductal,1.0,ductal,0.99999976,0,0.9999999519999999,ductal,False,—,correct (5/5),0.05513513513513514,False,8279,1.841098e+06
HP1508501T2D_L5,ductal,ductal,1.0,ductal,1.0,ductal,1.0,ductal,1.0,ductal,1.0,0,1.0,ductal,False,—,correct (5/5),0.04380242311276794,False,7317,133769.0
HP1508501T2D_M23,ductal,ductal,0.99926716,ductal,0.9999982,ductal,0.9999999,ductal,0.99999464,ductal,0.9999999,0,0.99985196,ductal,False,—,correct (5/5),0.3837837837837838,False,3533,507492.0
HP1508501T2D_N10,ductal,ductal,1.0,ductal,0.9999999,ductal,1.0,ductal,0.9999999,ductal,1.0,0,0.99999996,ductal,False,—,correct (5/5),0.04633204633204634,False,7524,734831.0
HP1508501T2D_K23,ductal,ductal,0.9999927,ductal,0.9999999,ductal,0.9999999,ductal,1.0,ductal,0.99999976,0,0.999998452,ductal,False,—,correct (5/5),0.051975051975051964,False,7519,1.48958e+06
HP1508501T2D_I4,ductal,ductal,1.0,ductal,0.99999976,ductal,0.9999993,ductal,1.0,ductal,0.99999976,0,0.999999764,ductal,False,—,correct (5/5),0.03716216216216217,False,8087,410005.0
HP1508501T2D_N6,ductal,ductal,0.99999976,ductal,0.9999974,ductal,0.99999964,ductal,0.99999917,ductal,0.9999993,0,0.9999990540000001,ductal,False,—,correct (5/5),0.04633204633204634,False,7267,361012.0
HP1508501T2D_J16,ductal,ductal,0.99999845,ductal,0.9999982,ductal,0.9999989,ductal,1.0,ductal,0.9999987,0,0.9999988500000001,ductal,False,—,correct (5/5),0.06227967097532316,False,5775,308750.0
HP1508501T2D_G13,ductal,ductal,1.0,ductal,0.99999976,ductal,0.9999993,ductal,0.9999852,ductal,0.9999999,0,0.9999968320000001,ductal,False,—,correct (5/5),0.027027027027027025,False,7235,816358.0
HP1508501T2D_I12,ductal,ductal,1.0,ductal,0.99999976,ductal,1.0,ductal,1.0,ductal,1.0,0,0.9999999519999999,ductal,False,—,correct (5/5),0.03923278116826505,False,7780,983989.0
HP1508501T2D_E11,ductal,ductal,0.9999988,ductal,0.999977,ductal,0.99999905,ductal,0.99999547,ductal,0.99978095,0,0.999950254,ductal,False,—,correct (5/5),0.03923278116826505,False,8126,1.684202e+06
HP1508501T2D_I13,ductal,ductal,1.0,ductal,0.9999999,ductal,1.0,ductal,0.9999982,ductal,0.9999999,0,0.9999996,ductal,False,—,correct (5/5),0.08108108108108107,False,7359,320386.0
HP1508501T2D_L9,ductal,ductal,0.9999999,ductal,0.99999976,ductal,0.9999999,ductal,0.99999774,ductal,1.0,0,0.9999994600000001,ductal,False,—,correct (5/5),0.04144144144144144,False,7084,576231.0
HP1508501T2D_E9,ductal,ductal,0.99999857,ductal,0.99999595,ductal,0.9999883,ductal,0.9930802,ductal,0.9999994,0,0.998612484,ductal,False,—,correct (5/5),0.06633906633906633,False,8486,1.283566e+06
HP1508501T2D_D22,ductal,ductal,0.9999994,ductal,0.9999993,ductal,0.9999993,ductal,0.99997795,ductal,0.99999964,0,0.999995118,ductal,False,—,correct (5/5),0.1309771309771309,False,3226,197854.0
HP1508501T2D_E16,ductal,ductal,0.9999999,ductal,0.99999964,ductal,0.9999963,ductal,0.99997413,ductal,0.9999764,0,0.999989274,ductal,False,—,correct (5/5),0.033386327503974564,False,6178,53142.0
HP1508501T2D_I21,ductal,ductal,0.99999964,ductal,1.0,ductal,1.0,ductal,0.999995,ductal,0.9999989,0,0.999998708,ductal,False,—,correct (5/5),0.031660231660231665,False,5916,66287.0
HP1508501T2D_K3,ductal,ductal,1.0,ductal,1.0,ductal,1.0,ductal,1.0,ductal,0.9999995,0,0.9999999,ductal,False,—,correct (5/5),0.027027027027027025,False,7867,830641.0
HP1508501T2D_N8,ductal,ductal,0.99999976,ductal,0.9999995,ductal,1.0,ductal,0.99999535,ductal,0.9999999,0,0.999998902,ductal,False,—,correct (5/5),0.04633204633204634,False,7513,303107.0
HP1508501T2D_J15,ductal,ductal,1.0,ductal,0.9999999,ductal,1.0,ductal,0.99999964,ductal,0.99999976,0,0.99999986,ductal,False,—,correct (5/5),0.08108108108108107,False,6441,282645.0
HP1509101_E3,ductal,ductal,0.9999999,ductal,1.0,ductal,1.0,ductal,0.9999951,ductal,0.99999976,0,0.999998952,ductal,False,—,correct (5/5),0.031660231660231665,False,4397,16738.0
HP1509101_J22,ductal,ductal,1.0,ductal,1.0,ductal,1.0,ductal,0.9999982,ductal,1.0,0,0.9999996400000001,ductal,False,—,correct (5/5),0.04380242311276794,False,5799,31480.0
HP1509101_K19,ductal,ductal,0.9999994,ductal,0.99999976,ductal,0.9999995,ductal,0.9999993,ductal,0.9999994,0,0.9999994720000001,ductal,False,—,correct (5/5),0.021879021879021885,False,5382,27024.0
HP1509101_M14,ductal,ductal,0.9999999,ductal,0.9999995,ductal,0.99999917,ductal,0.99999964,ductal,0.99999976,0,0.9999995939999999,ductal,False,—,correct (5/5),0.009652509652509654,False,2654,7276.0
HP1509101_K15,ductal,ductal,0.9999999,ductal,0.99999976,ductal,0.9999999,ductal,0.99999976,ductal,1.0,0,0.9999998640000001,ductal,False,—,correct (5/5),0.020741671904462605,False,5528,29812.0
HP1509101_A24,ductal,ductal,1.0,ductal,1.0,ductal,1.0,ductal,1.0,ductal,1.0,0,1.0,ductal,False,—,correct (5/5),0.04633204633204634,False,8149,2.416187e+06
HP1509101_B9,ductal,ductal,0.99999845,ductal,0.99999535,ductal,0.99999416,ductal,0.9999995,ductal,0.9999981,0,0.999997112,ductal,False,—,correct (5/5),0.017626321974148065,False,2755,6449.0
HP1509101_P17,ductal,ductal,1.0,ductal,0.9999999,ductal,0.9999999,ductal,0.9999999,ductal,1.0,0,0.99999994,ductal,False,—,correct (5/5),0.019656019656019656,False,7976,149585.0
HP1509101_P9,ductal,ductal,0.9999908,ductal,0.99999917,ductal,0.99905175,ductal,0.9999838,ductal,0.99998474,0,0.999802052,ductal,False,—,correct (5/5),0.20120120120120114,False,8732,356937.0
HP1509101_L13,ductal,ductal,0.99999976,ductal,1.0,ductal,0.9999999,ductal,0.99999917,ductal,0.9999999,0,0.9999997460000001,ductal,False,—,correct (5/5),0.017626321974148065,False,6817,57664.0
HP1509101_J11,ductal,ductal,0.9999999,ductal,0.9999995,ductal,0.9999999,ductal,0.99999976,ductal,0.9999999,0,0.999999792,ductal,False,—,correct (5/5),0.027027027027027025,False,3185,8613.0
HP1509101_D17,ductal,ductal,0.9999982,ductal,0.9999995,ductal,0.99999964,ductal,0.9999988,ductal,0.9999999,0,0.999999208,ductal,False,—,correct (5/5),0.01172870984191739,False,7065,208054.0
HP1509101_N7,ductal,ductal,0.99999976,ductal,0.99999976,ductal,0.99999976,ductal,0.9999994,ductal,0.99999917,0,0.99999957,ductal,False,—,correct (5/5),0.021879021879021885,False,5719,53248.0
HP1509101_F24,ductal,ductal,1.0,ductal,0.99999976,ductal,0.9999995,ductal,0.9999906,ductal,1.0,0,0.9999979719999998,ductal,False,—,correct (5/5),0.019656019656019656,False,7617,811385.0
HP1509101_F2,ductal,ductal,0.9999994,ductal,1.0,ductal,1.0,ductal,0.9999982,ductal,0.9999995,0,0.99999942,ductal,False,—,correct (5/5),0.016676250718803912,False,7368,438954.0
HP1509101_B24,ductal,ductal,1.0,ductal,1.0,ductal,0.9999999,ductal,0.9999999,ductal,0.9999999,0,0.99999994,ductal,False,—,correct (5/5),0.04380242311276794,False,7850,531013.0
HP1509101_M16,ductal,ductal,0.9999999,ductal,0.99999905,ductal,0.9999995,ductal,0.9999999,ductal,0.9999999,0,0.99999965,ductal,False,—,correct (5/5),0.015765765765765768,False,3248,10353.0
HP1509101_P6,ductal,ductal,0.99999976,ductal,0.9999999,ductal,0.9999999,ductal,0.9999968,ductal,0.9999968,0,0.9999986319999999,ductal,False,—,correct (5/5),0.051975051975051964,False,5346,90326.0
HP1509101_L3,ductal,ductal,0.99999905,ductal,0.9999851,ductal,0.9999887,ductal,0.999995,ductal,0.9999994,0,0.9999934500000001,ductal,False,—,correct (5/5),0.017626321974148065,False,4382,19176.0
HP1509101_J9,ductal,ductal,0.9999993,ductal,0.9999931,ductal,0.99999905,ductal,0.9999993,ductal,0.9999999,0,0.99999813,ductal,False,—,correct (5/5),0.06227967097532316,False,6526,70317.0
HP1509101_B19,ductal,ductal,1.0,ductal,1.0,ductal,1.0,ductal,1.0,ductal,1.0,0,1.0,ductal,False,—,correct (5/5),0.016676250718803912,False,7436,131550.0
HP1509101_D23,ductal,ductal,0.99999976,ductal,1.0,ductal,0.9999999,ductal,0.9999988,ductal,0.9999999,0,0.9999996720000001,ductal,False,—,correct (5/5),0.04633204633204634,False,7142,206103.0
HP1509101_G4,ductal,ductal,1.0,ductal,0.9999999,ductal,0.99999976,ductal,1.0,ductal,1.0,0,0.999999932,ductal,False,—,correct (5/5),0.020741671904462605,False,3102,13054.0
HP1509101_P22,ductal,ductal,0.99998283,ductal,0.99999833,ductal,0.9999963,ductal,0.9999987,ductal,0.99999654,0,0.99999454,ductal,False,—,correct (5/5),0.1309771309771309,False,3061,7538.0
HP1509101_E24,ductal,ductal,0.9999999,ductal,0.99999905,ductal,0.9999993,ductal,0.99999976,ductal,0.9999995,0,0.999999502,ductal,False,—,correct (5/5),0.021879021879021885,False,5429,26709.0
HP1509101_G10,ductal,ductal,0.99999976,ductal,1.0,ductal,0.9999999,ductal,0.99999976,ductal,1.0,0,0.999999884,ductal,False,—,correct (5/5),0.021879021879021885,False,5190,61125.0
HP1509101_J23,ductal,ductal,0.9997576,ductal,0.99999094,ductal,0.9999964,ductal,0.9999943,ductal,0.999998,0,0.999947448,ductal,False,—,correct (5/5),0.03716216216216217,False,5396,29909.0
HP1509101_I12,ductal,ductal,1.0,ductal,1.0,ductal,1.0,ductal,1.0,ductal,1.0,0,1.0,ductal,False,—,correct (5/5),0.021879021879021885,False,8079,617516.0
HP1509101_O14,ductal,ductal,0.99999976,ductal,0.99999976,ductal,1.0,ductal,1.0,ductal,1.0,0,0.999999904,ductal,False,—,correct (5/5),0.018618618618618618,False,7375,534608.0
HP1509101_L16,ductal,ductal,1.0,ductal,0.99999976,ductal,0.9999999,ductal,0.99997926,ductal,0.9999999,0,0.999995764,ductal,False,—,correct (5/5),0.030030030030030033,False,5579,37642.0
HP1509101_K10,ductal,ductal,1.0,ductal,0.99999845,ductal,0.999998,ductal,0.9999907,ductal,1.0,0,0.9999974300000002,ductal,False,—,correct (5/5),0.07567567567567568,False,8652,146278.0
HP1509101_B23,ductal,ductal,0.9998073,ductal,0.9999968,ductal,0.9999987,ductal,0.9987293,ductal,0.9999944,0,0.9997052999999999,ductal,False,—,correct (5/5),0.033386327503974564,False,6176,56764.0
HP1509101_I16,ductal,ductal,1.0,ductal,0.9999999,ductal,0.9999995,ductal,0.99999857,ductal,0.99999976,0,0.999999546,ductal,False,—,correct (5/5),0.033386327503974564,False,2998,7414.0
HP1509101_A8,ductal,ductal,0.99999857,ductal,0.99999607,ductal,0.9999962,ductal,1.0,ductal,0.9999999,0,0.9999981480000001,ductal,False,—,correct (5/5),0.023071852340145027,False,5178,21266.0
HP1509101_C21,ductal,ductal,0.99999964,ductal,0.99999976,ductal,0.9999999,ductal,0.9999999,ductal,1.0,0,0.9999998400000001,ductal,False,—,correct (5/5),0.014054054054054054,False,5771,35549.0
HP1509101_P5,ductal,ductal,0.9999676,ductal,0.9999999,ductal,0.999432,ductal,0.99997926,ductal,0.999941,0,0.9998639519999999,ductal,False,—,correct (5/5),0.11969111969111967,False,2848,7537.0
HP1509101_N6,ductal,ductal,0.99999976,ductal,0.99999976,ductal,0.9999999,ductal,0.99999976,ductal,0.9999999,0,0.9999998160000001,ductal,False,—,correct (5/5),0.05513513513513514,False,4454,26979.0
HP1509101_N10,ductal,ductal,0.9999999,ductal,1.0,ductal,0.99999833,ductal,0.9999999,ductal,0.9999999,0,0.999999606,ductal,False,—,correct (5/5),0.04380242311276794,False,6010,94986.0
HP1509101_O17,ductal,ductal,0.99998844,ductal,0.99999785,ductal,0.9999963,ductal,0.99991405,ductal,0.99999964,0,0.9999792559999999,ductal,False,—,correct (5/5),0.04633204633204634,False,6380,246091.0
HP1509101_P8,ductal,ductal,0.9999192,ductal,0.99999535,ductal,0.9996631,ductal,0.9973991,ductal,0.9998926,0,0.99937387,ductal,False,—,correct (5/5),0.08108108108108107,False,9413,726336.0
HP1509101_C6,ductal,ductal,0.9999943,ductal,0.9999914,ductal,0.9999974,ductal,0.999946,ductal,0.99999905,0,0.99998563,ductal,False,—,correct (5/5),0.027027027027027025,False,2900,7846.0
HP1509101_F22,ductal,ductal,1.0,ductal,1.0,ductal,1.0,ductal,0.99999976,ductal,1.0,0,0.9999999519999999,ductal,False,—,correct (5/5),0.03521703521703521,False,8228,525600.0
HP1509101_F7,ductal,ductal,1.0,ductal,1.0,ductal,1.0,ductal,0.9999999,ductal,1.0,0,0.9999999800000001,ductal,False,—,correct (5/5),0.018618618618618618,False,5879,42264.0
HP1509101_E10,ductal,ductal,0.9999999,ductal,0.9999287,ductal,0.99997175,ductal,0.99962986,ductal,0.9999957,0,0.999905182,ductal,False,—,correct (5/5),0.03521703521703521,False,3862,26164.0
HP1509101_E9,ductal,ductal,1.0,ductal,1.0,ductal,1.0,ductal,0.99999964,ductal,0.9999999,0,0.999999908,ductal,False,—,correct (5/5),0.025641025641025644,False,4934,33924.0
HP1509101_A17,ductal,ductal,1.0,ductal,0.9999999,ductal,0.9999999,ductal,0.9999999,ductal,0.9999999,0,0.9999999200000002,ductal,False,—,correct (5/5),0.017626321974148065,False,3723,12064.0
HP1509101_H20,ductal,ductal,1.0,ductal,1.0,ductal,0.9999999,ductal,0.9975005,ductal,0.9999999,0,0.9995000600000001,ductal,False,—,correct (5/5),0.027027027027027025,False,7022,221964.0
HP1509101_D21,ductal,ductal,0.9999988,ductal,0.9999995,ductal,0.99999595,ductal,0.99975854,ductal,0.99999905,0,0.999950368,ductal,False,—,correct (5/5),0.033386327503974564,False,4734,37622.0
HP1509101_I6,ductal,ductal,0.9999999,ductal,0.99999976,ductal,0.9999999,ductal,0.99999964,ductal,0.9999999,0,0.99999982,ductal,False,—,correct (5/5),0.04904904904904905,False,5463,47503.0
HP1525301T2D_P14,ductal,ductal,0.99980277,ductal,0.99999976,ductal,0.9999738,ductal,0.99999714,ductal,0.9999759,0,0.999949874,ductal,False,—,correct (5/5),0.021879021879021885,False,6317,198828.0
HP1525301T2D_O14,ductal,ductal,0.999998,ductal,0.9999989,ductal,1.0,ductal,0.99999845,ductal,0.9999993,0,0.9999989300000001,ductal,False,—,correct (5/5),0.023071852340145027,False,7605,155254.0
HP1525301T2D_H14,ductal,ductal,1.0,ductal,1.0,ductal,1.0,ductal,0.99999905,ductal,1.0,0,0.9999998099999999,ductal,False,—,correct (5/5),0.030030030030030033,False,6727,165907.0
HP1525301T2D_P1,ductal,ductal,0.99999976,ductal,0.9999994,ductal,1.0,ductal,0.9999927,ductal,0.99999976,0,0.9999983239999999,ductal,False,—,correct (5/5),0.027027027027027025,False,5699,255167.0
HP1525301T2D_K16,ductal,ductal,0.9999821,ductal,0.99999976,ductal,0.99999976,ductal,0.9999994,ductal,0.9999938,0,0.9999949640000001,ductal,False,—,correct (5/5),0.030030030030030033,False,8161,219238.0
HP1525301T2D_C3,ductal,ductal,0.9999932,ductal,0.9999993,ductal,1.0,ductal,0.9999968,ductal,0.99999905,0,0.9999976700000002,ductal,False,—,correct (5/5),0.02432432432432433,False,6579,129312.0
HP1525301T2D_D1,ductal,ductal,0.99991786,ductal,0.9999993,ductal,0.999998,ductal,0.9999701,ductal,0.99999785,0,0.9999766219999999,ductal,False,—,correct (5/5),0.05855855855855858,False,6292,188884.0
HP1525301T2D_I18,ductal,ductal,0.9999999,ductal,1.0,ductal,1.0,ductal,1.0,ductal,0.9999999,0,0.99999996,ductal,False,—,correct (5/5),0.031660231660231665,False,6197,208551.0
HP1525301T2D_M11,ductal,ductal,0.99999964,ductal,0.9999999,ductal,1.0,ductal,0.9999987,ductal,0.9999999,0,0.999999628,ductal,False,—,correct (5/5),0.02432432432432433,False,7906,249850.0
HP1525301T2D_I23,ductal,ductal,0.9999989,ductal,1.0,ductal,1.0,ductal,0.99997854,ductal,1.0,0,0.999995488,ductal,False,—,correct (5/5),0.025641025641025644,False,7157,189154.0
HP1525301T2D_K14,ductal,ductal,0.99999774,ductal,1.0,ductal,0.9999999,ductal,0.9999981,ductal,0.9999975,0,0.999998648,ductal,False,—,correct (5/5),0.033386327503974564,False,6966,217504.0
HP1525301T2D_J7,ductal,ductal,0.9999937,ductal,1.0,ductal,1.0,ductal,0.99999905,ductal,0.99999976,0,0.9999985020000001,ductal,False,—,correct (5/5),0.017626321974148065,False,7615,225691.0
HP1525301T2D_C4,ductal,ductal,0.99999917,ductal,0.99986887,ductal,0.9999964,ductal,0.99985766,ductal,0.9999957,0,0.99994356,ductal,False,—,correct (5/5),0.06227967097532316,False,6604,112265.0
HP1525301T2D_J21,ductal,ductal,0.9999999,ductal,0.9999999,ductal,1.0,ductal,0.9999981,ductal,0.9999988,0,0.9999993400000001,ductal,False,—,correct (5/5),0.03521703521703521,False,7901,209987.0
HP1525301T2D_C6,ductal,ductal,1.0,ductal,1.0,ductal,1.0,ductal,1.0,ductal,1.0,0,1.0,ductal,False,—,correct (5/5),0.021879021879021885,False,7806,158493.0
HP1525301T2D_G3,ductal,ductal,1.0,ductal,1.0,ductal,1.0,ductal,0.9999988,ductal,1.0,0,0.99999976,ductal,False,—,correct (5/5),0.02432432432432433,False,7501,200768.0
HP1525301T2D_E11,ductal,ductal,1.0,ductal,1.0,ductal,0.9999999,ductal,1.0,ductal,0.9999999,0,0.99999996,ductal,False,—,correct (5/5),0.05855855855855858,False,5900,271643.0
HP1525301T2D_N4,ductal,ductal,0.99999917,ductal,0.99999976,ductal,1.0,ductal,0.99999774,ductal,1.0,0,0.999999334,ductal,False,—,correct (5/5),0.031660231660231665,False,4000,136632.0
HP1525301T2D_B24,ductal,ductal,0.9999999,ductal,0.9999994,ductal,1.0,ductal,0.9999968,ductal,0.9999999,0,0.9999991999999999,ductal,False,—,correct (5/5),0.023071852340145027,False,5976,192646.0
HP1525301T2D_O20,ductal,ductal,0.9999994,ductal,1.0,ductal,1.0,ductal,0.9999933,ductal,0.9999999,0,0.9999985199999999,ductal,False,—,correct (5/5),0.021879021879021885,False,7357,186335.0
HP1525301T2D_G13,ductal,ductal,0.99988484,ductal,0.99994993,ductal,0.99999976,ductal,0.99999356,ductal,0.999997,0,0.9999650179999999,ductal,False,—,correct (5/5),0.021879021879021885,False,7551,223662.0
HP1525301T2D_L23,ductal,ductal,0.99999833,ductal,0.99999976,ductal,0.9999993,ductal,0.99999666,ductal,0.99999714,0,0.9999982379999999,ductal,False,—,correct (5/5),0.031660231660231665,False,8197,177595.0
HP1525301T2D_I1,ductal,ductal,0.9999993,ductal,0.99999917,ductal,0.99999976,ductal,0.9999913,ductal,0.9999994,0,0.999997786,ductal,False,—,correct (5/5),0.02432432432432433,False,6470,190374.0
HP1525301T2D_C24,ductal,ductal,0.99999785,ductal,0.99999976,ductal,1.0,ductal,0.9999999,ductal,0.99999774,0,0.9999990499999999,ductal,False,—,correct (5/5),0.03716216216216217,False,7238,156686.0
HP1525301T2D_G14,ductal,ductal,0.99999857,ductal,0.9999993,ductal,0.9999999,ductal,0.9999963,ductal,0.9999999,0,0.999998794,ductal,False,—,correct (5/5),0.020741671904462605,False,7137,87436.0
HP1525301T2D_L1,ductal,ductal,0.9999114,ductal,0.99999833,ductal,1.0,ductal,0.9999989,ductal,0.99999905,0,0.999981536,ductal,False,—,correct (5/5),0.020741671904462605,False,6817,250807.0
HP1525301T2D_I10,ductal,ductal,0.9999999,ductal,1.0,ductal,1.0,ductal,1.0,ductal,0.9999999,0,0.99999996,ductal,False,—,correct (5/5),0.019656019656019656,False,7019,188804.0
HP1525301T2D_G20,ductal,ductal,0.999998,ductal,0.9999938,ductal,1.0,ductal,0.9999958,ductal,0.99999964,0,0.9999974479999999,ductal,False,—,correct (5/5),0.016676250718803912,False,6947,96497.0
HP1525301T2D_H24,ductal,ductal,0.9999999,ductal,0.9999894,ductal,1.0,ductal,0.99999905,ductal,0.9999995,0,0.99999757,ductal,False,—,correct (5/5),0.023071852340145027,False,6496,218512.0
HP1525301T2D_P13,ductal,ductal,1.0,ductal,0.99999964,ductal,1.0,ductal,0.9999982,ductal,0.9999999,0,0.9999995479999999,ductal,False,—,correct (5/5),0.025641025641025644,False,6686,244427.0
HP1525301T2D_D2,ductal,ductal,0.9999999,ductal,0.9999964,ductal,0.9999989,ductal,0.9999958,ductal,0.9999993,0,0.9999980599999999,ductal,False,—,correct (5/5),0.027027027027027025,False,6265,132531.0
HP1525301T2D_I3,ductal,ductal,0.99999976,ductal,1.0,ductal,1.0,ductal,0.99999595,ductal,1.0,0,0.9999991420000001,ductal,False,—,correct (5/5),0.021879021879021885,False,7518,157040.0
HP1525301T2D_K21,ductal,ductal,0.9918454,ductal,0.99961036,ductal,0.99999774,ductal,0.99998915,ductal,0.9999912,0,0.99828677,ductal,False,—,correct (5/5),0.02432432432432433,False,7244,204022.0
HP1525301T2D_H3,ductal,ductal,1.0,ductal,1.0,ductal,1.0,ductal,0.99999964,ductal,0.99999964,0,0.999999856,ductal,False,—,correct (5/5),0.033386327503974564,False,7994,248842.0
HP1525301T2D_N5,ductal,ductal,1.0,ductal,0.9999994,ductal,1.0,ductal,0.9999994,ductal,0.99999964,0,0.9999996880000002,ductal,False,—,correct (5/5),0.030030030030030033,False,4880,205696.0
HP1525301T2D_A17,ductal,ductal,1.0,ductal,1.0,ductal,1.0,ductal,0.99999857,ductal,1.0,0,0.999999714,ductal,False,—,correct (5/5),0.027027027027027025,False,7435,130340.0
HP1525301T2D_C13,ductal,ductal,0.99999976,ductal,0.99999964,ductal,1.0,ductal,0.99997747,ductal,1.0,0,0.999995374,ductal,False,—,correct (5/5),0.033386327503974564,False,4967,158160.0
HP1525301T2D_I19,ductal,ductal,1.0,ductal,0.9999999,ductal,0.99999964,ductal,0.9999999,ductal,1.0,0,0.999999888,ductal,False,—,correct (5/5),0.03716216216216217,False,7868,223981.0
HP1525301T2D_J15,ductal,ductal,0.9999808,ductal,0.9999987,ductal,1.0,ductal,0.9999982,ductal,0.9999994,0,0.99999542,ductal,False,—,correct (5/5),0.020741671904462605,False,8153,127851.0
HP1525301T2D_P21,ductal,ductal,1.0,ductal,1.0,ductal,1.0,ductal,0.9999987,ductal,1.0,0,0.99999974,ductal,False,—,correct (5/5),0.02432432432432433,False,7933,152707.0
HP1525301T2D_P5,ductal,ductal,0.99999714,ductal,0.99999833,ductal,1.0,ductal,0.99999964,ductal,0.9999999,0,0.999999002,ductal,False,—,correct (5/5),0.025641025641025644,False,5403,223528.0
HP1525301T2D_F21,ductal,ductal,0.999998,ductal,0.9999975,ductal,0.99999964,ductal,0.9999999,ductal,1.0,0,0.999999008,ductal,False,—,correct (5/5),0.027027027027027025,False,6219,212403.0
HP1525301T2D_A19,ductal,ductal,0.99990785,ductal,0.9999838,ductal,0.9999999,ductal,0.9999976,ductal,0.99999976,0,0.999977782,ductal,False,—,correct (5/5),0.021879021879021885,False,7143,200364.0
HP1525301T2D_O7,ductal,ductal,1.0,ductal,1.0,ductal,0.9999988,ductal,0.9999913,ductal,0.9999999,0,0.999998,ductal,False,—,correct (5/5),0.027027027027027025,False,6973,109408.0
HP1525301T2D_A12,ductal,ductal,0.9991755,ductal,0.9999958,ductal,0.99999976,ductal,0.9974584,ductal,0.9999349,0,0.9993128720000002,ductal,False,—,correct (5/5),0.02848794740686632,False,8241,127778.0
HP1525301T2D_K11,ductal,ductal,0.99999857,ductal,0.99999964,ductal,0.9999999,ductal,0.99999607,ductal,0.99995923,0,0.999990682,ductal,False,—,correct (5/5),0.02432432432432433,False,8658,232506.0
HP1525301T2D_O23,ductal,ductal,1.0,ductal,1.0,ductal,0.9999999,ductal,0.9999956,ductal,1.0,0,0.9999991000000001,ductal,False,—,correct (5/5),0.02848794740686632,False,8230,167758.0
HP1525301T2D_A15,ductal,ductal,0.9999999,ductal,0.9999987,ductal,0.9999999,ductal,0.9999989,ductal,0.9999994,0,0.99999936,ductal,False,—,correct (5/5),0.02848794740686632,False,7988,164207.0
HP1525301T2D_L2,ductal,ductal,0.9999994,ductal,1.0,ductal,0.9999999,ductal,1.0,ductal,0.9999999,0,0.9999998400000001,ductal,False,—,correct (5/5),0.019656019656019656,False,6035,180346.0
HP1525301T2D_B10,ductal,ductal,0.9999629,ductal,0.9999993,ductal,0.9999994,ductal,0.99998665,ductal,0.99999225,0,0.9999881,ductal,False,—,correct (5/5),0.027027027027027025,False,7112,174003.0
HP1525301T2D_K18,ductal,ductal,0.99999905,ductal,0.9999999,ductal,1.0,ductal,0.9999995,ductal,0.9999989,0,0.99999947,ductal,False,—,correct (5/5),0.033386327503974564,False,7975,145180.0
HP1525301T2D_C17,ductal,ductal,0.98819435,ductal,0.99999976,ductal,0.9999999,ductal,0.9999918,ductal,0.99998176,0,0.997633514,ductal,False,—,correct (5/5),0.02432432432432433,False,7523,155891.0
HP1525301T2D_D3,ductal,ductal,0.9995435,ductal,0.99999833,ductal,0.99999976,ductal,0.9999987,ductal,0.99999845,0,0.999907748,ductal,False,—,correct (5/5),0.04380242311276794,False,7611,146226.0
HP1525301T2D_D22,ductal,ductal,0.9999887,ductal,0.99999905,ductal,0.99999976,ductal,0.99999964,ductal,0.9999881,0,0.9999950500000001,ductal,False,—,correct (5/5),0.031660231660231665,False,7880,172428.0
HP1525301T2D_F16,ductal,ductal,0.99999964,ductal,0.99999976,ductal,0.9999999,ductal,0.99998593,ductal,0.9999999,0,0.999997026,ductal,False,—,correct (5/5),0.02848794740686632,False,5025,130729.0
HP1525301T2D_N11,ductal,ductal,0.99999976,ductal,1.0,ductal,1.0,ductal,0.99999845,ductal,0.9999994,0,0.9999995220000001,ductal,False,—,correct (5/5),0.030030030030030033,False,7630,193060.0
HP1525301T2D_K6,ductal,ductal,0.9999999,ductal,0.9999999,ductal,1.0,ductal,0.9999956,ductal,0.99999964,0,0.999999008,ductal,False,—,correct (5/5),0.027027027027027025,False,6890,71289.0
HP1525301T2D_L4,ductal,ductal,0.9999418,ductal,0.9999995,ductal,1.0,ductal,0.99999917,ductal,0.9999975,0,0.999987594,ductal,False,—,correct (5/5),0.02432432432432433,False,6717,186078.0
HP1525301T2D_G9,ductal,ductal,0.99999917,ductal,0.9999999,ductal,1.0,ductal,0.9999999,ductal,1.0,0,0.999999794,ductal,False,—,correct (5/5),0.027027027027027025,False,6912,240942.0
HP1525301T2D_L20,ductal,ductal,0.9999709,ductal,0.99999034,ductal,0.9999999,ductal,0.999997,ductal,0.99999595,0,0.999990818,ductal,False,—,correct (5/5),0.04380242311276794,False,8516,162937.0
HP1525301T2D_E20,ductal,ductal,1.0,ductal,0.99999666,ductal,0.9999987,ductal,0.99999475,ductal,0.99999905,0,0.999997832,ductal,False,—,correct (5/5),0.019656019656019656,False,3530,47487.0
HP1525301T2D_I22,ductal,ductal,1.0,ductal,0.9999987,ductal,1.0,ductal,0.9999994,ductal,0.9999995,0,0.99999952,ductal,False,—,correct (5/5),0.027027027027027025,False,7550,201977.0
HP1525301T2D_F8,ductal,ductal,0.9998084,ductal,0.99977666,ductal,0.99998915,ductal,0.9995951,ductal,0.99999785,0,0.999833432,ductal,False,—,correct (5/5),0.027027027027027025,False,5899,67178.0
HP1525301T2D_A13,ductal,ductal,1.0,ductal,1.0,ductal,1.0,ductal,0.99999964,ductal,1.0,0,0.999999928,ductal,False,—,correct (5/5),0.023071852340145027,False,7258,127179.0
HP1525301T2D_A1,ductal,ductal,1.0,ductal,0.9999962,ductal,0.9999989,ductal,0.9999839,ductal,0.99999976,0,0.999995752,ductal,False,—,correct (5/5),0.03716216216216217,False,6087,157399.0
HP1525301T2D_N14,ductal,ductal,0.9999995,ductal,0.99999845,ductal,1.0,ductal,0.9999994,ductal,1.0,0,0.99999947,ductal,False,—,correct (5/5),0.018618618618618618,False,7275,221928.0
HP1525301T2D_J9,ductal,ductal,1.0,ductal,0.9999987,ductal,1.0,ductal,0.9999958,ductal,1.0,0,0.9999988999999999,ductal,False,—,correct (5/5),0.031660231660231665,False,8050,178749.0
HP1525301T2D_P2,ductal,ductal,0.9999999,ductal,1.0,ductal,1.0,ductal,0.9999907,ductal,0.99999714,0,0.999997548,ductal,False,—,correct (5/5),0.02848794740686632,False,7497,211699.0
HP1525301T2D_K12,ductal,ductal,0.9940367,ductal,0.99999976,ductal,0.9999993,ductal,0.9999901,ductal,0.99999535,0,0.998804242,ductal,False,—,correct (5/5),0.033386327503974564,False,8450,181353.0
HP1525301T2D_O17,ductal,ductal,0.99999607,ductal,1.0,ductal,1.0,ductal,0.9999937,ductal,1.0,0,0.999997954,ductal,False,—,correct (5/5),0.023071852340145027,False,7221,117970.0
HP1525301T2D_L3,ductal,ductal,0.9999994,ductal,0.9999939,ductal,0.99999213,ductal,0.9999728,ductal,0.99999964,0,0.9999915739999998,ductal,False,—,correct (5/5),0.08108108108108107,False,2944,22498.0
HP1525301T2D_D5,ductal,ductal,0.99553066,ductal,0.999995,ductal,0.999964,activated_stellate,0.7602722,ductal,0.9999788,1,0.9511481319999999,ductal,False,activated_stellate,unstable error (1–3/5),0.31531531531531504,False,3168,24424.0
HP1525301T2D_I15,ductal,ductal,1.0,ductal,1.0,ductal,1.0,ductal,0.9999925,ductal,0.9999999,0,0.99999848,ductal,False,—,correct (5/5),0.023071852340145027,False,6281,190740.0
HP1525301T2D_E15,ductal,ductal,0.9999943,ductal,0.99999964,ductal,0.9999881,ductal,0.99996936,ductal,0.99999034,0,0.9999883479999999,ductal,False,—,correct (5/5),0.02432432432432433,False,7262,217004.0
HP1525301T2D_H11,ductal,ductal,0.99999976,ductal,1.0,ductal,0.9999999,ductal,0.99999297,ductal,0.9999999,0,0.9999985060000001,ductal,False,—,correct (5/5),0.03716216216216217,False,8475,245261.0
HP1525301T2D_L6,ductal,ductal,0.99998,ductal,0.99999964,ductal,0.9999999,ductal,0.9999976,ductal,0.9999993,0,0.999995288,ductal,False,—,correct (5/5),0.025641025641025644,False,8306,199714.0
HP1525301T2D_F12,ductal,ductal,0.9999999,ductal,0.9999995,ductal,0.9999999,ductal,0.9999994,ductal,0.99999976,0,0.999999692,ductal,False,—,correct (5/5),0.018618618618618618,False,7779,160653.0
HP1525301T2D_P19,ductal,ductal,0.99999976,ductal,0.99999976,ductal,0.9999999,ductal,1.0,ductal,0.9999999,0,0.999999864,ductal,False,—,correct (5/5),0.031660231660231665,False,7333,160446.0
HP1525301T2D_A14,ductal,ductal,1.0,ductal,0.9999999,ductal,1.0,ductal,0.9999814,ductal,1.0,0,0.99999626,ductal,False,—,correct (5/5),0.025641025641025644,False,6608,166471.0
HP1525301T2D_C9,ductal,ductal,1.0,ductal,0.9999999,ductal,1.0,ductal,0.99999964,ductal,0.9999999,0,0.999999888,ductal,False,—,correct (5/5),0.031660231660231665,False,7300,147416.0
HP1525301T2D_J20,ductal,ductal,1.0,ductal,1.0,ductal,1.0,ductal,0.9999999,ductal,1.0,0,0.9999999800000001,ductal,False,—,correct (5/5),0.02848794740686632,False,7289,173831.0
HP1525301T2D_N16,ductal,ductal,0.9999995,ductal,0.9999633,ductal,0.9999999,ductal,0.9999908,ductal,0.99999964,0,0.9999906280000002,ductal,False,—,correct (5/5),0.025641025641025644,False,7726,203520.0
HP1525301T2D_C15,ductal,ductal,0.99845624,ductal,0.9999999,ductal,0.9999999,ductal,0.9999988,ductal,0.99999857,0,0.999690682,ductal,False,—,correct (5/5),0.020741671904462605,False,7716,155861.0
HP1525301T2D_D14,ductal,ductal,0.99999404,ductal,1.0,ductal,0.9999999,ductal,0.9999988,ductal,0.99999774,0,0.9999980959999999,ductal,False,—,correct (5/5),0.031660231660231665,False,7906,143610.0
HP1525301T2D_N20,ductal,ductal,0.9999982,ductal,1.0,ductal,0.9999987,ductal,0.9999676,ductal,1.0,0,0.9999929,ductal,False,—,correct (5/5),0.02432432432432433,False,7130,181406.0
HP1525301T2D_P20,ductal,ductal,0.99999726,ductal,0.9999994,ductal,0.9999999,ductal,0.9999454,ductal,0.9999931,0,0.9999870120000001,ductal,False,—,correct (5/5),0.06227967097532316,False,6647,156287.0
HP1525301T2D_L16,ductal,ductal,0.9999981,ductal,0.9999989,ductal,0.9999993,ductal,0.9999987,ductal,0.99999845,0,0.99999869,ductal,False,—,correct (5/5),0.03521703521703521,False,8519,147323.0
HP1525301T2D_G5,ductal,ductal,0.99999976,ductal,1.0,ductal,1.0,ductal,0.9999999,ductal,0.9999999,0,0.999999912,ductal,False,—,correct (5/5),0.023071852340145027,False,6938,84522.0
HP1525301T2D_P4,ductal,ductal,0.93521196,ductal,0.9999999,ductal,0.99997175,ductal,0.99999976,ductal,0.9999994,0,0.987036554,ductal,False,—,correct (5/5),0.02432432432432433,False,7324,167234.0
HP1525301T2D_I17,ductal,ductal,0.99998474,ductal,0.9999994,ductal,0.9999989,ductal,0.9999962,ductal,0.99999964,0,0.9999957760000001,ductal,False,—,correct (5/5),0.025641025641025644,False,6386,117199.0
HP1525301T2D_M6,ductal,ductal,0.9999994,ductal,0.9999994,ductal,1.0,ductal,0.9999999,ductal,0.9999999,0,0.9999997200000001,ductal,False,—,correct (5/5),0.015765765765765768,False,6800,199784.0
HP1525301T2D_O8,ductal,ductal,0.99999654,ductal,0.99997425,ductal,0.99999535,ductal,0.99996865,ductal,0.99973494,0,0.999933946,ductal,False,—,correct (5/5),0.04144144144144144,False,2590,31988.0
HP1525301T2D_N1,ductal,ductal,1.0,ductal,1.0,ductal,1.0,ductal,0.9999999,ductal,1.0,0,0.9999999800000001,ductal,False,—,correct (5/5),0.020741671904462605,False,6439,304680.0
HP1525301T2D_B21,ductal,ductal,0.99999833,ductal,1.0,ductal,1.0,ductal,0.9999999,ductal,0.9999994,0,0.9999995260000001,ductal,False,—,correct (5/5),0.051975051975051964,False,7646,180803.0
HP1525301T2D_H16,ductal,ductal,0.99999905,ductal,0.9999999,ductal,1.0,ductal,0.99999964,ductal,0.99999976,0,0.99999967,ductal,False,—,correct (5/5),0.025641025641025644,False,7057,188209.0
HP1525301T2D_M15,ductal,ductal,0.99999964,ductal,0.9999995,ductal,0.9999999,ductal,0.9999912,ductal,0.9999995,0,0.9999979480000001,ductal,False,—,correct (5/5),0.027027027027027025,False,6197,264069.0
HP1525301T2D_C19,ductal,ductal,0.99999905,ductal,0.9999927,ductal,0.9999999,ductal,0.9999994,ductal,0.99999964,0,0.9999981380000001,ductal,False,—,correct (5/5),0.027027027027027025,False,5935,200567.0
HP1525301T2D_K2,ductal,ductal,0.99986017,ductal,0.99992704,ductal,0.9999989,ductal,0.9999951,ductal,0.9999827,0,0.999952782,ductal,False,—,correct (5/5),0.031660231660231665,False,6960,209408.0
HP1525301T2D_M9,ductal,ductal,1.0,ductal,1.0,ductal,0.9999999,ductal,0.9999994,ductal,1.0,0,0.9999998600000002,ductal,False,—,correct (5/5),0.023071852340145027,False,7895,189234.0
HP1525301T2D_N15,ductal,ductal,0.9999943,ductal,1.0,ductal,0.99998987,ductal,0.999998,ductal,0.99999976,0,0.999996386,ductal,False,—,correct (5/5),0.031660231660231665,False,3100,31156.0
HP1525301T2D_B14,ductal,ductal,0.9999912,ductal,0.99999964,ductal,0.99999976,ductal,0.99999857,ductal,0.99999785,0,0.9999974039999999,ductal,False,—,correct (5/5),0.025641025641025644,False,5889,90573.0
HP1525301T2D_D4,ductal,ductal,0.9999987,ductal,0.99999964,ductal,0.99999976,ductal,0.99999976,ductal,0.9999994,0,0.999999452,ductal,False,—,correct (5/5),0.02848794740686632,False,5875,112912.0
HP1525301T2D_G10,ductal,ductal,0.99999416,ductal,0.9999999,ductal,1.0,ductal,0.9999995,ductal,0.99999964,0,0.99999864,ductal,False,—,correct (5/5),0.030030030030030033,False,8193,183439.0
HP1525301T2D_H2,ductal,ductal,0.9999999,ductal,1.0,ductal,1.0,ductal,1.0,ductal,1.0,0,0.9999999800000001,ductal,False,—,correct (5/5),0.021879021879021885,False,7251,257506.0
HP1525301T2D_H1,ductal,ductal,0.99999845,ductal,0.9999758,ductal,0.9999999,ductal,0.99994266,ductal,0.9999993,0,0.999983222,ductal,False,—,correct (5/5),0.03521703521703521,False,6727,225798.0
HP1525301T2D_H18,ductal,ductal,0.9999999,ductal,0.9999999,ductal,1.0,ductal,0.99999964,ductal,0.99999976,0,0.9999998400000001,ductal,False,—,correct (5/5),0.025641025641025644,False,7309,261313.0
HP1525301T2D_O16,ductal,ductal,1.0,ductal,1.0,ductal,0.9999999,ductal,0.9999981,ductal,1.0,0,0.9999996,ductal,False,—,correct (5/5),0.031660231660231665,False,6562,173158.0
HP1525301T2D_I24,ductal,ductal,0.9999405,ductal,0.99999976,ductal,1.0,ductal,0.9999981,ductal,0.9999999,0,0.999987652,ductal,False,—,correct (5/5),0.021879021879021885,False,7422,142247.0
HP1525301T2D_O24,ductal,ductal,0.9999999,ductal,0.99999905,ductal,0.9999993,ductal,0.9999324,ductal,0.9999995,0,0.99998603,ductal,False,—,correct (5/5),0.021879021879021885,False,6544,167551.0
HP1525301T2D_M20,ductal,ductal,1.0,ductal,1.0,ductal,1.0,ductal,0.99998605,ductal,0.9999999,0,0.99999719,ductal,False,—,correct (5/5),0.04144144144144144,False,8463,209313.0
HP1525301T2D_H17,ductal,ductal,0.99999976,ductal,0.9999988,ductal,1.0,ductal,0.99999976,ductal,1.0,0,0.999999664,ductal,False,—,correct (5/5),0.031660231660231665,False,8632,223441.0
HP1525301T2D_C21,ductal,ductal,0.99999344,ductal,0.9999995,ductal,0.9999995,ductal,0.99999774,ductal,0.99992704,0,0.999983444,ductal,False,—,correct (5/5),0.04144144144144144,False,7793,127011.0
HP1525301T2D_L13,ductal,ductal,0.9999999,ductal,0.9999999,ductal,1.0,ductal,1.0,ductal,0.9999999,0,0.99999994,ductal,False,—,correct (5/5),0.030030030030030033,False,7966,131376.0
HP1525301T2D_K17,ductal,ductal,1.0,ductal,0.99999976,ductal,1.0,ductal,0.99999905,ductal,0.99999976,0,0.999999714,ductal,False,—,correct (5/5),0.031660231660231665,False,6843,214686.0
HP1525301T2D_D8,ductal,ductal,0.99999905,ductal,0.9999999,ductal,1.0,ductal,0.9999999,ductal,0.9999999,0,0.9999997500000001,ductal,False,—,correct (5/5),0.027027027027027025,False,7506,129292.0
HP1525301T2D_M12,ductal,ductal,0.9999989,ductal,0.99999774,ductal,1.0,ductal,0.9999957,ductal,0.9999999,0,0.999998448,ductal,False,—,correct (5/5),0.025641025641025644,False,7041,249538.0
HP1525301T2D_N12,ductal,ductal,0.9999999,ductal,0.9999987,ductal,1.0,ductal,0.9999993,ductal,1.0,0,0.9999995800000001,ductal,False,—,correct (5/5),0.020741671904462605,False,7086,245460.0
HP1525301T2D_C11,ductal,ductal,0.99999917,ductal,0.9999881,ductal,0.9999999,ductal,0.9999993,ductal,0.999995,0,0.9999962940000001,ductal,False,—,correct (5/5),0.07567567567567568,False,5048,144472.0
HP1525301T2D_I8,ductal,ductal,0.99999535,ductal,0.999997,ductal,0.9999999,ductal,0.9999933,ductal,0.9999993,0,0.99999697,ductal,False,—,correct (5/5),0.019656019656019656,False,6938,128944.0
HP1525301T2D_O22,ductal,ductal,0.9999976,ductal,0.9999877,ductal,0.99999845,ductal,0.9999937,ductal,0.99999833,0,0.9999951560000001,ductal,False,—,correct (5/5),0.027027027027027025,False,7446,210889.0
HP1525301T2D_K1,ductal,ductal,0.9995584,ductal,0.9999962,ductal,0.99999964,ductal,0.99995565,ductal,0.99999523,0,0.999901024,ductal,False,—,correct (5/5),0.025641025641025644,False,5925,154816.0
HP1525301T2D_E17,ductal,ductal,0.99999607,ductal,0.9999896,ductal,0.999995,ductal,0.9999887,ductal,0.9999999,0,0.9999938540000001,ductal,False,—,correct (5/5),0.03521703521703521,False,7638,179371.0
HP1525301T2D_D15,ductal,ductal,0.99999905,ductal,0.99999905,ductal,0.9999993,ductal,0.9999988,ductal,0.9999994,0,0.99999912,ductal,False,—,correct (5/5),0.021879021879021885,False,6922,69238.0
HP1525301T2D_G21,ductal,ductal,1.0,ductal,0.9999999,ductal,1.0,ductal,0.99999845,ductal,1.0,0,0.99999967,ductal,False,—,correct (5/5),0.021879021879021885,False,6149,200369.0
HP1525301T2D_E4,ductal,ductal,0.9999995,ductal,0.9999989,ductal,0.9999994,ductal,0.99999213,ductal,0.99999976,0,0.9999979379999999,ductal,False,—,correct (5/5),0.027027027027027025,False,4484,16011.0
HP1525301T2D_C22,ductal,ductal,0.9999236,ductal,0.999907,ductal,0.99999905,ductal,0.9996377,ductal,0.99995494,0,0.999884458,ductal,False,—,correct (5/5),0.033386327503974564,False,6934,201705.0
HP1525301T2D_B3,ductal,ductal,0.9999989,ductal,0.999997,ductal,0.9999989,ductal,0.9999882,ductal,0.9999993,0,0.99999646,ductal,False,—,correct (5/5),0.02432432432432433,False,6734,170563.0
HP1525301T2D_N6,ductal,ductal,0.9999825,ductal,0.9999993,ductal,0.9999932,ductal,0.9999949,ductal,0.9999976,0,0.9999935000000001,ductal,False,—,correct (5/5),0.04144144144144144,False,8156,227784.0
HP1525301T2D_I16,ductal,ductal,0.99999964,ductal,0.9999995,ductal,1.0,ductal,0.9999927,ductal,0.9999989,0,0.9999981479999999,ductal,False,—,correct (5/5),0.033386327503974564,False,6779,201464.0
HP1525301T2D_P23,ductal,ductal,1.0,ductal,1.0,ductal,1.0,ductal,1.0,ductal,1.0,0,1.0,ductal,False,—,correct (5/5),0.025641025641025644,False,7219,199069.0
HP1525301T2D_O10,ductal,ductal,0.9999994,ductal,0.9999999,ductal,0.9999987,ductal,0.9999739,ductal,0.9999999,0,0.99999436,ductal,False,—,correct (5/5),0.021879021879021885,False,3699,31468.0
HP1526901T2D_O5,ductal,ductal,1.0,ductal,1.0,ductal,1.0,ductal,1.0,ductal,0.9999999,0,0.9999999799999999,ductal,False,—,correct (5/5),0.025641025641025644,False,7811,283802.0
HP1526901T2D_F15,ductal,ductal,0.99999964,ductal,0.99999607,acinar,0.8719034,acinar,0.7965257,ductal,0.99761873,2,0.9332087079999999,ductal,False,acinar,unstable error (1–3/5),0.03521703521703521,False,7946,398390.0
HP1526901T2D_M8,ductal,ductal,1.0,ductal,1.0,ductal,0.9999999,ductal,1.0,ductal,0.99999905,0,0.99999979,ductal,False,—,correct (5/5),0.03716216216216217,False,8213,432550.0
HP1526901T2D_I1,ductal,ductal,1.0,ductal,0.99999976,ductal,0.9999999,ductal,1.0,ductal,0.9999999,0,0.999999912,ductal,False,—,correct (5/5),0.027027027027027025,False,8269,296484.0
HP1526901T2D_J18,ductal,ductal,0.99988043,ductal,0.99998045,ductal,0.99999976,ductal,0.9999999,ductal,0.9999999,0,0.999972088,ductal,False,—,correct (5/5),0.018618618618618618,False,8085,262191.0
HP1526901T2D_B24,ductal,ductal,0.99999857,ductal,0.9999999,ductal,0.9999999,ductal,1.0,ductal,0.9999981,0,0.999999294,ductal,False,—,correct (5/5),0.02848794740686632,False,7339,279494.0
HP1526901T2D_G24,ductal,ductal,1.0,ductal,1.0,ductal,1.0,ductal,1.0,ductal,1.0,0,1.0,ductal,False,—,correct (5/5),0.033386327503974564,False,7135,470653.0
HP1526901T2D_E23,ductal,ductal,0.9999975,ductal,0.9999999,ductal,0.9999974,ductal,0.9999993,ductal,0.99998784,0,0.9999963880000001,ductal,False,—,correct (5/5),0.03923278116826505,False,8017,227479.0
HP1526901T2D_D4,ductal,ductal,1.0,ductal,1.0,ductal,1.0,ductal,1.0,ductal,0.9999999,0,0.9999999799999999,ductal,False,—,correct (5/5),0.027027027027027025,False,7485,233307.0
HP1526901T2D_K4,ductal,ductal,1.0,ductal,0.9999999,ductal,1.0,ductal,1.0,ductal,1.0,0,0.9999999800000001,ductal,False,—,correct (5/5),0.031660231660231665,False,7755,373717.0
HP1526901T2D_M20,ductal,ductal,1.0,ductal,0.9999999,ductal,1.0,ductal,1.0,ductal,0.9999975,0,0.9999994799999999,ductal,False,—,correct (5/5),0.031660231660231665,False,8413,453283.0
HP1526901T2D_D22,ductal,ductal,0.9999956,ductal,0.9999995,ductal,0.9999999,ductal,1.0,ductal,0.99999845,0,0.99999869,ductal,False,—,correct (5/5),0.02848794740686632,False,7936,226562.0
HP1526901T2D_J11,ductal,ductal,1.0,ductal,1.0,ductal,1.0,ductal,0.99999774,ductal,0.9999999,0,0.999999528,ductal,False,—,correct (5/5),0.03521703521703521,False,9130,368734.0
HP1526901T2D_E9,ductal,ductal,1.0,ductal,1.0,ductal,0.9999999,ductal,1.0,ductal,0.9999999,0,0.99999996,ductal,False,—,correct (5/5),0.03923278116826505,False,8052,344837.0
HP1526901T2D_F24,ductal,ductal,1.0,ductal,1.0,ductal,0.99999976,ductal,1.0,ductal,0.99999964,0,0.9999998800000001,ductal,False,—,correct (5/5),0.033386327503974564,False,8032,363587.0
HP1526901T2D_J3,ductal,ductal,1.0,ductal,1.0,ductal,0.9999995,ductal,0.9999999,ductal,1.0,0,0.9999998800000001,ductal,False,—,correct (5/5),0.1783783783783784,False,5926,429050.0
HP1526901T2D_A11,ductal,ductal,1.0,ductal,1.0,ductal,1.0,ductal,1.0,ductal,1.0,0,1.0,ductal,False,—,correct (5/5),0.033386327503974564,False,7213,305761.0
HP1526901T2D_F16,ductal,ductal,1.0,ductal,1.0,ductal,1.0,ductal,1.0,ductal,1.0,0,1.0,ductal,False,—,correct (5/5),0.031660231660231665,False,7772,314394.0
HP1526901T2D_A24,ductal,ductal,0.9999999,ductal,1.0,ductal,0.9999995,ductal,1.0,ductal,0.9999962,0,0.99999912,ductal,False,—,correct (5/5),0.06227967097532316,False,8154,291910.0
HP1526901T2D_E22,ductal,ductal,0.9998292,ductal,0.99995816,ductal,1.0,ductal,0.9999757,ductal,0.9999994,0,0.999952492,ductal,False,—,correct (5/5),0.023071852340145027,False,8210,350273.0
HP1526901T2D_C14,ductal,ductal,0.9999995,ductal,1.0,ductal,1.0,ductal,1.0,ductal,0.99999976,0,0.999999852,ductal,False,—,correct (5/5),0.027027027027027025,False,7235,302095.0
HP1526901T2D_E1,ductal,ductal,0.9999995,ductal,0.99999964,ductal,0.9999999,ductal,1.0,ductal,0.99999976,0,0.99999976,ductal,False,—,correct (5/5),0.025641025641025644,False,8404,558090.0
HP1526901T2D_F22,ductal,ductal,0.9999999,ductal,1.0,ductal,1.0,ductal,0.99999976,ductal,1.0,0,0.999999932,ductal,False,—,correct (5/5),0.1309771309771309,False,6503,345892.0
HP1526901T2D_D3,ductal,ductal,1.0,ductal,1.0,ductal,1.0,ductal,1.0,ductal,1.0,0,1.0,ductal,False,—,correct (5/5),0.02432432432432433,False,7557,371472.0
HP1526901T2D_H9,ductal,ductal,1.0,ductal,1.0,ductal,1.0,ductal,1.0,ductal,0.99999976,0,0.9999999519999999,ductal,False,—,correct (5/5),0.03521703521703521,False,7746,334073.0
HP1526901T2D_M14,ductal,mast,0.9982495,ductal,0.99999964,ductal,0.8570519,ductal,0.9996735,ductal,0.99858403,1,0.9707117140000001,mast,True,mast,unstable error (1–3/5),0.04144144144144144,False,3715,438237.0
HP1526901T2D_B23,ductal,ductal,1.0,ductal,1.0,ductal,1.0,ductal,0.9999999,ductal,1.0,0,0.9999999800000001,ductal,False,—,correct (5/5),0.031660231660231665,False,6660,280458.0
HP1526901T2D_C22,ductal,ductal,1.0,ductal,0.99999976,ductal,0.99999905,ductal,0.99999845,ductal,0.9999999,0,0.9999994320000001,ductal,False,—,correct (5/5),0.030030030030030033,False,7896,227992.0
HP1526901T2D_D2,ductal,ductal,1.0,ductal,1.0,ductal,1.0,ductal,0.99999976,ductal,1.0,0,0.9999999519999999,ductal,False,—,correct (5/5),0.02848794740686632,False,8208,296117.0
HP1526901T2D_K1,ductal,ductal,1.0,ductal,1.0,ductal,1.0,ductal,1.0,ductal,1.0,0,1.0,ductal,False,—,correct (5/5),0.031660231660231665,False,8324,547808.0
HP1526901T2D_C23,ductal,ductal,1.0,ductal,1.0,ductal,0.99999976,ductal,0.9999999,ductal,0.99999726,0,0.999999384,ductal,False,—,correct (5/5),0.030030030030030033,False,8328,222244.0
HP1526901T2D_C20,ductal,ductal,1.0,ductal,0.9999999,ductal,1.0,ductal,0.9999999,ductal,1.0,0,0.99999996,ductal,False,—,correct (5/5),0.04633204633204634,False,6462,160750.0
HP1526901T2D_N21,ductal,ductal,1.0,ductal,1.0,ductal,0.9999999,ductal,1.0,ductal,0.9999994,0,0.99999986,ductal,False,—,correct (5/5),0.03923278116826505,False,8405,378963.0
HP1526901T2D_K19,ductal,ductal,0.9999999,ductal,0.99999976,ductal,1.0,ductal,1.0,ductal,0.9999999,0,0.999999912,ductal,False,—,correct (5/5),0.030030030030030033,False,7872,453541.0
HP1526901T2D_F8,ductal,ductal,0.9999999,ductal,1.0,ductal,0.99999964,ductal,0.99999917,ductal,1.0,0,0.999999742,ductal,False,—,correct (5/5),0.033386327503974564,False,7094,150304.0
HP1526901T2D_E14,ductal,ductal,0.9987556,ductal,0.99940705,ductal,0.9190164,ductal,0.9999999,ductal,0.99993086,0,0.9834219619999999,ductal,False,—,correct (5/5),0.04633204633204634,False,5257,319365.0
HP1526901T2D_H21,ductal,ductal,1.0,ductal,0.9999999,ductal,1.0,ductal,1.0,ductal,0.9999999,0,0.99999996,ductal,False,—,correct (5/5),0.051975051975051964,False,7409,458979.0
HP1526901T2D_J12,ductal,ductal,0.9999981,ductal,0.9999999,ductal,0.9999994,ductal,1.0,ductal,0.9999995,0,0.99999938,ductal,False,—,correct (5/5),0.03521703521703521,False,7916,469198.0
HP1526901T2D_A21,ductal,ductal,1.0,ductal,1.0,ductal,1.0,ductal,0.9999976,ductal,1.0,0,0.99999952,ductal,False,—,correct (5/5),0.02848794740686632,False,8089,373884.0
HP1526901T2D_G22,ductal,ductal,0.99999905,ductal,0.9999999,ductal,0.99999964,ductal,0.9999995,ductal,0.999998,0,0.9999992179999999,ductal,False,—,correct (5/5),0.03923278116826505,False,8668,554961.0
HP1526901T2D_B5,ductal,ductal,0.99999964,ductal,1.0,ductal,1.0,ductal,1.0,ductal,0.99999857,0,0.999999642,ductal,False,—,correct (5/5),0.04633204633204634,False,7604,236493.0
HP1526901T2D_O4,ductal,ductal,1.0,ductal,1.0,ductal,1.0,ductal,1.0,ductal,1.0,0,1.0,ductal,False,—,correct (5/5),0.03923278116826505,False,8043,181999.0
HP1526901T2D_D12,ductal,ductal,1.0,ductal,1.0,ductal,1.0,ductal,1.0,ductal,1.0,0,1.0,ductal,False,—,correct (5/5),0.051975051975051964,False,7594,381138.0
HP1526901T2D_H5,ductal,ductal,1.0,ductal,1.0,ductal,0.9999999,ductal,1.0,ductal,0.9999993,0,0.9999998400000001,ductal,False,—,correct (5/5),0.033386327503974564,False,8717,414193.0
HP1526901T2D_N11,ductal,ductal,1.0,ductal,1.0,ductal,0.9999999,ductal,1.0,ductal,0.99999976,0,0.999999932,ductal,False,—,correct (5/5),0.023071852340145027,False,7752,365775.0
HP1526901T2D_H8,ductal,ductal,0.99999964,ductal,0.9999994,ductal,0.9999995,ductal,0.9999999,ductal,0.99999976,0,0.9999996400000001,ductal,False,—,correct (5/5),0.033386327503974564,False,7713,341597.0
HP1526901T2D_B3,ductal,ductal,1.0,ductal,1.0,ductal,1.0,ductal,1.0,ductal,1.0,0,1.0,ductal,False,—,correct (5/5),0.03716216216216217,False,8125,383479.0
HP1502401_I12,endothelial,endothelial,1.0,endothelial,1.0,endothelial,1.0,endothelial,1.0,endothelial,1.0,0,1.0,endothelial,False,—,correct (5/5),0.0870870870870871,False,3409,585834.0
HP1504101T2D_C1,endothelial,endothelial,1.0,endothelial,1.0,endothelial,1.0,endothelial,1.0,endothelial,1.0,0,1.0,endothelial,False,—,correct (5/5),0.0870870870870871,False,4816,564052.0
HP1504901_I17,endothelial,endothelial,0.9999993,endothelial,0.9999995,endothelial,1.0,endothelial,1.0,endothelial,1.0,0,0.99999976,endothelial,False,—,correct (5/5),0.10135135135135138,False,3774,532290.0
HP1504901_P3,endothelial,endothelial,0.99999917,endothelial,0.99999905,endothelial,1.0,endothelial,1.0,endothelial,1.0,0,0.9999996440000001,endothelial,False,—,correct (5/5),0.10135135135135138,False,3475,241731.0
HP1504901_A23,endothelial,endothelial,0.99999726,endothelial,0.99999976,endothelial,1.0,endothelial,1.0,endothelial,1.0,0,0.9999994040000001,endothelial,False,—,correct (5/5),0.10990990990990991,False,3419,360225.0
HP1504901_P18,endothelial,endothelial,0.9999951,endothelial,0.9999962,endothelial,1.0,endothelial,1.0,endothelial,1.0,0,0.9999982599999999,endothelial,False,—,correct (5/5),0.10135135135135138,False,3194,539695.0
HP1504901_G10,endothelial,endothelial,0.99999964,endothelial,0.99999845,endothelial,1.0,endothelial,1.0,endothelial,1.0,0,0.999999618,endothelial,False,—,correct (5/5),0.10135135135135138,False,3675,424202.0
HP1504901_F16,endothelial,endothelial,0.99999857,endothelial,0.9999994,endothelial,1.0,endothelial,1.0,endothelial,1.0,0,0.9999995939999999,endothelial,False,—,correct (5/5),0.10990990990990991,False,3552,523674.0
HP1504901_D4,endothelial,endothelial,0.9999993,endothelial,0.99999464,endothelial,1.0,endothelial,1.0,endothelial,1.0,0,0.9999987879999999,endothelial,False,—,correct (5/5),0.09379968203497614,False,3087,469560.0
HP1504901_E2,endothelial,endothelial,0.99999964,endothelial,0.9999994,endothelial,1.0,endothelial,1.0,endothelial,1.0,0,0.9999998080000001,endothelial,False,—,correct (5/5),0.10135135135135138,False,3152,454370.0
HP1507101_D10,endothelial,endothelial,1.0,endothelial,1.0,endothelial,1.0,endothelial,1.0,endothelial,1.0,0,1.0,endothelial,False,—,correct (5/5),0.0870870870870871,False,6572,123990.0
HP1507101_P20,endothelial,endothelial,1.0,endothelial,1.0,endothelial,1.0,endothelial,1.0,endothelial,1.0,0,1.0,endothelial,False,—,correct (5/5),0.08108108108108107,False,4106,14438.0
HP1508501T2D_K18,endothelial,endothelial,1.0,endothelial,1.0,endothelial,1.0,endothelial,1.0,endothelial,1.0,0,1.0,endothelial,False,—,correct (5/5),0.09379968203497614,False,6111,627161.0
HP1509101_I17,endothelial,endothelial,1.0,endothelial,1.0,endothelial,1.0,endothelial,1.0,endothelial,1.0,0,1.0,endothelial,False,—,correct (5/5),0.09379968203497614,False,7843,726464.0
HP1509101_H17,endothelial,endothelial,0.9999999,endothelial,1.0,endothelial,1.0,endothelial,1.0,endothelial,1.0,0,0.9999999800000001,endothelial,False,—,correct (5/5),0.10135135135135138,False,3095,10511.0
HP1509101_P14,endothelial,endothelial,1.0,endothelial,1.0,endothelial,1.0,endothelial,1.0,endothelial,1.0,0,1.0,endothelial,False,—,correct (5/5),0.09379968203497614,False,5483,54344.0
HP1509101_K5,endothelial,endothelial,0.9999999,endothelial,1.0,endothelial,1.0,endothelial,1.0,endothelial,1.0,0,0.9999999800000001,endothelial,False,—,correct (5/5),0.09379968203497614,False,2837,9247.0
HP1509101_L18,endothelial,endothelial,0.99999654,endothelial,0.9999906,endothelial,0.99999917,endothelial,0.9999907,endothelial,0.99999964,0,0.9999953300000002,endothelial,False,—,correct (5/5),0.2297297297297298,False,7723,147985.0
HP1509101_F23,endothelial,endothelial,1.0,endothelial,1.0,endothelial,1.0,endothelial,1.0,endothelial,1.0,0,1.0,endothelial,False,—,correct (5/5),0.08108108108108107,False,8608,1.165186e+06
HP1509101_G21,endothelial,endothelial,0.9999968,endothelial,0.9999999,endothelial,1.0,endothelial,1.0,endothelial,0.9999999,0,0.99999932,endothelial,False,—,correct (5/5),0.08108108108108107,False,4240,97466.0
HP1525301T2D_P15,endothelial,endothelial,1.0,endothelial,1.0,endothelial,1.0,endothelial,1.0,endothelial,1.0,0,1.0,endothelial,False,—,correct (5/5),0.0870870870870871,False,5675,130635.0
AZ_F5,activated_stellate,activated_stellate,0.9999995,activated_stellate,0.9999999,activated_stellate,0.9999976,activated_stellate,0.9999993,activated_stellate,0.99999845,0,0.9999989499999999,activated_stellate,False,—,correct (5/5),0.04633204633204634,False,4181,641479.0
HP1502401_H18,activated_stellate,activated_stellate,0.9967648,activated_stellate,0.99939406,activated_stellate,0.9999956,activated_stellate,0.9984397,activated_stellate,0.9934416,0,0.9976071519999999,activated_stellate,False,—,correct (5/5),0.0870870870870871,False,3646,814938.0
HP1504101T2D_P3,activated_stellate,activated_stellate,0.9999753,activated_stellate,0.99999785,activated_stellate,0.9999871,activated_stellate,0.99999905,activated_stellate,0.99998367,0,0.9999885940000001,activated_stellate,False,—,correct (5/5),0.05513513513513514,False,5201,916627.0
HP1504101T2D_F18,activated_stellate,activated_stellate,0.99999547,activated_stellate,0.9999999,activated_stellate,0.99999964,activated_stellate,0.9999995,activated_stellate,0.99999774,0,0.99999845,activated_stellate,False,—,correct (5/5),0.04904904904904905,False,5710,669925.0
HP1504901_I19,activated_stellate,activated_stellate,0.9999819,activated_stellate,0.99990964,activated_stellate,0.999887,activated_stellate,0.99486214,activated_stellate,0.9999933,0,0.9989267960000001,activated_stellate,False,—,correct (5/5),0.08108108108108107,False,3275,566642.0
HP1504901_B24,activated_stellate,activated_stellate,0.99999535,activated_stellate,0.99977607,activated_stellate,0.99993956,activated_stellate,0.9999634,activated_stellate,0.9999993,0,0.9999347359999999,activated_stellate,False,—,correct (5/5),0.10135135135135138,False,3514,411209.0
HP1504901_M19,activated_stellate,activated_stellate,0.9999974,activated_stellate,0.999795,activated_stellate,0.99999917,activated_stellate,0.9997609,activated_stellate,0.99999714,0,0.999909922,activated_stellate,False,—,correct (5/5),0.0870870870870871,False,3897,569146.0
HP1504901_E9,activated_stellate,activated_stellate,0.9991234,quiescent_stellate,0.84623104,activated_stellate,0.9987556,activated_stellate,0.91802305,activated_stellate,0.9883824,1,0.9501030979999999,activated_stellate,False,quiescent_stellate,unstable error (1–3/5),0.0870870870870871,False,3573,392466.0
HP1504901_J24,activated_stellate,activated_stellate,0.99999595,activated_stellate,0.99934524,activated_stellate,0.99996793,activated_stellate,0.9988238,activated_stellate,0.9999529,0,0.999617164,activated_stellate,False,—,correct (5/5),0.08108108108108107,False,3519,667645.0
HP1504901_J18,activated_stellate,activated_stellate,0.9999975,activated_stellate,0.9999819,activated_stellate,0.99999654,activated_stellate,0.99999464,activated_stellate,0.99999976,0,0.999994068,activated_stellate,False,—,correct (5/5),0.07567567567567568,False,3836,773943.0
HP1506401_B15,activated_stellate,activated_stellate,0.99999917,activated_stellate,0.99999917,activated_stellate,0.99999046,activated_stellate,0.9999988,activated_stellate,0.9999995,0,0.99999742,activated_stellate,False,—,correct (5/5),0.05513513513513514,False,7019,124053.0
HP1506401_B20,activated_stellate,activated_stellate,0.99999595,activated_stellate,0.99999857,activated_stellate,0.9999964,activated_stellate,0.99999857,activated_stellate,0.99999964,0,0.9999978259999999,activated_stellate,False,—,correct (5/5),0.04633204633204634,False,4805,23906.0
HP1507101_G2,activated_stellate,activated_stellate,0.9999995,activated_stellate,1.0,activated_stellate,1.0,activated_stellate,1.0,activated_stellate,1.0,0,0.9999998999999999,activated_stellate,False,—,correct (5/5),0.051975051975051964,False,6852,381627.0
HP1507101_M10,activated_stellate,activated_stellate,0.99999404,activated_stellate,1.0,activated_stellate,0.9999995,activated_stellate,1.0,activated_stellate,1.0,0,0.999998708,activated_stellate,False,—,correct (5/5),0.051975051975051964,False,7245,309465.0
HP1507101_J12,activated_stellate,activated_stellate,0.99999833,activated_stellate,1.0,activated_stellate,0.9999944,activated_stellate,0.9999994,activated_stellate,0.99999607,0,0.9999976399999999,activated_stellate,False,—,correct (5/5),0.04904904904904905,False,7215,166406.0
HP1507101_D9,activated_stellate,activated_stellate,0.9999995,activated_stellate,1.0,activated_stellate,1.0,activated_stellate,1.0,activated_stellate,1.0,0,0.9999998999999999,activated_stellate,False,—,correct (5/5),0.051975051975051964,False,6953,143361.0
HP1507101_C11,activated_stellate,activated_stellate,0.99999666,activated_stellate,0.9999895,activated_stellate,0.99999547,activated_stellate,0.9999958,activated_stellate,0.9999956,0,0.9999946059999999,activated_stellate,False,—,correct (5/5),0.05513513513513514,False,3388,10520.0
HP1507101_K13,activated_stellate,activated_stellate,0.99999976,activated_stellate,1.0,activated_stellate,1.0,activated_stellate,1.0,activated_stellate,1.0,0,0.9999999519999999,activated_stellate,False,—,correct (5/5),0.051975051975051964,False,5803,44642.0
HP1507101_E18,activated_stellate,activated_stellate,0.99999917,activated_stellate,0.99998426,activated_stellate,0.99999833,activated_stellate,0.9999875,activated_stellate,0.9999968,0,0.999993212,activated_stellate,False,—,correct (5/5),0.06227967097532316,False,6809,134013.0
HP1507101_K20,activated_stellate,activated_stellate,0.9999987,activated_stellate,1.0,activated_stellate,1.0,activated_stellate,1.0,activated_stellate,0.9999999,0,0.9999997199999999,activated_stellate,False,—,correct (5/5),0.05513513513513514,False,7212,241770.0
HP1507101_L1,activated_stellate,activated_stellate,0.9999999,activated_stellate,1.0,activated_stellate,1.0,activated_stellate,1.0,activated_stellate,1.0,0,0.9999999800000001,activated_stellate,False,—,correct (5/5),0.05855855855855858,False,7737,287293.0
HP1507101_E23,activated_stellate,activated_stellate,0.99999964,activated_stellate,1.0,activated_stellate,0.9999999,activated_stellate,1.0,activated_stellate,0.9999999,0,0.999999888,activated_stellate,False,—,correct (5/5),0.04633204633204634,False,4662,22872.0
HP1508501T2D_A8,activated_stellate,activated_stellate,1.0,activated_stellate,0.9999999,activated_stellate,1.0,activated_stellate,1.0,activated_stellate,1.0,0,0.9999999800000001,activated_stellate,False,—,correct (5/5),0.05855855855855858,False,7769,1.749894e+06
HP1508501T2D_H5,activated_stellate,activated_stellate,0.9999664,activated_stellate,1.0,activated_stellate,0.99999976,activated_stellate,1.0,activated_stellate,1.0,0,0.9999932319999999,activated_stellate,False,—,correct (5/5),0.04144144144144144,False,6646,409236.0
HP1508501T2D_I3,activated_stellate,activated_stellate,0.99999976,activated_stellate,1.0,activated_stellate,1.0,activated_stellate,1.0,activated_stellate,1.0,0,0.9999999519999999,activated_stellate,False,—,correct (5/5),0.04904904904904905,False,8816,1.139953e+06
HP1508501T2D_L10,activated_stellate,activated_stellate,0.9999999,activated_stellate,1.0,activated_stellate,1.0,activated_stellate,1.0,activated_stellate,1.0,0,0.9999999800000001,activated_stellate,False,—,correct (5/5),0.04144144144144144,False,7198,492422.0
HP1508501T2D_L15,activated_stellate,activated_stellate,0.99595,activated_stellate,0.9999999,activated_stellate,0.9995222,activated_stellate,0.99999976,activated_stellate,1.0,0,0.9990943720000001,activated_stellate,False,—,correct (5/5),0.05513513513513514,False,8132,454546.0
HP1508501T2D_C12,activated_stellate,activated_stellate,0.9999485,activated_stellate,1.0,activated_stellate,0.9999999,activated_stellate,1.0,activated_stellate,1.0,0,0.99998968,activated_stellate,False,—,correct (5/5),0.10135135135135138,False,6383,252794.0
HP1508501T2D_I19,activated_stellate,activated_stellate,0.9999989,activated_stellate,1.0,activated_stellate,1.0,activated_stellate,1.0,activated_stellate,1.0,0,0.9999997799999999,activated_stellate,False,—,correct (5/5),0.04904904904904905,False,7080,987264.0
HP1508501T2D_E20,activated_stellate,activated_stellate,0.9999982,activated_stellate,1.0,activated_stellate,1.0,activated_stellate,1.0,activated_stellate,1.0,0,0.9999996400000001,activated_stellate,False,—,correct (5/5),0.051975051975051964,False,6935,274407.0
HP1508501T2D_J2,activated_stellate,activated_stellate,0.9986511,activated_stellate,0.99999225,activated_stellate,0.9995203,activated_stellate,0.9999968,activated_stellate,0.9999995,0,0.9996319899999999,activated_stellate,False,—,correct (5/5),0.05513513513513514,False,6965,159663.0
HP1508501T2D_M10,activated_stellate,activated_stellate,0.99999976,activated_stellate,0.9999999,activated_stellate,1.0,activated_stellate,1.0,activated_stellate,1.0,0,0.999999932,activated_stellate,False,—,correct (5/5),0.04904904904904905,False,6116,172463.0
HP1508501T2D_M21,activated_stellate,activated_stellate,0.99999976,activated_stellate,1.0,activated_stellate,1.0,activated_stellate,1.0,activated_stellate,1.0,0,0.9999999519999999,activated_stellate,False,—,correct (5/5),0.04380242311276794,False,3011,7748.0
HP1509101_D10,activated_stellate,activated_stellate,0.9999943,activated_stellate,0.9999684,activated_stellate,0.99999964,activated_stellate,0.99999595,activated_stellate,0.99999857,0,0.9999913719999999,activated_stellate,False,—,correct (5/5),0.04904904904904905,False,6055,221436.0
HP1509101_B12,activated_stellate,activated_stellate,1.0,activated_stellate,0.99999976,activated_stellate,0.99999976,activated_stellate,0.9999999,activated_stellate,0.9999999,0,0.9999998640000001,activated_stellate,False,—,correct (5/5),0.04380242311276794,False,6116,112745.0
HP1509101_P23,activated_stellate,activated_stellate,0.9999968,activated_stellate,0.99982184,activated_stellate,0.999703,activated_stellate,0.99999213,activated_stellate,0.99998784,0,0.999900322,activated_stellate,False,—,correct (5/5),0.06633906633906633,False,6994,70172.0
HP1509101_J14,activated_stellate,activated_stellate,0.9999999,activated_stellate,1.0,activated_stellate,1.0,activated_stellate,0.9999999,activated_stellate,1.0,0,0.99999996,activated_stellate,False,—,correct (5/5),0.05513513513513514,False,2884,9187.0
HP1509101_B17,activated_stellate,activated_stellate,0.9999999,activated_stellate,1.0,activated_stellate,1.0,activated_stellate,0.9999999,activated_stellate,0.9999999,0,0.99999994,activated_stellate,False,—,correct (5/5),0.05855855855855858,False,7725,798596.0
HP1525301T2D_P16,activated_stellate,activated_stellate,1.0,activated_stellate,1.0,activated_stellate,1.0,activated_stellate,1.0,activated_stellate,1.0,0,1.0,activated_stellate,False,—,correct (5/5),0.06227967097532316,False,7560,174838.0
HP1525301T2D_F24,activated_stellate,activated_stellate,1.0,activated_stellate,1.0,activated_stellate,1.0,activated_stellate,1.0,activated_stellate,1.0,0,1.0,activated_stellate,False,—,correct (5/5),0.05513513513513514,False,7656,215075.0
HP1525301T2D_O9,activated_stellate,activated_stellate,0.99999785,activated_stellate,1.0,activated_stellate,0.9999995,activated_stellate,0.9999989,activated_stellate,0.99999976,0,0.999999202,activated_stellate,False,—,correct (5/5),0.05855855855855858,False,6559,201039.0
HP1525301T2D_E12,activated_stellate,activated_stellate,0.99999976,activated_stellate,1.0,activated_stellate,1.0,activated_stellate,0.99999976,activated_stellate,0.99999964,0,0.999999832,activated_stellate,False,—,correct (5/5),0.06227967097532316,False,7313,194506.0
HP1525301T2D_F7,activated_stellate,activated_stellate,1.0,activated_stellate,0.9999999,activated_stellate,1.0,activated_stellate,0.9999995,activated_stellate,1.0,0,0.9999998800000001,activated_stellate,False,—,correct (5/5),0.05855855855855858,False,7430,189735.0
HP1525301T2D_B6,activated_stellate,activated_stellate,0.9999999,activated_stellate,1.0,activated_stellate,0.9999999,activated_stellate,0.9999995,activated_stellate,0.9999999,0,0.9999998400000001,activated_stellate,False,—,correct (5/5),0.06633906633906633,False,6782,172630.0
HP1525301T2D_E5,activated_stellate,activated_stellate,1.0,activated_stellate,1.0,activated_stellate,1.0,activated_stellate,0.99999976,activated_stellate,1.0,0,0.9999999519999999,activated_stellate,False,—,correct (5/5),0.051975051975051964,False,6729,178017.0
HP1525301T2D_L8,activated_stellate,activated_stellate,0.9999999,activated_stellate,0.9999995,activated_stellate,0.9999999,activated_stellate,0.9999993,activated_stellate,0.9999999,0,0.9999997,activated_stellate,False,—,correct (5/5),0.07078507078507078,False,6871,195818.0
HP1525301T2D_E24,activated_stellate,activated_stellate,0.9999999,activated_stellate,1.0,activated_stellate,1.0,activated_stellate,0.99999964,activated_stellate,0.9999999,0,0.999999888,activated_stellate,False,—,correct (5/5),0.06227967097532316,False,7710,219770.0
HP1525301T2D_K10,activated_stellate,activated_stellate,0.99999976,activated_stellate,1.0,activated_stellate,0.9999988,activated_stellate,0.9999995,activated_stellate,0.9999999,0,0.999999592,activated_stellate,False,—,correct (5/5),0.08108108108108107,False,8317,288262.0
HP1525301T2D_M2,activated_stellate,activated_stellate,0.9999999,activated_stellate,1.0,activated_stellate,1.0,activated_stellate,0.99999976,activated_stellate,1.0,0,0.999999932,activated_stellate,False,—,correct (5/5),0.04380242311276794,False,7105,273665.0
HP1525301T2D_J17,activated_stellate,activated_stellate,1.0,activated_stellate,1.0,activated_stellate,1.0,activated_stellate,0.9999994,activated_stellate,0.9999999,0,0.99999986,activated_stellate,False,—,correct (5/5),0.04904904904904905,False,7365,181883.0
HP1525301T2D_D21,activated_stellate,activated_stellate,0.89706624,activated_stellate,0.9875344,quiescent_stellate,0.9851445,activated_stellate,0.9338114,quiescent_stellate,0.96118414,2,0.9529481360000001,quiescent_stellate,True,quiescent_stellate,unstable error (1–3/5),0.31531531531531504,False,7294,198956.0
HP1526901T2D_P13,activated_stellate,activated_stellate,1.0,activated_stellate,1.0,activated_stellate,0.9999999,activated_stellate,0.99999905,activated_stellate,0.9999999,0,0.99999977,activated_stellate,False,—,correct (5/5),0.06227967097532316,False,7120,245469.0
HP1526901T2D_E15,activated_stellate,activated_stellate,1.0,activated_stellate,1.0,activated_stellate,1.0,activated_stellate,0.9999999,activated_stellate,1.0,0,0.9999999800000001,activated_stellate,False,—,correct (5/5),0.051975051975051964,False,8229,552436.0
HP1526901T2D_O2,activated_stellate,activated_stellate,0.9999999,activated_stellate,1.0,activated_stellate,1.0,activated_stellate,0.9999989,activated_stellate,1.0,0,0.99999976,activated_stellate,False,—,correct (5/5),0.04144144144144144,False,7588,281399.0
HP1526901T2D_I9,activated_stellate,activated_stellate,1.0,activated_stellate,1.0,activated_stellate,1.0,activated_stellate,0.99999976,activated_stellate,1.0,0,0.9999999519999999,activated_stellate,False,—,correct (5/5),0.04904904904904905,False,7327,438037.0
HP1504101T2D_H7,schwann,schwann,1.0,schwann,1.0,schwann,0.99999976,schwann,1.0,schwann,1.0,0,0.9999999519999999,schwann,False,—,correct (5/5),0.0870870870870871,False,4764,881414.0
HP1504901_C2,schwann,schwann,1.0,schwann,1.0,schwann,1.0,schwann,1.0,schwann,1.0,0,1.0,schwann,False,—,correct (5/5),0.051975051975051964,False,3497,377303.0
HP1502401_J7,mast,mast,0.99998176,mast,1.0,mast,0.99999714,mast,1.0,mast,0.9999995,0,0.9999956799999999,mast,False,—,correct (5/5),0.04633204633204634,False,2614,298145.0
HP1507101_M16,mast,mast,0.9999999,mast,1.0,mast,0.99999976,mast,1.0,mast,1.0,0,0.999999932,mast,False,—,correct (5/5),0.031660231660231665,False,2732,16926.0
HP1508501T2D_M1,mast,mast,1.0,mast,1.0,mast,0.9999989,mast,1.0,mast,1.0,0,0.9999997799999999,mast,False,—,correct (5/5),0.02848794740686632,False,3028,80608.0
HP1508501T2D_H12,mast,mast,0.99999964,mast,1.0,mast,0.99999905,mast,1.0,mast,1.0,0,0.999999738,mast,False,—,correct (5/5),0.06227967097532316,False,3524,635365.0
HP1526901T2D_O12,mast,mast,1.0,mast,1.0,mast,0.9999993,mast,1.0,mast,1.0,0,0.99999986,mast,False,—,correct (5/5),0.03923278116826505,False,4073,260067.0
HP1526901T2D_P8,mast,mast,1.0,mast,1.0,mast,0.99999905,mast,0.9999999,mast,1.0,0,0.99999979,mast,False,—,correct (5/5),0.031660231660231665,False,3073,105448.0
HP1526901T2D_E17,mast,t_cell,0.9999974,t_cell,0.7895385,t_cell,0.99999464,t_cell,0.9864891,t_cell,0.9999286,5,0.955189648,mast,False,t_cell,stable error (≥4/5),0.030030030030030033,False,2464,111680.0
AZ_E3,macrophage,macrophage,1.0,macrophage,0.9999919,macrophage,0.9999199,macrophage,0.99989843,macrophage,0.9999999,0,0.9999620260000001,macrophage,False,—,correct (5/5),0.04380242311276794,False,2933,725206.0
HP1507101_L8,macrophage,macrophage,0.9999994,macrophage,1.0,macrophage,0.9999987,macrophage,1.0,macrophage,1.0,0,0.99999962,macrophage,False,—,correct (5/5),0.04904904904904905,False,6583,208491.0
HP1507101_N1,macrophage,macrophage,0.9997012,macrophage,1.0,macrophage,0.99996793,macrophage,0.9999945,macrophage,0.9999993,0,0.9999325860000001,macrophage,False,—,correct (5/5),0.04144144144144144,False,8555,409352.0
HP1508501T2D_F14,macrophage,macrophage,0.9996853,macrophage,0.99508494,macrophage,0.99985576,macrophage,0.99982184,macrophage,0.99999213,0,0.9988879940000001,macrophage,False,—,correct (5/5),0.033386327503974564,False,4773,519690.0
HP1508501T2D_C9,macrophage,macrophage,1.0,macrophage,0.99999976,macrophage,0.9999567,macrophage,1.0,macrophage,0.99999714,0,0.9999907199999999,macrophage,False,—,correct (5/5),0.07567567567567568,False,7739,350470.0
HP1525301T2D_I11,macrophage,macrophage,1.0,macrophage,1.0,macrophage,1.0,macrophage,1.0,macrophage,1.0,0,1.0,macrophage,False,—,correct (5/5),0.06227967097532316,False,5573,216727.0
HP1526901T2D_G11,macrophage,macrophage,0.9999999,macrophage,1.0,macrophage,0.99999833,macrophage,0.99999964,macrophage,0.9999989,0,0.9999993540000001,macrophage,False,—,correct (5/5),0.03716216216216217,False,6477,327762.0
HP1502401_E14,epsilon,epsilon,1.0,epsilon,0.99990165,epsilon,1.0,epsilon,1.0,epsilon,0.9999994,0,0.99998021,epsilon,False,—,correct (5/5),0.05855855855855858,False,4204,482613.0
HP1504101T2D_M8,epsilon,epsilon,0.9999999,epsilon,0.9998628,epsilon,0.99998677,epsilon,0.99999845,epsilon,0.9990054,0,0.999770664,epsilon,False,—,correct (5/5),0.07567567567567568,False,4610,525997.0
HP1504101T2D_C16,epsilon,delta,0.9173534,delta,0.65901816,epsilon,0.9903212,beta,0.43485218,epsilon,0.98691815,3,0.797692618,epsilon,False,delta,unstable error (1–3/5),0.09379968203497614,False,7525,640651.0
HP1504901_F14,epsilon,epsilon,1.0,epsilon,0.99999976,epsilon,1.0,epsilon,1.0,epsilon,0.99999964,0,0.9999998800000001,epsilon,False,—,correct (5/5),0.04633204633204634,False,3614,442765.0
HP1504901_D18,epsilon,epsilon,1.0,epsilon,0.9999596,epsilon,0.99999905,epsilon,1.0,epsilon,0.99970216,0,0.999932162,epsilon,False,—,correct (5/5),0.051975051975051964,False,3896,437052.0
HP1504901_C13,epsilon,epsilon,1.0,epsilon,0.99999905,epsilon,1.0,epsilon,1.0,epsilon,1.0,0,0.9999998099999999,epsilon,False,—,correct (5/5),0.06227967097532316,False,3387,278706.0
HP1506401_J16,epsilon,epsilon,0.99997723,epsilon,0.9998901,epsilon,0.9990478,epsilon,0.9999987,epsilon,0.99999976,0,0.999782718,epsilon,False,—,correct (5/5),0.06633906633906633,False,7325,146523.0
HP1526901T2D_M13,epsilon,epsilon,0.9999999,epsilon,0.99999166,epsilon,0.9997857,epsilon,1.0,epsilon,0.999721,0,0.9998996520000001,epsilon,False,—,correct (5/5),0.06227967097532316,False,7013,393725.0
HP1504101T2D_P14,quiescent_stellate,activated_stellate,0.9996823,activated_stellate,0.8441657,activated_stellate,0.9999995,activated_stellate,0.99983287,activated_stellate,0.9999558,5,0.9687272339999999,activated_stellate,True,activated_stellate,stable error (≥4/5),0.4864864864864872,True,8021,927473.0
HP1504901_A22,quiescent_stellate,quiescent_stellate,0.9999801,quiescent_stellate,0.99999976,quiescent_stellate,0.99998987,quiescent_stellate,0.999592,quiescent_stellate,0.9999999,0,0.9999123259999999,quiescent_stellate,False,—,correct (5/5),0.10135135135135138,False,2937,333496.0
HP1504901_M11,quiescent_stellate,quiescent_stellate,0.99999213,quiescent_stellate,0.9999999,quiescent_stellate,0.9997143,quiescent_stellate,0.9999448,quiescent_stellate,1.0,0,0.999930226,quiescent_stellate,False,—,correct (5/5),0.10990990990990991,False,2944,263959.0
HP1504901_N21,quiescent_stellate,quiescent_stellate,0.9999975,quiescent_stellate,1.0,quiescent_stellate,0.9999994,quiescent_stellate,0.9999827,quiescent_stellate,1.0,0,0.9999959199999999,quiescent_stellate,False,—,correct (5/5),0.10990990990990991,False,3280,171688.0
HP1507101_P15,quiescent_stellate,quiescent_stellate,0.99999976,quiescent_stellate,1.0,quiescent_stellate,1.0,quiescent_stellate,1.0,quiescent_stellate,0.9999999,0,0.999999932,quiescent_stellate,False,—,correct (5/5),0.10135135135135138,False,5930,153204.0
HP1508501T2D_M16,quiescent_stellate,quiescent_stellate,0.99999976,quiescent_stellate,0.99999976,quiescent_stellate,0.99999976,quiescent_stellate,0.9999995,quiescent_stellate,0.9999993,0,0.999999616,quiescent_stellate,False,—,correct (5/5),0.14414414414414414,False,5013,94400.0
