,celltype,pred_seed0,conf_seed0,pred_seed1,conf_seed1,pred_seed2,conf_seed2,pred_seed3,conf_seed3,pred_seed4,conf_seed4
AZ_A2,gamma,gamma,0.9999994,gamma,0.9999949,gamma,0.9999459,gamma,0.99999654,gamma,0.99999976
AZ_H5,gamma,gamma,0.9997956,gamma,0.9999702,gamma,0.99997175,gamma,0.99999905,gamma,0.9998914
AZ_G5,gamma,gamma,0.99999726,gamma,0.99999964,gamma,0.99999976,gamma,0.9999739,gamma,0.99999905
AZ_D8,gamma,gamma,0.99999297,gamma,0.99999964,gamma,0.9999999,gamma,0.9999999,gamma,1.0
AZ_D12,gamma,gamma,0.99999964,gamma,0.9999999,gamma,1.0,gamma,0.9999999,gamma,0.9999999
HP1502401_H13,gamma,gamma,0.99999905,gamma,0.99999976,gamma,1.0,gamma,1.0,gamma,0.99999976
HP1502401_L14,gamma,gamma,0.9999999,gamma,1.0,gamma,1.0,gamma,1.0,gamma,1.0
HP1502401_K14,gamma,gamma,1.0,gamma,0.9999999,gamma,1.0,gamma,1.0,gamma,1.0
HP1502401_F17,gamma,gamma,0.999944,gamma,0.9931379,gamma,1.0,gamma,0.9999789,gamma,0.99997985
HP1502401_E5,gamma,gamma,0.9999995,gamma,0.9999999,gamma,1.0,gamma,1.0,gamma,0.9999999
HP1502401_E7,gamma,gamma,1.0,gamma,0.9999994,gamma,1.0,gamma,1.0,gamma,1.0
HP1502401_B18,gamma,gamma,0.99999905,gamma,0.99999404,gamma,1.0,gamma,0.99999845,gamma,0.9999995
HP1502401_K24,gamma,gamma,0.9999932,gamma,0.9999919,gamma,0.9999999,gamma,0.9999999,gamma,0.9999999
HP1502401_K23,gamma,gamma,1.0,gamma,0.99999964,gamma,1.0,gamma,0.9999999,gamma,0.9999999
HP1502401_F18,gamma,gamma,0.99999785,gamma,0.99999905,gamma,0.9999999,gamma,0.99999917,gamma,0.9999995
HP1502401_G11,gamma,gamma,0.99999976,gamma,0.99999976,gamma,1.0,gamma,1.0,gamma,0.9999993
HP1502401_G12,gamma,gamma,0.99999964,gamma,0.99999976,gamma,1.0,gamma,1.0,gamma,1.0
HP1502401_N23,gamma,gamma,0.99999976,gamma,0.9999964,gamma,1.0,gamma,0.9999999,gamma,1.0
HP1502401_B15,gamma,gamma,0.9999999,gamma,0.9999999,gamma,1.0,gamma,1.0,gamma,1.0
HP1502401_N11,gamma,gamma,0.99999905,gamma,0.99999475,gamma,0.9999999,gamma,1.0,gamma,0.9999988
HP1502401_N9,gamma,gamma,0.9999931,gamma,0.99999964,gamma,1.0,gamma,0.9999994,gamma,0.9999999
HP1502401_F15,gamma,gamma,0.9999969,gamma,0.99999666,gamma,1.0,gamma,1.0,gamma,0.99997056
HP1502401_B11,gamma,gamma,0.9999994,gamma,0.99999964,gamma,1.0,gamma,0.9999999,gamma,0.99999976
HP1502401_I8,gamma,gamma,0.99999833,gamma,0.9999918,gamma,0.99999845,gamma,0.9999994,gamma,0.9999989
HP1504101T2D_B4,gamma,gamma,0.999997,gamma,0.9999994,gamma,1.0,gamma,0.99999976,gamma,0.9999994
HP1504101T2D_B10,gamma,gamma,0.9999962,gamma,0.9999995,gamma,0.99999976,gamma,0.9999995,gamma,0.99999964
HP1504101T2D_G16,gamma,gamma,0.9999994,gamma,1.0,gamma,1.0,gamma,1.0,gamma,0.99999976
HP1504101T2D_A15,gamma,gamma,0.9999999,gamma,1.0,gamma,1.0,gamma,1.0,gamma,1.0
HP1504101T2D_K2,gamma,gamma,0.99999964,gamma,0.9999999,gamma,1.0,gamma,0.9999999,gamma,0.99999905
HP1504101T2D_B22,gamma,gamma,0.9999989,gamma,0.99999976,gamma,1.0,gamma,0.9999994,gamma,0.99999976
HP1504101T2D_G4,gamma,gamma,0.9999118,gamma,0.99999917,gamma,0.99999976,gamma,0.99987113,gamma,0.99999976
HP1504101T2D_L13,gamma,gamma,0.9999989,gamma,0.9999993,gamma,1.0,gamma,0.9999987,gamma,0.9999939
HP1504101T2D_B24,gamma,gamma,1.0,gamma,1.0,gamma,1.0,gamma,1.0,gamma,0.99999976
HP1504101T2D_H14,gamma,gamma,0.9999999,gamma,0.9999999,gamma,1.0,gamma,0.9999999,gamma,1.0
HP1504101T2D_A20,gamma,gamma,0.9999912,gamma,0.99999523,gamma,1.0,gamma,0.99999964,gamma,0.9999999
HP1504101T2D_I7,gamma,gamma,0.9999999,gamma,0.9999999,gamma,1.0,gamma,0.99999964,gamma,0.9999995
HP1504101T2D_E11,gamma,gamma,0.99999976,gamma,1.0,gamma,1.0,gamma,1.0,gamma,1.0
HP1504101T2D_E18,gamma,gamma,0.99999976,gamma,1.0,gamma,1.0,gamma,0.9999999,gamma,0.99999964
HP1504101T2D_L15,gamma,gamma,0.9999976,gamma,0.9999987,gamma,0.99999976,gamma,0.99999917,gamma,0.9999999
HP1504101T2D_D17,gamma,gamma,0.9999926,gamma,0.99999714,gamma,0.9999999,gamma,0.9999814,gamma,0.9999951
HP1504101T2D_A4,gamma,gamma,0.99999845,gamma,0.9999949,gamma,0.99999976,gamma,0.99999654,gamma,0.99999774
HP1504101T2D_P9,gamma,gamma,0.9999999,gamma,0.99999917,gamma,0.99999976,gamma,0.9999999,gamma,0.99999976
HP1504101T2D_F11,gamma,gamma,0.99999976,gamma,0.9999957,gamma,1.0,gamma,0.9999988,gamma,0.99999905
HP1504101T2D_O4,gamma,gamma,0.9999788,gamma,0.99996006,gamma,0.9999999,gamma,0.99997663,gamma,0.99999976
HP1504101T2D_E4,gamma,gamma,0.99999976,gamma,0.9999825,gamma,0.9999999,gamma,0.99999785,gamma,0.9999732
HP1504101T2D_I16,gamma,gamma,0.99999964,gamma,0.99999976,gamma,1.0,gamma,0.9999995,gamma,1.0
HP1504101T2D_D1,gamma,gamma,0.50755817,alpha,0.6373533,gamma,0.9942731,gamma,0.7080118,alpha,0.8771797
HP1504101T2D_D18,gamma,gamma,0.99992716,gamma,0.99999917,gamma,0.9999993,gamma,0.9999987,gamma,0.99999917
HP1504101T2D_F2,gamma,gamma,0.99999225,gamma,0.99996555,gamma,0.99999714,gamma,0.9999672,gamma,0.999938
HP1504101T2D_I15,gamma,gamma,0.9999982,gamma,0.9999993,gamma,0.99999976,gamma,0.99998033,gamma,0.99999976
HP1504101T2D_I10,gamma,gamma,0.9999324,gamma,0.9999963,gamma,0.9999999,gamma,0.9999862,gamma,0.99999964
HP1504101T2D_E14,gamma,gamma,0.9999931,gamma,0.9999982,gamma,1.0,gamma,0.9999994,gamma,0.9999988
HP1504101T2D_P24,gamma,gamma,1.0,gamma,0.9999999,gamma,1.0,gamma,0.99999976,gamma,0.99999976
HP1504101T2D_E9,gamma,gamma,1.0,gamma,0.99999964,gamma,1.0,gamma,1.0,gamma,0.9999995
HP1504101T2D_B17,gamma,gamma,0.9999989,gamma,0.9999976,gamma,1.0,gamma,1.0,gamma,0.9999901
HP1504101T2D_N20,gamma,gamma,0.99999964,gamma,0.9999999,gamma,1.0,gamma,1.0,gamma,0.9999999
HP1504101T2D_C12,gamma,gamma,0.9999974,gamma,0.99999905,gamma,0.99999976,gamma,0.9999993,gamma,0.9999995
HP1504101T2D_I19,gamma,gamma,0.9999819,gamma,0.9999993,gamma,1.0,gamma,0.9999994,gamma,0.99999726
HP1504101T2D_M1,gamma,gamma,0.9999999,gamma,0.9999999,gamma,0.9999999,gamma,1.0,gamma,0.9999987
HP1504101T2D_A13,gamma,gamma,0.9999964,gamma,0.99999845,gamma,0.9999999,gamma,0.99999785,gamma,0.9999999
HP1504101T2D_D21,gamma,gamma,0.99999714,gamma,0.9999999,gamma,1.0,gamma,0.9999999,gamma,0.9999999
HP1504101T2D_B18,gamma,gamma,0.99999905,gamma,0.9999993,gamma,1.0,gamma,0.9999902,gamma,0.9999999
HP1504101T2D_A17,gamma,gamma,0.99999106,gamma,0.9999963,gamma,0.9999995,gamma,0.9999974,gamma,0.9999989
HP1504101T2D_E7,gamma,gamma,0.9999999,gamma,0.9999999,gamma,1.0,gamma,1.0,gamma,0.99999845
HP1504101T2D_G3,gamma,gamma,0.99999857,gamma,0.99999976,gamma,1.0,gamma,0.99999774,gamma,0.99999785
HP1504101T2D_C21,gamma,gamma,0.9999995,gamma,0.9999994,gamma,1.0,gamma,1.0,gamma,0.9999982
HP1504101T2D_K8,gamma,gamma,0.9999994,gamma,0.99999964,gamma,1.0,gamma,1.0,gamma,0.9999999
HP1504101T2D_D24,gamma,gamma,0.9999988,gamma,0.9999999,gamma,0.9999999,gamma,0.99999976,gamma,1.0
HP1504101T2D_F14,gamma,gamma,0.9999993,gamma,0.99999964,gamma,1.0,gamma,0.9999999,gamma,0.9999981
HP1504101T2D_B5,gamma,gamma,0.9999933,gamma,0.99999976,gamma,1.0,gamma,0.9999995,gamma,0.9999987
HP1504101T2D_L24,gamma,gamma,1.0,gamma,0.9999999,gamma,1.0,gamma,0.99999964,gamma,1.0
HP1504101T2D_B12,gamma,gamma,0.9999293,gamma,0.9998511,gamma,0.99999845,gamma,0.9999614,gamma,0.9999801
HP1504101T2D_E8,gamma,gamma,0.9997595,gamma,0.9999969,gamma,0.9999993,gamma,0.999881,gamma,0.999998
HP1504101T2D_L1,gamma,gamma,0.99999964,gamma,0.9999937,gamma,1.0,gamma,0.99999964,gamma,0.99999964
HP1504101T2D_J3,gamma,gamma,0.9999995,gamma,0.9999982,gamma,1.0,gamma,1.0,gamma,0.99999976
HP1504101T2D_G21,gamma,gamma,1.0,gamma,0.9999989,gamma,1.0,gamma,0.9999999,gamma,0.99999344
HP1504101T2D_D15,gamma,gamma,0.99999917,gamma,1.0,gamma,1.0,gamma,0.9999995,gamma,1.0
HP1504101T2D_D23,gamma,gamma,0.99999917,gamma,0.9999999,gamma,1.0,gamma,1.0,gamma,0.99998045
HP1504101T2D_H1,gamma,gamma,0.99999905,gamma,1.0,gamma,1.0,gamma,0.9999995,gamma,0.9999994
HP1504101T2D_D12,gamma,gamma,0.93764234,gamma,0.97087985,gamma,0.9435101,gamma,0.8985632,gamma,0.9901245
HP1504101T2D_F13,gamma,gamma,0.99999964,gamma,0.99999845,gamma,1.0,gamma,1.0,gamma,1.0
HP1504101T2D_J9,gamma,gamma,0.9999957,gamma,0.9999993,gamma,1.0,gamma,0.99999905,gamma,0.9999994
HP1504101T2D_H24,gamma,gamma,0.99999964,gamma,0.9999994,gamma,1.0,gamma,0.99999976,gamma,1.0
HP1504101T2D_E20,gamma,gamma,0.9999999,gamma,0.9999999,gamma,1.0,gamma,1.0,gamma,0.99999976
HP1504101T2D_P12,gamma,gamma,0.9999989,gamma,0.9999999,gamma,0.9999995,gamma,0.9999994,gamma,0.99999976
HP1504101T2D_J22,gamma,gamma,0.99999905,gamma,0.9999994,gamma,1.0,gamma,0.9999993,gamma,0.9999999
HP1504101T2D_O11,gamma,gamma,0.99999976,gamma,0.9999999,gamma,1.0,gamma,1.0,gamma,0.9999999
HP1504101T2D_J5,gamma,gamma,0.99994576,gamma,0.9999219,gamma,0.99997735,gamma,0.9994649,gamma,0.9998872
HP1504101T2D_G8,gamma,gamma,0.99999964,gamma,1.0,gamma,1.0,gamma,1.0,gamma,1.0
HP1504101T2D_D11,gamma,gamma,0.99986887,gamma,0.99998045,gamma,0.99999857,gamma,0.99999344,gamma,0.9999527
HP1504101T2D_O23,gamma,gamma,0.99999976,gamma,0.9999999,gamma,1.0,gamma,1.0,gamma,0.9999994
HP1504101T2D_F20,gamma,gamma,0.99999976,gamma,1.0,gamma,1.0,gamma,1.0,gamma,1.0
HP1504101T2D_M3,gamma,gamma,0.99999976,gamma,1.0,gamma,1.0,gamma,0.99999905,gamma,0.9999999
HP1504101T2D_N16,gamma,gamma,0.9999987,gamma,0.99999976,gamma,1.0,gamma,0.9999999,gamma,1.0
HP1504101T2D_A18,gamma,gamma,0.9999999,gamma,1.0,gamma,1.0,gamma,1.0,gamma,1.0
HP1504101T2D_F16,gamma,gamma,0.9999995,gamma,0.9999999,gamma,1.0,gamma,1.0,gamma,0.99999976
HP1504901_L12,gamma,gamma,0.9999999,gamma,0.99999917,gamma,1.0,gamma,1.0,gamma,0.99999976
HP1504901_N9,gamma,gamma,0.9999976,gamma,0.9999603,gamma,0.99999595,gamma,0.9999995,gamma,0.99999845
HP1504901_F15,gamma,gamma,0.9999957,gamma,0.999848,gamma,0.99999976,gamma,0.99999774,gamma,0.99999833
HP1504901_G20,gamma,gamma,0.99999714,gamma,0.99999905,gamma,1.0,gamma,0.9999999,gamma,0.9999999
HP1504901_H19,gamma,gamma,0.9999944,gamma,0.99999785,gamma,0.9999999,gamma,0.9999999,gamma,0.99999964
HP1504901_B8,gamma,gamma,0.99999607,gamma,0.99991965,gamma,0.9999999,gamma,0.99977154,gamma,0.9999951
HP1504901_O1,gamma,gamma,0.99201185,gamma,0.99227166,gamma,0.99711525,gamma,0.9968919,gamma,0.9997558
HP1504901_F18,gamma,gamma,0.9999989,gamma,0.9999982,gamma,0.9999999,gamma,0.9999994,gamma,0.99999917
HP1504901_H14,gamma,gamma,0.9999999,gamma,0.99999917,gamma,1.0,gamma,1.0,gamma,0.9999999
HP1504901_F1,gamma,gamma,0.9999795,gamma,0.9991184,gamma,1.0,gamma,0.99999917,gamma,0.99999547
HP1504901_B20,gamma,gamma,0.9999888,gamma,0.99998355,gamma,0.9999957,gamma,0.99999654,gamma,0.99999845
HP1504901_O21,gamma,gamma,0.99999344,gamma,0.9999974,gamma,0.99999917,gamma,0.9999994,gamma,0.99999905
HP1504901_A5,gamma,gamma,0.99999917,gamma,0.9999989,gamma,1.0,gamma,0.9999999,gamma,0.9999999
HP1504901_L18,gamma,gamma,0.99999917,gamma,0.999995,gamma,1.0,gamma,1.0,gamma,0.9999999
HP1504901_D9,gamma,gamma,1.0,gamma,0.999997,gamma,1.0,gamma,0.99999976,gamma,0.99999964
HP1504901_K14,gamma,gamma,0.99992895,gamma,0.9999925,gamma,0.9999435,gamma,0.9999666,gamma,0.9999975
HP1504901_N15,gamma,gamma,0.99995613,gamma,0.9999944,gamma,1.0,gamma,1.0,gamma,0.9999999
HP1504901_B23,gamma,gamma,0.9999759,gamma,0.99990714,gamma,0.9999889,gamma,0.99999964,gamma,0.9999968
HP1504901_O5,gamma,gamma,0.9810161,gamma,0.99031067,gamma,0.99865025,gamma,0.9995658,gamma,0.9991667
HP1504901_J9,gamma,gamma,0.9999982,gamma,0.9999701,gamma,0.9999447,gamma,0.9999981,gamma,0.9999989
HP1504901_M4,gamma,gamma,0.99996376,gamma,0.9999156,gamma,0.99997246,gamma,0.99985933,gamma,0.999962
HP1504901_B6,gamma,gamma,1.0,gamma,0.99999917,gamma,1.0,gamma,1.0,gamma,0.9999999
HP1504901_E23,gamma,gamma,0.99990654,gamma,0.9999912,gamma,0.9999918,gamma,0.9999943,gamma,0.9999684
HP1504901_O24,gamma,gamma,1.0,gamma,0.99999964,gamma,1.0,gamma,1.0,gamma,1.0
HP1504901_L3,gamma,gamma,0.9999999,gamma,0.9999995,gamma,1.0,gamma,1.0,gamma,1.0
HP1504901_I18,gamma,gamma,0.9999536,gamma,0.99337006,gamma,0.9999372,gamma,0.9999969,gamma,0.9999964
HP1504901_D24,gamma,gamma,0.99984443,gamma,0.999997,gamma,0.99991465,gamma,0.99999344,gamma,0.99999726
HP1504901_I22,gamma,gamma,0.99999034,gamma,0.99994636,gamma,0.9999572,gamma,0.9999857,gamma,0.9999982
HP1504901_C14,gamma,gamma,0.99998903,gamma,0.99996424,gamma,0.99999833,gamma,0.99999833,gamma,0.9999944
HP1504901_C23,gamma,gamma,0.99999094,gamma,0.9999944,gamma,1.0,gamma,0.99999416,gamma,0.99999785
HP1504901_L9,gamma,gamma,0.99999595,gamma,0.9999989,gamma,0.9999999,gamma,0.9999999,gamma,0.9999995
HP1504901_N23,gamma,gamma,0.99999845,gamma,0.9999449,gamma,0.99999976,gamma,0.9999989,gamma,0.9999993
HP1506401_I2,gamma,gamma,0.99999976,gamma,0.9999982,gamma,1.0,gamma,1.0,gamma,1.0
HP1506401_I1,gamma,gamma,0.999998,gamma,0.99999833,gamma,0.9999999,gamma,0.99999976,gamma,0.9999999
HP1506401_E3,gamma,gamma,0.9999993,gamma,0.999998,gamma,1.0,gamma,1.0,gamma,0.9999999
HP1506401_B22,gamma,gamma,0.99998105,gamma,0.99998105,gamma,1.0,gamma,0.9999981,gamma,1.0
HP1506401_N7,gamma,gamma,0.99999905,gamma,0.9999851,gamma,1.0,gamma,0.99999964,gamma,0.99999976
HP1506401_I14,gamma,gamma,0.99999976,gamma,0.9999944,gamma,0.9999882,gamma,0.99999976,gamma,0.9999976
HP1506401_G8,gamma,gamma,0.99999917,gamma,0.9999707,gamma,0.99999034,gamma,0.9999993,gamma,0.9999999
HP1506401_H12,gamma,gamma,0.9999999,gamma,0.9999958,gamma,1.0,gamma,1.0,gamma,1.0
HP1506401_E12,gamma,gamma,0.9999968,gamma,0.99999034,gamma,0.9999999,gamma,1.0,gamma,1.0
HP1506401_B4,gamma,gamma,0.99999964,gamma,0.9999976,gamma,1.0,gamma,0.9999927,gamma,1.0
HP1506401_K23,gamma,gamma,0.99999845,gamma,0.9999989,gamma,1.0,gamma,1.0,gamma,1.0
HP1506401_I17,gamma,gamma,0.99999976,gamma,0.99999917,gamma,1.0,gamma,1.0,gamma,1.0
HP1506401_H11,gamma,gamma,0.9999851,gamma,0.99997044,gamma,0.9999999,gamma,0.9999982,gamma,0.99999905
HP1506401_F14,gamma,gamma,0.9998832,gamma,0.99988115,gamma,0.99999535,gamma,0.9999864,gamma,0.99992406
HP1506401_K22,gamma,gamma,0.9999995,gamma,0.99999976,gamma,0.9999964,gamma,0.9999995,gamma,0.9999974
HP1506401_O6,gamma,gamma,0.9999995,gamma,0.99999905,gamma,1.0,gamma,0.9999999,gamma,0.99999917
HP1506401_D9,gamma,gamma,0.9999993,gamma,0.9999939,gamma,1.0,gamma,1.0,gamma,0.9999999
HP1506401_L17,gamma,gamma,0.99978167,gamma,0.99898916,gamma,0.9999938,gamma,0.9999845,gamma,0.9999989
HP1506401_M6,gamma,gamma,0.9999995,gamma,0.999998,gamma,0.99999964,gamma,0.99999964,gamma,0.9999993
HP1506401_B3,gamma,gamma,0.999992,gamma,0.99995625,gamma,1.0,gamma,0.999997,gamma,0.9999999
HP1506401_M24,gamma,gamma,0.99999917,gamma,0.99999976,gamma,1.0,gamma,1.0,gamma,1.0
HP1506401_H19,gamma,gamma,0.99996877,gamma,0.99995816,gamma,0.99999917,gamma,0.999974,gamma,0.99999774
HP1507101_J9,gamma,gamma,0.99999976,gamma,0.9999999,gamma,1.0,gamma,1.0,gamma,1.0
HP1507101_D19,gamma,gamma,0.99999905,gamma,0.99999714,gamma,0.9999999,gamma,1.0,gamma,0.9999999
HP1507101_M22,gamma,gamma,0.9999993,gamma,0.99999833,gamma,1.0,gamma,1.0,gamma,1.0
HP1507101_B20,gamma,gamma,0.9999982,gamma,0.99999917,gamma,1.0,gamma,0.9999999,gamma,0.9999999
HP1507101_F9,gamma,gamma,0.99999976,gamma,0.99999845,gamma,1.0,gamma,1.0,gamma,0.9999999
HP1508501T2D_A19,gamma,gamma,0.99999964,gamma,0.99999905,gamma,1.0,gamma,1.0,gamma,0.9999999
HP1508501T2D_K16,gamma,gamma,0.9999999,gamma,0.99999607,gamma,0.99999714,gamma,1.0,gamma,0.99999976
HP1508501T2D_H18,gamma,gamma,0.9999994,gamma,0.99999857,gamma,1.0,gamma,1.0,gamma,0.9999995
HP1508501T2D_J17,gamma,gamma,0.8983599,gamma,0.9904185,gamma,0.9871694,gamma,0.99819034,gamma,0.99959403
HP1508501T2D_B10,gamma,gamma,0.999998,gamma,0.9998574,gamma,0.99999774,gamma,0.9999987,gamma,0.99999595
HP1508501T2D_N18,gamma,gamma,0.95342773,gamma,0.99557555,gamma,0.99966705,gamma,0.9968927,gamma,0.9999802
HP1508501T2D_F11,gamma,gamma,0.99999976,gamma,0.9999995,gamma,1.0,gamma,0.99999976,gamma,0.9999988
HP1508501T2D_G22,gamma,gamma,0.9999083,gamma,0.99997103,gamma,0.9999045,gamma,0.99997747,gamma,0.9999958
HP1508501T2D_P4,gamma,gamma,0.9999964,gamma,0.99998426,gamma,1.0,gamma,0.9999999,gamma,0.99998367
HP1509101_F21,gamma,gamma,0.9999993,gamma,0.9999995,gamma,1.0,gamma,1.0,gamma,0.99999964
HP1509101_O8,gamma,gamma,0.9999528,gamma,0.9999943,gamma,0.99999917,gamma,0.99999976,gamma,0.99999833
HP1509101_G8,gamma,gamma,0.99999976,gamma,0.9999988,gamma,1.0,gamma,0.9999999,gamma,0.99999976
HP1509101_K8,gamma,gamma,0.99999976,gamma,0.9999999,gamma,1.0,gamma,1.0,gamma,0.9999999
HP1525301T2D_E19,gamma,gamma,0.9999974,gamma,0.9999989,gamma,1.0,gamma,0.9999999,gamma,1.0
HP1525301T2D_B5,gamma,gamma,0.99999785,gamma,0.99999666,gamma,1.0,gamma,0.99999964,gamma,0.9999995
HP1525301T2D_E3,gamma,gamma,0.99999917,gamma,0.99999857,gamma,1.0,gamma,0.99999976,gamma,0.9999993
HP1525301T2D_G23,gamma,gamma,0.9999962,gamma,0.9999994,gamma,1.0,gamma,1.0,gamma,1.0
HP1525301T2D_J18,gamma,gamma,0.9999747,gamma,0.9999552,gamma,0.9999964,gamma,0.99998856,gamma,0.9999989
HP1525301T2D_B8,gamma,gamma,0.9999963,gamma,0.999984,gamma,1.0,gamma,0.99999976,gamma,0.99999857
HP1525301T2D_A16,gamma,gamma,0.999998,gamma,0.99994695,gamma,0.9999999,gamma,0.99999976,gamma,0.99999666
HP1525301T2D_D12,gamma,gamma,0.99999654,gamma,0.9999943,gamma,1.0,gamma,0.99999964,gamma,1.0
HP1525301T2D_N21,gamma,gamma,0.9999999,gamma,0.99999976,gamma,1.0,gamma,1.0,gamma,1.0
HP1525301T2D_O11,gamma,gamma,0.9999919,gamma,0.9999981,gamma,1.0,gamma,1.0,gamma,0.9999999
HP1526901T2D_K12,gamma,gamma,0.99999845,gamma,0.9999951,gamma,1.0,gamma,0.99999964,gamma,0.9999999
HP1526901T2D_A20,gamma,gamma,1.0,gamma,0.99999917,gamma,1.0,gamma,1.0,gamma,1.0
HP1526901T2D_C13,gamma,gamma,0.99999714,gamma,0.9999968,gamma,0.9999999,gamma,0.9999988,gamma,0.9999993
HP1526901T2D_C19,gamma,gamma,0.9999995,gamma,0.99999833,gamma,1.0,gamma,1.0,gamma,1.0
HP1526901T2D_H23,gamma,gamma,0.9999975,gamma,0.99999726,gamma,1.0,gamma,0.9999993,gamma,0.9999999
HP1526901T2D_K11,gamma,gamma,0.9999999,gamma,0.9999999,gamma,1.0,gamma,1.0,gamma,1.0
HP1526901T2D_L14,gamma,gamma,0.9999956,gamma,0.9999989,gamma,1.0,gamma,0.9999995,gamma,1.0
HP1526901T2D_L7,gamma,gamma,0.9999989,gamma,0.99999774,gamma,1.0,gamma,0.9999734,gamma,0.9999999
HP1526901T2D_G1,gamma,gamma,0.9999969,gamma,0.9999826,gamma,0.99999976,gamma,0.9999989,gamma,0.9999999
HP1526901T2D_N18,gamma,gamma,1.0,gamma,0.9999999,gamma,1.0,gamma,1.0,gamma,1.0
HP1526901T2D_H16,gamma,gamma,0.9999995,gamma,0.99999714,gamma,1.0,gamma,1.0,gamma,1.0
HP1526901T2D_K21,gamma,gamma,0.99999464,gamma,0.9999931,gamma,1.0,gamma,1.0,gamma,1.0
HP1526901T2D_P23,gamma,gamma,0.9999988,gamma,0.99999917,gamma,0.9999999,gamma,1.0,gamma,1.0
HP1526901T2D_N20,gamma,gamma,1.0,gamma,1.0,gamma,1.0,gamma,1.0,gamma,1.0
HP1526901T2D_I24,gamma,gamma,0.9999995,gamma,0.9999988,gamma,1.0,gamma,1.0,gamma,0.9999999
HP1526901T2D_A15,gamma,gamma,0.9999982,gamma,0.9999993,gamma,1.0,gamma,0.9999999,gamma,1.0
HP1526901T2D_D10,gamma,gamma,0.9999851,gamma,0.9998448,gamma,0.9999999,gamma,0.9999981,gamma,1.0
HP1526901T2D_O3,gamma,gamma,0.9999975,gamma,0.99999774,gamma,1.0,gamma,0.9999999,gamma,0.9999999
HP1526901T2D_E4,gamma,gamma,0.99998534,gamma,0.9999472,gamma,0.99999964,gamma,0.9999993,gamma,0.99999976
HP1526901T2D_F12,gamma,gamma,0.999997,gamma,0.99999714,gamma,1.0,gamma,1.0,gamma,1.0
HP1526901T2D_O10,gamma,gamma,0.9999944,gamma,0.99999547,gamma,1.0,gamma,0.9999995,gamma,0.99999905
HP1526901T2D_E10,gamma,gamma,0.9999925,gamma,0.9996138,gamma,1.0,gamma,0.99999964,gamma,0.9999993
HP1526901T2D_L12,gamma,gamma,0.9999927,gamma,0.99999344,gamma,0.9999999,gamma,1.0,gamma,0.9999999
HP1526901T2D_M22,gamma,gamma,0.9999939,gamma,0.99999535,gamma,1.0,gamma,0.99999845,gamma,1.0
HP1526901T2D_F20,gamma,delta,0.8773853,alpha,0.5452512,gamma,0.93852955,gamma,0.6358753,gamma,0.99864906
HP1526901T2D_G19,gamma,gamma,0.99999964,gamma,0.9999999,gamma,1.0,gamma,1.0,gamma,0.9999999
HP1526901T2D_D14,gamma,gamma,0.9998241,gamma,0.9999374,gamma,0.9999783,gamma,0.9999995,gamma,0.99999785
HP1526901T2D_E5,gamma,gamma,1.0,gamma,0.99999964,gamma,1.0,gamma,1.0,gamma,1.0
HP1526901T2D_G9,gamma,gamma,0.9999999,gamma,0.9999999,gamma,1.0,gamma,1.0,gamma,1.0
HP1526901T2D_B13,gamma,gamma,0.99999857,gamma,0.9999968,gamma,1.0,gamma,0.99999976,gamma,1.0
HP1526901T2D_H3,gamma,gamma,0.9999957,gamma,0.99999917,gamma,0.99999964,gamma,0.99999964,gamma,0.99999964
HP1526901T2D_J17,gamma,gamma,0.9999651,gamma,0.9999846,gamma,1.0,gamma,0.9999995,gamma,0.9999995
HP1526901T2D_N19,gamma,gamma,1.0,gamma,0.99999166,gamma,0.9999999,gamma,1.0,gamma,1.0
HP1526901T2D_M3,gamma,gamma,0.9999989,gamma,0.99999774,gamma,1.0,gamma,1.0,gamma,1.0
HP1526901T2D_F7,gamma,gamma,0.9999995,gamma,0.9999994,gamma,1.0,gamma,1.0,gamma,1.0
AZ_B8,acinar,acinar,0.9999999,acinar,0.9999994,acinar,1.0,acinar,0.9999999,acinar,0.99999845
AZ_A7,acinar,acinar,0.99999976,acinar,1.0,acinar,1.0,acinar,1.0,acinar,0.999413
AZ_H10,acinar,acinar,0.999992,acinar,0.99999857,acinar,1.0,acinar,0.99999964,acinar,0.999998
AZ_F6,acinar,acinar,0.9999999,acinar,0.9999999,acinar,0.9999999,acinar,0.99999976,acinar,0.9999999
HP1502401_A14,acinar,acinar,0.99999785,acinar,0.9999995,acinar,0.99999976,acinar,0.9999964,acinar,0.9997563
HP1502401_I14,acinar,acinar,0.99918765,acinar,0.9999895,acinar,0.9999976,acinar,0.99969745,acinar,0.993666
HP1502401_F13,acinar,acinar,0.9997607,acinar,0.99999964,acinar,0.99999917,acinar,0.99999785,acinar,0.9185884
HP1502401_G18,acinar,acinar,0.9999665,acinar,0.9999995,acinar,0.9999999,acinar,0.99998605,acinar,0.99947125
HP1502401_N2,acinar,acinar,0.9999931,acinar,0.9999999,acinar,0.99999976,acinar,0.99999845,acinar,0.99999654
HP1502401_O14,acinar,acinar,0.99996233,acinar,0.9999956,acinar,0.9999994,acinar,0.9999281,acinar,0.99963415
HP1502401_B17,acinar,acinar,0.9999509,acinar,0.9999987,acinar,0.99999905,acinar,0.999984,acinar,0.99998736
HP1502401_M8,acinar,acinar,0.9904034,acinar,0.9999989,acinar,0.99998796,acinar,0.9981713,acinar,0.99798214
HP1502401_K10,acinar,acinar,0.99999213,acinar,0.9999982,acinar,0.9999999,acinar,0.99999404,acinar,0.9997304
HP1502401_D10,acinar,acinar,0.9999143,acinar,0.9999999,acinar,1.0,acinar,0.99999547,acinar,0.9945168
HP1502401_D11,acinar,acinar,0.9962203,acinar,0.9999751,acinar,0.9999838,acinar,0.9984377,acinar,0.91002506
HP1502401_A22,acinar,acinar,0.9968652,acinar,0.9992046,acinar,0.99999774,acinar,0.99997103,acinar,0.99978095
HP1502401_K12,acinar,acinar,0.73058087,acinar,0.95748836,acinar,0.99766517,acinar,0.99476707,acinar,0.53699136
HP1502401_D2,acinar,acinar,0.99998856,acinar,0.9999945,acinar,0.99999917,acinar,0.99999714,acinar,0.9984359
HP1502401_E23,acinar,acinar,0.9999999,acinar,0.9999999,acinar,0.9999999,acinar,0.9999999,acinar,0.99999964
HP1502401_E24,acinar,acinar,0.9999671,acinar,0.9999999,acinar,0.99999976,acinar,0.9999981,acinar,0.9999132
HP1502401_E2,acinar,acinar,0.9978522,acinar,0.9999958,acinar,0.9999969,acinar,0.9998497,acinar,0.999466
HP1502401_C1,acinar,acinar,0.9989083,acinar,0.99935454,acinar,0.9996743,acinar,0.9999938,acinar,0.99935526
HP1502401_J2,acinar,acinar,0.99950635,acinar,0.99999785,acinar,0.9999988,acinar,0.99999785,acinar,0.99601775
HP1502401_M22,acinar,acinar,0.64659727,acinar,0.9997402,acinar,0.9999465,acinar,0.9999027,acinar,0.95986885
HP1502401_E20,acinar,acinar,0.9977071,acinar,0.9999962,acinar,0.9999974,acinar,0.99969816,acinar,0.6995746
HP1504101T2D_L14,acinar,acinar,0.9999994,acinar,1.0,acinar,0.9999999,acinar,0.9999987,acinar,0.99999976
HP1504101T2D_K19,acinar,acinar,0.8295577,acinar,0.88556087,acinar,0.9988826,acinar,0.9857368,acinar,0.800538
HP1504101T2D_I6,acinar,acinar,0.97822213,ductal,0.84767056,acinar,0.9999901,ductal,0.67084736,acinar,0.9825897
HP1504101T2D_A10,acinar,acinar,0.99999225,acinar,0.99949634,acinar,0.99999785,acinar,0.9993586,acinar,0.9993135
HP1504101T2D_C11,acinar,acinar,0.99999964,acinar,0.9999471,acinar,0.9999994,acinar,0.99999905,acinar,0.99999356
HP1504101T2D_K10,acinar,acinar,0.9999987,acinar,0.9999988,acinar,0.9999994,acinar,0.99999523,acinar,0.99999964
HP1504101T2D_J16,acinar,acinar,0.99981886,acinar,0.9999999,acinar,0.99999964,acinar,0.9999988,acinar,0.99917454
HP1504101T2D_F1,acinar,acinar,0.9999951,acinar,0.9998957,acinar,0.9999808,acinar,0.9999598,ductal,0.87849414
HP1504901_F23,acinar,acinar,0.9999987,acinar,0.99923015,acinar,0.9999993,acinar,0.999997,acinar,0.9999125
HP1504901_D13,acinar,acinar,0.99960345,acinar,0.83411145,acinar,0.9997247,acinar,0.99523723,acinar,0.99673575
HP1504901_O4,acinar,ductal,0.98955196,acinar,0.6003288,ductal,0.7012354,ductal,0.98234624,ductal,0.9989405
HP1504901_H16,acinar,acinar,0.91128963,ductal,0.79786915,acinar,0.93695617,acinar,0.85542715,ductal,0.5894156
HP1506401_K2,acinar,acinar,0.99997854,acinar,0.99751127,acinar,0.9999999,acinar,0.99999964,acinar,0.95078945
HP1506401_M1,acinar,acinar,0.99999726,acinar,0.99980146,acinar,0.99999964,acinar,0.9999999,acinar,0.99217093
HP1506401_D14,acinar,acinar,0.99999166,acinar,0.9997073,acinar,0.99993026,acinar,0.99996734,acinar,0.99859434
HP1506401_A9,acinar,acinar,0.99998,acinar,0.9999548,acinar,0.9999871,acinar,0.9999974,acinar,0.9999068
HP1506401_J9,acinar,acinar,0.99995005,acinar,0.9974343,acinar,0.9999939,acinar,0.99999833,acinar,0.9999192
HP1506401_N1,acinar,acinar,0.99991214,acinar,0.95481354,acinar,0.9999976,acinar,0.9999995,acinar,0.9929987
HP1506401_G14,acinar,acinar,1.0,acinar,0.9999988,acinar,0.99999976,acinar,1.0,acinar,0.99999964
HP1506401_O16,acinar,acinar,0.9999999,acinar,0.9999993,acinar,0.99999976,acinar,1.0,acinar,0.99999976
HP1506401_D3,acinar,acinar,1.0,acinar,0.9999993,acinar,0.99999976,acinar,1.0,acinar,0.99999964
HP1506401_E23,acinar,acinar,0.9999999,acinar,0.9999914,acinar,0.9999982,acinar,0.9999987,acinar,0.9999995
HP1506401_N9,acinar,acinar,1.0,acinar,0.999997,acinar,0.9999999,acinar,0.9999999,acinar,0.9999999
HP1506401_L19,acinar,acinar,0.99999857,acinar,0.99997795,acinar,0.9999995,acinar,0.9999981,acinar,0.9999747
HP1506401_H15,acinar,acinar,0.99999976,acinar,0.9999995,acinar,1.0,acinar,1.0,acinar,0.9999994
HP1506401_H16,acinar,acinar,0.9999999,acinar,0.9999896,acinar,0.9999987,acinar,0.9999974,acinar,0.99999523
HP1506401_C24,acinar,acinar,0.9996439,acinar,0.5627267,acinar,0.9997303,acinar,0.9999695,acinar,0.96877664
HP1506401_N21,acinar,acinar,0.99813473,acinar,0.9962805,acinar,0.99945635,acinar,0.9998858,ductal,0.6598215
HP1506401_J2,acinar,acinar,0.9999976,acinar,0.9993999,acinar,0.99999857,acinar,0.99999976,acinar,0.9999708
HP1506401_B1,acinar,acinar,0.99999976,acinar,0.99999475,acinar,0.9999993,acinar,0.9999999,acinar,0.99999785
HP1506401_I15,acinar,acinar,0.99997234,acinar,0.9982948,acinar,0.9999989,acinar,0.9999981,ductal,0.528318
HP1506401_M3,acinar,acinar,0.9999658,acinar,0.99978656,acinar,0.99459016,acinar,0.9999908,acinar,0.9997873
HP1506401_D24,acinar,acinar,0.99999154,acinar,0.9999889,acinar,0.9999993,acinar,0.99999976,acinar,0.9999746
HP1506401_J24,acinar,acinar,0.9999988,acinar,0.9999958,acinar,0.9999995,acinar,1.0,acinar,0.9999925
HP1506401_J6,acinar,acinar,0.9999999,acinar,0.9999981,acinar,0.99999964,acinar,0.9999999,acinar,0.999997
HP1506401_N5,acinar,acinar,1.0,acinar,0.999997,acinar,0.99999976,acinar,1.0,acinar,1.0
HP1506401_E20,acinar,acinar,0.9999856,acinar,0.99121827,acinar,0.9999838,acinar,0.9999888,acinar,0.99759394
HP1506401_F16,acinar,acinar,0.997015,ductal,0.8616124,acinar,0.99990356,acinar,0.999967,acinar,0.92743945
HP1506401_M18,acinar,acinar,0.9999987,acinar,0.9986125,acinar,0.9999982,acinar,0.9999865,acinar,0.99999905
HP1506401_I13,acinar,acinar,0.99999964,acinar,0.99996996,acinar,0.9999994,acinar,0.99999976,acinar,0.99714065
HP1506401_L18,acinar,acinar,0.999995,acinar,0.9999964,acinar,0.99999964,acinar,0.9999999,acinar,0.9999707
HP1506401_H18,acinar,acinar,0.99993324,acinar,0.9676994,acinar,0.9999982,acinar,0.9999933,ductal,0.56628704
HP1506401_F2,acinar,acinar,0.9987206,acinar,0.9925948,acinar,0.9999429,acinar,0.9999634,ductal,0.9450134
HP1506401_M4,acinar,acinar,0.9999882,acinar,0.99731797,acinar,0.9999994,acinar,0.99999976,acinar,0.99965644
HP1506401_J3,acinar,acinar,0.9999999,acinar,0.9999901,acinar,0.99999976,acinar,0.99999917,acinar,0.9999999
HP1506401_L22,acinar,acinar,0.99999917,acinar,0.9997495,acinar,0.9999969,acinar,0.99999523,acinar,0.9999982
HP1506401_N24,acinar,acinar,0.9998803,acinar,0.99982846,acinar,0.9999968,acinar,0.99998724,acinar,0.9732197
HP1506401_M19,acinar,acinar,0.9999999,acinar,0.9999975,acinar,0.9999999,acinar,0.99999976,acinar,0.99999964
HP1506401_J23,acinar,acinar,0.99999845,acinar,0.99979264,acinar,1.0,acinar,1.0,acinar,0.998467
HP1506401_D23,acinar,acinar,0.9996518,acinar,0.9988531,acinar,0.99999857,acinar,0.9999894,acinar,0.8223582
HP1506401_B5,acinar,acinar,0.99999917,acinar,0.9999771,acinar,0.9999999,acinar,1.0,acinar,0.99999213
HP1506401_K6,acinar,acinar,0.9999938,acinar,0.9730863,acinar,0.99998367,acinar,0.99999976,acinar,0.9996829
HP1506401_O21,acinar,acinar,1.0,acinar,0.99999404,acinar,0.99999917,acinar,0.99999964,acinar,0.9999999
HP1506401_L9,acinar,acinar,0.99984646,acinar,0.89996064,acinar,0.9999969,acinar,0.9999924,acinar,0.9960628
HP1506401_E18,acinar,acinar,0.99999857,acinar,0.9999964,acinar,0.9999993,acinar,0.9999999,acinar,0.99998224
HP1506401_G4,acinar,acinar,0.9999821,acinar,0.9998752,acinar,0.9999958,acinar,0.9999988,acinar,0.975245
HP1506401_D12,acinar,acinar,0.99999976,acinar,0.99999714,acinar,0.99999976,acinar,1.0,acinar,0.99999857
HP1506401_B14,acinar,acinar,1.0,acinar,0.99999547,acinar,0.9999999,acinar,0.9999987,acinar,0.9999999
HP1506401_P17,acinar,acinar,0.99987006,acinar,0.99984956,acinar,0.9999802,acinar,0.99996245,acinar,0.9997156
HP1506401_B16,acinar,acinar,0.9999999,acinar,0.9999893,acinar,0.9999988,acinar,1.0,acinar,0.9999949
HP1506401_I6,acinar,acinar,1.0,acinar,0.9999925,acinar,0.9999999,acinar,0.9999999,acinar,0.99999976
HP1506401_K15,acinar,acinar,1.0,acinar,0.9999958,acinar,0.9999994,acinar,0.9999999,acinar,0.9999993
HP1506401_C13,acinar,acinar,1.0,acinar,0.9999994,acinar,0.99999976,acinar,0.999998,acinar,1.0
HP1506401_O7,acinar,acinar,0.8693551,acinar,0.91478056,acinar,0.99999976,acinar,0.99998105,acinar,0.71447825
HP1506401_K14,acinar,acinar,1.0,acinar,0.9999988,acinar,0.9999999,acinar,0.9999995,acinar,0.9999999
HP1506401_M17,acinar,acinar,0.99999523,acinar,0.99990845,acinar,0.9999968,acinar,0.9999994,acinar,0.99997187
HP1506401_J14,acinar,acinar,0.998334,acinar,0.9725299,acinar,0.9999838,acinar,0.9999975,ductal,0.93557346
HP1506401_N15,acinar,acinar,0.9999982,acinar,0.99770397,acinar,0.9999596,acinar,0.99999225,acinar,0.9999765
HP1506401_O18,acinar,acinar,0.9999999,acinar,0.9999964,acinar,0.9999995,acinar,1.0,acinar,0.99999917
HP1506401_G15,acinar,acinar,0.99999213,acinar,0.9998574,acinar,0.99999917,acinar,0.99999976,acinar,0.9997141
HP1506401_F5,acinar,acinar,0.99997807,acinar,0.9998623,acinar,0.9999975,acinar,0.99999774,acinar,0.98562753
HP1506401_L3,acinar,acinar,1.0,acinar,0.99999356,acinar,0.99999976,acinar,1.0,acinar,0.9999995
HP1506401_A7,acinar,acinar,1.0,acinar,0.99999833,acinar,0.9999999,acinar,0.9999999,acinar,0.99999976
HP1506401_M8,acinar,acinar,0.9999912,acinar,0.9999325,acinar,0.9999993,acinar,0.99999774,acinar,0.9910959
HP1506401_A6,acinar,acinar,1.0,acinar,0.99998975,acinar,0.99999976,acinar,0.999998,acinar,0.9999999
HP1506401_F3,acinar,acinar,0.9904912,acinar,0.97222114,acinar,0.99800295,acinar,0.9971609,acinar,0.849297
HP1506401_E24,acinar,acinar,1.0,acinar,0.99999964,acinar,0.99999964,acinar,0.9999993,acinar,0.99999976
HP1506401_J15,acinar,acinar,0.9999945,acinar,0.88073903,acinar,0.9999995,acinar,0.9999999,acinar,0.9994673
HP1506401_I10,acinar,acinar,0.99999976,acinar,0.9999933,acinar,0.9999994,acinar,0.9999999,acinar,0.99999547
HP1506401_G16,acinar,acinar,0.99999976,acinar,0.9999944,acinar,0.99999857,acinar,0.99999964,acinar,0.9999722
HP1506401_P23,acinar,acinar,0.99999964,acinar,0.9999676,acinar,0.99999917,acinar,0.9999999,acinar,0.9999956
HP1506401_B6,acinar,acinar,0.99974173,acinar,0.9995383,acinar,0.9999988,acinar,0.99999475,acinar,0.9967698
HP1506401_N22,acinar,acinar,0.9999995,acinar,0.99995303,acinar,0.99999964,acinar,1.0,acinar,0.9999999
HP1506401_C7,acinar,acinar,0.99999857,acinar,0.9999918,acinar,1.0,acinar,0.9999995,acinar,0.99999726
HP1506401_C23,acinar,acinar,0.9999999,acinar,0.99998176,acinar,0.99998534,acinar,1.0,acinar,0.9999982
HP1506401_H1,acinar,acinar,0.9999993,acinar,0.99997866,acinar,0.9999999,acinar,0.9999999,acinar,0.9999993
HP1506401_N23,acinar,acinar,0.9999716,acinar,0.99980956,acinar,0.99999607,acinar,0.99999774,acinar,0.9893857
HP1506401_H3,acinar,acinar,0.9999987,acinar,0.99999106,acinar,0.9999999,acinar,0.99999774,acinar,0.9994271
HP1506401_L11,acinar,acinar,0.99999964,acinar,0.9999932,acinar,0.99999976,acinar,0.99999976,acinar,0.99999475
HP1506401_E14,acinar,acinar,0.99999964,acinar,0.99999285,acinar,0.99999976,acinar,0.99999976,acinar,0.9999968
HP1506401_O12,acinar,acinar,0.9999989,acinar,0.9999932,acinar,0.99999845,acinar,0.99999964,acinar,0.9998915
HP1506401_J11,acinar,acinar,0.9999982,acinar,0.99985814,acinar,1.0,acinar,0.99999976,acinar,0.9969223
HP1506401_P10,acinar,acinar,0.99987113,acinar,0.96358967,acinar,0.99991715,acinar,0.9999769,ductal,0.95990676
HP1507101_E22,acinar,acinar,0.99999774,acinar,0.999998,acinar,0.999995,acinar,0.99999917,acinar,0.9999281
HP1507101_J7,acinar,ductal,0.69160515,acinar,0.99761665,acinar,0.9996039,acinar,0.9979792,ductal,0.89756835
HP1507101_L17,acinar,ductal,0.5207118,acinar,0.9534587,acinar,0.99939096,acinar,0.59329164,ductal,0.9994066
HP1508501T2D_A23,acinar,acinar,0.99999774,acinar,0.9999869,acinar,0.9999994,acinar,0.99999464,acinar,0.9999968
HP1508501T2D_I24,acinar,acinar,0.99999905,acinar,0.9999994,acinar,0.9999988,acinar,0.99999917,acinar,0.9999974
HP1508501T2D_J23,acinar,acinar,0.99999714,acinar,0.9999989,acinar,0.999997,acinar,0.99998784,acinar,0.9999927
HP1508501T2D_N13,acinar,acinar,0.99999523,acinar,0.9999999,acinar,0.99999833,acinar,0.9999982,acinar,0.99999845
HP1508501T2D_N24,acinar,acinar,0.99997616,acinar,0.9999776,acinar,0.9998982,acinar,0.99988914,acinar,0.99900585
HP1508501T2D_O7,acinar,acinar,0.99995303,acinar,0.9999963,acinar,0.99871504,acinar,0.9997348,acinar,0.99962735
HP1508501T2D_M11,acinar,acinar,0.9999862,acinar,0.99999905,acinar,0.99991715,acinar,0.9999975,acinar,0.99998367
HP1508501T2D_G12,acinar,acinar,0.9999789,acinar,0.99999833,acinar,0.9999964,acinar,0.9999927,acinar,0.9999988
HP1508501T2D_M7,acinar,acinar,0.99997115,acinar,0.9999932,acinar,0.9999902,acinar,0.99999654,acinar,0.9841834
HP1508501T2D_G19,acinar,acinar,0.9999988,acinar,0.9999999,acinar,0.9999969,acinar,0.9999995,acinar,0.99999857
HP1508501T2D_O13,acinar,acinar,0.99927014,acinar,0.9999927,acinar,0.9993742,acinar,0.9999459,acinar,0.99999845
HP1508501T2D_M18,acinar,acinar,0.9999999,acinar,0.99999964,acinar,0.99999976,acinar,0.9999945,acinar,1.0
HP1508501T2D_K6,acinar,acinar,0.99949145,acinar,0.9999995,acinar,0.9999896,acinar,0.99999356,acinar,0.99995124
HP1508501T2D_F21,acinar,acinar,0.99999523,acinar,0.9999999,acinar,0.9999987,acinar,0.9999821,acinar,0.9999994
HP1508501T2D_H16,acinar,acinar,0.99999857,acinar,0.99999917,acinar,0.9999989,acinar,0.9999496,acinar,0.9986314
HP1508501T2D_G17,acinar,acinar,0.99999714,acinar,0.9999989,acinar,1.0,acinar,0.9999993,acinar,0.99999845
HP1508501T2D_I10,acinar,acinar,0.9999999,acinar,0.9999989,acinar,0.99999774,acinar,0.9999994,acinar,0.9999981
HP1508501T2D_E4,acinar,acinar,0.9999658,acinar,0.99999917,acinar,0.999995,acinar,0.9999871,acinar,0.9999713
HP1508501T2D_L2,acinar,acinar,0.99933904,acinar,0.9999982,acinar,0.9999192,acinar,0.9999933,acinar,0.99942434
HP1508501T2D_D9,acinar,acinar,0.99999726,acinar,0.99999523,acinar,0.99999976,acinar,0.9999933,acinar,0.99999964
HP1508501T2D_G18,acinar,acinar,0.99998045,acinar,0.9999999,acinar,0.99999976,acinar,0.99999845,acinar,0.99952507
HP1508501T2D_P2,acinar,acinar,0.9606636,ductal,0.9525711,ductal,0.9998599,ductal,0.9880207,acinar,0.9172284
HP1508501T2D_B14,acinar,acinar,0.9999999,acinar,1.0,acinar,1.0,acinar,0.9999995,acinar,1.0
HP1508501T2D_D18,acinar,acinar,0.9999683,acinar,0.99999964,acinar,0.9999777,acinar,0.9995658,acinar,0.9992829
HP1508501T2D_N21,acinar,acinar,0.9843336,acinar,0.99935275,acinar,0.9603156,acinar,0.9976973,ductal,0.6040246
HP1508501T2D_G23,acinar,acinar,0.9999908,acinar,0.99999976,acinar,0.9999982,acinar,0.99999833,acinar,0.99994075
HP1508501T2D_I7,acinar,acinar,0.9999958,acinar,0.99999905,acinar,0.99999964,acinar,0.99999964,acinar,0.9999875
HP1508501T2D_O11,acinar,acinar,0.9994312,acinar,0.9999995,acinar,0.99987817,acinar,0.9996755,acinar,0.99991727
HP1508501T2D_A11,acinar,acinar,0.9999013,acinar,0.99991345,acinar,0.9992149,acinar,0.98716253,acinar,0.9984509
HP1509101_B16,acinar,acinar,0.9998814,acinar,0.9999813,acinar,0.9999999,acinar,0.9999968,acinar,0.99985325
HP1509101_F18,acinar,acinar,0.9393255,ductal,0.8250967,acinar,0.9888671,acinar,0.9935422,ductal,0.99850285
HP1525301T2D_H9,acinar,acinar,0.9998871,acinar,0.99998546,acinar,0.9999999,acinar,0.99994814,acinar,0.9984621
HP1525301T2D_J5,acinar,acinar,0.99995756,acinar,0.99998295,acinar,0.9999994,acinar,0.9999975,acinar,0.9096908
HP1525301T2D_D10,acinar,acinar,0.9998523,acinar,0.99999917,acinar,0.99999976,acinar,0.99998045,acinar,0.9999682
HP1525301T2D_F10,acinar,acinar,0.9999708,acinar,0.9999342,acinar,0.99999976,acinar,0.99997926,acinar,0.999871
HP1525301T2D_J23,acinar,acinar,0.99996936,acinar,0.99998915,acinar,0.9999999,acinar,0.999997,acinar,0.99992085
HP1525301T2D_J16,acinar,acinar,0.9997528,acinar,0.9999653,acinar,0.99999905,acinar,0.9999968,acinar,0.8165926
HP1525301T2D_F5,acinar,acinar,0.9997235,acinar,0.9994997,acinar,0.99999905,acinar,0.9999261,acinar,0.99213713
HP1525301T2D_E2,acinar,acinar,0.99999607,acinar,0.9999995,acinar,0.99999976,acinar,0.9999944,acinar,0.89605814
HP1525301T2D_C14,acinar,acinar,0.999912,acinar,0.9999529,acinar,0.99999774,acinar,0.99990094,acinar,0.9991073
HP1525301T2D_D6,acinar,acinar,0.99999166,acinar,0.9988625,acinar,0.99999034,acinar,0.9999871,acinar,0.9999957
HP1525301T2D_O3,acinar,acinar,0.9997807,acinar,0.99993944,acinar,0.99999976,acinar,0.99999535,acinar,0.99970704
HP1525301T2D_G17,acinar,acinar,0.98739153,acinar,0.99980885,acinar,0.9973086,acinar,0.9968257,ductal,0.99692446
HP1525301T2D_C23,acinar,acinar,0.9998559,acinar,0.999933,acinar,0.9999989,acinar,0.9999516,ductal,0.86274666
HP1525301T2D_L5,acinar,acinar,0.99120367,acinar,0.99991024,acinar,0.9999968,acinar,0.98972005,ductal,0.52919555
HP1525301T2D_C7,acinar,acinar,0.9999256,acinar,0.9992017,acinar,0.9985654,acinar,0.99973696,acinar,0.98502225
HP1525301T2D_M5,acinar,acinar,0.99991786,acinar,0.999928,acinar,0.9999944,acinar,0.99977237,acinar,0.9957372
HP1525301T2D_N10,acinar,acinar,0.9994993,acinar,0.9997601,acinar,0.99858093,acinar,0.9999882,acinar,0.84184057
HP1525301T2D_K8,acinar,acinar,0.9998093,acinar,0.9982685,acinar,0.99998116,acinar,0.99987006,acinar,0.99931383
HP1525301T2D_K7,acinar,acinar,0.99999976,acinar,0.99999964,acinar,0.99995077,acinar,0.9999995,acinar,0.99999535
HP1525301T2D_K5,acinar,acinar,0.99983704,acinar,0.9999944,acinar,0.9999988,acinar,0.9999887,acinar,0.98913157
HP1525301T2D_F3,acinar,acinar,0.99999833,acinar,0.9999995,acinar,0.99999964,acinar,0.9999994,acinar,0.9999796
HP1525301T2D_B12,acinar,acinar,0.9999747,acinar,0.9999994,acinar,0.9999999,acinar,0.9999943,acinar,0.9996251
HP1526901T2D_N4,acinar,acinar,0.9999807,acinar,0.9996922,acinar,0.99999654,acinar,0.9999826,acinar,0.99684167
HP1526901T2D_N7,acinar,acinar,0.99727374,acinar,0.9992588,acinar,0.9999988,acinar,0.99981123,acinar,0.9611823
HP1526901T2D_D7,acinar,acinar,0.99930775,acinar,0.99982774,acinar,0.9999993,acinar,0.98640627,acinar,0.96231407
HP1526901T2D_K17,acinar,acinar,0.9999616,acinar,0.99984765,acinar,0.9999999,acinar,0.9999491,acinar,0.9865906
HP1526901T2D_L15,acinar,acinar,0.9913634,acinar,0.9999229,acinar,0.9999343,acinar,0.9999746,acinar,0.6628468
HP1526901T2D_A6,acinar,acinar,0.99999917,acinar,0.9999876,acinar,0.9999999,acinar,0.99999917,acinar,0.9999728
HP1526901T2D_I12,acinar,acinar,0.9996705,acinar,0.9990845,acinar,0.9999231,acinar,0.999961,acinar,0.7457959
HP1526901T2D_N5,acinar,acinar,0.99912244,acinar,0.99975735,acinar,0.99985754,acinar,0.99995565,acinar,0.99977916
HP1526901T2D_I17,acinar,acinar,0.99840623,acinar,0.99995923,acinar,0.99999833,acinar,0.9999901,acinar,0.9978587
HP1526901T2D_M18,acinar,acinar,0.9999994,acinar,0.9999988,acinar,0.99999964,acinar,0.99999905,acinar,0.99999523
HP1526901T2D_E16,acinar,acinar,0.99976295,acinar,0.9999459,acinar,0.9999887,acinar,0.9989065,acinar,0.5312279
HP1526901T2D_O19,acinar,ductal,0.911169,acinar,0.96191627,acinar,0.99999225,acinar,0.99513465,ductal,0.99296325
HP1526901T2D_C8,acinar,acinar,0.9999995,acinar,0.9999894,acinar,0.99999976,acinar,0.99999917,acinar,0.99982554
HP1526901T2D_H2,acinar,acinar,0.9999684,acinar,0.9963198,acinar,0.9999975,acinar,0.9999597,acinar,0.9990453
AZ_B9,alpha,alpha,1.0,alpha,0.99999976,alpha,0.99999964,alpha,0.9999957,alpha,0.9999999
AZ_A6,alpha,alpha,0.9999962,alpha,0.99997365,alpha,0.9999995,alpha,0.9999981,alpha,0.99998665
AZ_C1,alpha,alpha,0.9999994,alpha,0.9999815,alpha,0.9999989,alpha,0.99999726,alpha,0.9999949
AZ_A11,alpha,alpha,0.99999964,alpha,0.9999987,alpha,0.9999982,alpha,0.99997985,alpha,0.9999999
AZ_C2,alpha,alpha,1.0,alpha,0.99999356,alpha,0.9999994,alpha,0.99999976,alpha,0.9999968
AZ_B11,alpha,beta,0.5933948,beta,0.99027926,alpha,0.93712825,beta,0.47389984,alpha,0.743618
AZ_B12,alpha,alpha,1.0,alpha,0.99998486,alpha,0.99999964,alpha,0.99999976,alpha,0.9999994
AZ_B2,alpha,alpha,0.99996257,alpha,0.91732264,alpha,0.99976355,alpha,0.999966,alpha,0.99941254
AZ_B3,alpha,alpha,1.0,alpha,0.99999774,alpha,0.9999995,alpha,0.99999213,alpha,0.9999993
AZ_B5,alpha,alpha,0.9999908,alpha,0.725727,alpha,0.99858356,alpha,0.9992811,alpha,0.9903819
AZ_E12,alpha,alpha,1.0,alpha,0.9999187,alpha,0.99999976,alpha,0.9999968,alpha,0.9999999
AZ_D3,alpha,alpha,0.99999917,alpha,0.99999154,alpha,0.9999788,alpha,0.9998692,alpha,0.9999988
AZ_E4,alpha,alpha,0.9999944,alpha,0.99997365,alpha,0.99999976,alpha,0.99999654,alpha,0.9999989
AZ_G4,alpha,alpha,0.9999497,alpha,0.99893206,alpha,0.999788,alpha,0.99828196,alpha,0.9999956
AZ_G3,alpha,alpha,0.99992645,alpha,0.99998105,alpha,0.99997663,alpha,0.9999927,alpha,0.9998956
AZ_D9,alpha,alpha,0.999998,alpha,0.99994326,alpha,0.99999917,alpha,0.99999714,alpha,0.99999857
AZ_E2,alpha,alpha,1.0,alpha,0.9995497,alpha,0.9999994,alpha,0.9999976,alpha,0.9999995
AZ_C8,alpha,alpha,0.9999993,alpha,0.9999951,alpha,0.9999995,alpha,0.9999982,alpha,0.99999845
AZ_E5,alpha,alpha,1.0,alpha,0.99998987,alpha,1.0,alpha,0.9999989,alpha,0.99999905
AZ_F4,alpha,alpha,0.9999995,alpha,0.99982506,alpha,0.9999751,alpha,0.9999995,alpha,0.9999733
AZ_C5,alpha,alpha,0.9999976,alpha,0.99998045,alpha,0.99999845,alpha,0.9999887,alpha,0.9999949
AZ_D7,alpha,alpha,0.9999988,alpha,0.99999964,alpha,0.99999964,alpha,0.9999889,alpha,0.999998
AZ_D4,alpha,alpha,0.999997,alpha,0.9999362,alpha,0.99999964,alpha,0.9999989,alpha,0.9999993
AZ_E8,alpha,alpha,0.9999995,alpha,0.99990726,alpha,0.9999933,alpha,0.9999995,alpha,0.9999503
AZ_F8,alpha,alpha,0.99999964,alpha,0.9999968,alpha,0.9999752,alpha,0.99999905,alpha,0.99999416
AZ_G1,alpha,alpha,0.9999621,alpha,0.99798125,alpha,0.9999789,alpha,0.9999585,alpha,0.9999472
AZ_E9,alpha,alpha,0.99999917,alpha,0.9856058,alpha,0.99998343,alpha,0.99939704,alpha,0.999982
AZ_H9,alpha,alpha,0.9999815,alpha,0.9999974,alpha,0.99998546,alpha,0.99998736,alpha,0.9999901
HP1502401_J14,alpha,alpha,0.9999845,alpha,0.99991333,alpha,0.999997,alpha,0.99988496,alpha,0.9999951
HP1502401_C14,alpha,alpha,0.9999995,alpha,0.99999833,alpha,0.9999999,alpha,0.9999993,alpha,1.0
HP1502401_M14,alpha,alpha,0.99999976,alpha,0.9999943,alpha,0.9999968,alpha,0.9999995,alpha,1.0
HP1502401_L13,alpha,alpha,0.99999976,alpha,0.9999995,alpha,0.99999917,alpha,0.99999964,alpha,0.99999976
HP1502401_H14,alpha,alpha,0.9999987,alpha,0.99999034,alpha,0.99998844,alpha,0.99997103,alpha,0.9999938
HP1502401_L21,alpha,alpha,0.99999785,alpha,0.9999949,alpha,0.99999976,alpha,0.9999976,alpha,0.99999964
HP1502401_K22,alpha,alpha,0.99999905,alpha,0.9999976,alpha,0.9999993,alpha,0.99999595,alpha,0.99999976
HP1502401_I22,alpha,alpha,0.9999994,alpha,0.9999988,alpha,0.9999993,alpha,0.99999595,alpha,1.0
HP1502401_F4,alpha,alpha,0.9999993,alpha,0.999997,alpha,0.99999976,alpha,0.99999774,alpha,0.99999964
HP1502401_M15,alpha,alpha,0.9999994,alpha,0.99999917,alpha,0.99999976,alpha,0.99999964,alpha,0.99999976
HP1502401_A12,alpha,alpha,0.999992,alpha,0.9999988,alpha,0.99974316,alpha,0.9999404,alpha,0.9999976
HP1502401_D5,alpha,alpha,0.99999976,alpha,0.99999857,alpha,1.0,alpha,0.9999995,alpha,1.0
HP1502401_M5,alpha,alpha,0.9999999,alpha,0.9999603,alpha,0.99995947,alpha,0.9999968,alpha,0.9999975
HP1502401_K17,alpha,alpha,0.9936719,alpha,0.99592364,alpha,0.8945087,alpha,0.9869069,alpha,0.9258949
HP1502401_H15,alpha,alpha,0.9999999,alpha,0.99999976,alpha,0.99999976,alpha,0.9999999,alpha,1.0
HP1502401_H8,alpha,alpha,0.9999995,alpha,0.99999976,alpha,0.9999999,alpha,0.99998295,alpha,0.99999964
HP1502401_N17,alpha,alpha,0.9999994,alpha,0.99999976,alpha,0.9999993,alpha,0.9999981,alpha,1.0
HP1502401_O2,alpha,alpha,0.9999969,alpha,0.9999957,alpha,0.9999937,alpha,0.9999988,alpha,0.9999993
HP1502401_J21,alpha,alpha,0.9999994,alpha,0.9999981,alpha,0.99999976,alpha,0.99999857,alpha,0.9999962
HP1502401_J8,alpha,alpha,0.9999999,alpha,0.99999976,alpha,0.99999976,alpha,0.9999993,alpha,1.0
HP1502401_N15,alpha,alpha,0.9999937,alpha,0.99999404,alpha,0.9999993,alpha,0.9999945,alpha,0.9999987
HP1502401_H7,alpha,alpha,0.96158314,alpha,0.9998565,alpha,0.99983084,alpha,0.9908076,alpha,0.99983215
HP1502401_O1,alpha,alpha,0.9940077,macrophage,0.67795455,alpha,0.98874503,alpha,0.98588854,alpha,0.94948435
HP1502401_L3,alpha,alpha,0.9830496,alpha,0.9997632,alpha,0.9996904,alpha,0.99986184,alpha,0.99947494
HP1502401_J1,alpha,alpha,1.0,alpha,0.9999988,alpha,1.0,alpha,1.0,alpha,1.0
HP1502401_H3,alpha,alpha,0.9999999,alpha,0.99999857,alpha,0.9999999,alpha,0.99998236,alpha,1.0
HP1502401_I15,alpha,alpha,0.9999995,alpha,0.9999962,alpha,0.99999964,alpha,0.9999988,alpha,0.99999976
HP1502401_I4,alpha,alpha,0.9777519,macrophage,0.7708427,alpha,0.9999968,alpha,0.99947554,alpha,0.9994854
HP1502401_J23,alpha,alpha,0.99999785,alpha,0.99981683,alpha,0.99999297,alpha,0.99999225,alpha,0.9999924
HP1502401_M18,alpha,alpha,0.9990978,alpha,0.9997675,alpha,0.9994837,alpha,0.9988519,alpha,0.99987364
HP1502401_K15,alpha,alpha,0.9999999,alpha,1.0,alpha,1.0,alpha,0.99999774,alpha,1.0
HP1502401_G10,alpha,alpha,0.9999999,alpha,0.97921693,alpha,0.9999571,alpha,0.9999962,alpha,0.9999937
HP1502401_L2,alpha,alpha,0.99999976,alpha,0.99999964,alpha,0.9999994,alpha,0.99997365,alpha,1.0
HP1502401_L23,alpha,alpha,0.9999999,alpha,0.99987507,alpha,0.9999919,alpha,0.9999881,alpha,0.99998295
HP1502401_F19,alpha,alpha,0.9999999,alpha,0.99998987,alpha,0.99999833,alpha,0.9981053,alpha,0.9999999
HP1502401_L17,alpha,alpha,0.9999716,alpha,0.9999546,alpha,0.99991286,alpha,0.94877595,alpha,0.9999993
HP1502401_O22,alpha,alpha,0.99999917,alpha,0.9999995,alpha,0.99999976,alpha,0.99999523,alpha,0.99999976
HP1502401_L16,alpha,alpha,0.9999995,alpha,0.9999902,alpha,0.99999857,alpha,0.9999957,alpha,0.99999976
HP1502401_L12,alpha,alpha,0.99999976,alpha,0.99999964,alpha,0.9999999,alpha,0.999984,alpha,0.9999987
HP1502401_H2,alpha,alpha,0.9999999,alpha,0.9999999,alpha,0.9999999,alpha,0.9999999,alpha,0.9999999
HP1502401_K9,alpha,alpha,0.9999993,alpha,0.99999964,alpha,1.0,alpha,0.99999976,alpha,0.99999976
HP1502401_E16,alpha,alpha,0.99999404,alpha,0.9992149,alpha,0.9999857,alpha,0.9999883,alpha,0.999987
HP1502401_M4,alpha,alpha,0.99999976,alpha,0.9999993,alpha,0.9999994,alpha,0.99999857,alpha,0.9999999
HP1502401_O21,alpha,alpha,0.99999976,alpha,0.99999964,alpha,0.99999964,alpha,0.9999877,alpha,1.0
HP1502401_M10,alpha,alpha,0.999966,alpha,0.9998741,alpha,0.99997985,alpha,0.9982571,alpha,0.9999887
HP1502401_J11,alpha,alpha,0.9999999,alpha,0.999998,alpha,0.9999999,alpha,0.9999957,alpha,1.0
HP1502401_H4,alpha,alpha,0.9999999,alpha,0.99999964,alpha,1.0,alpha,0.9999989,alpha,1.0
HP1502401_L11,alpha,alpha,1.0,alpha,0.99999964,alpha,0.9999999,alpha,0.99999964,alpha,1.0
HP1502401_K3,alpha,alpha,0.99999917,alpha,0.9999988,alpha,0.9999994,alpha,0.9999982,alpha,1.0
HP1502401_I16,alpha,alpha,1.0,alpha,0.9999999,alpha,0.9999995,alpha,0.9999964,alpha,1.0
HP1502401_N12,alpha,alpha,0.9999993,alpha,0.9999604,alpha,0.9999989,alpha,0.99999905,alpha,0.9999999
HP1502401_M24,alpha,alpha,0.99999964,alpha,0.9999869,alpha,0.9999999,alpha,0.99999666,alpha,0.9999999
HP1502401_N4,alpha,alpha,0.99999905,alpha,0.99999964,alpha,0.9999993,alpha,0.9999988,alpha,0.9999999
HP1502401_E21,alpha,alpha,1.0,alpha,0.99999976,alpha,1.0,alpha,0.9999995,alpha,0.9999999
HP1502401_H10,alpha,alpha,0.9997787,alpha,0.9687574,alpha,0.9979406,mast,0.9172597,alpha,0.99680495
HP1502401_J6,alpha,alpha,1.0,alpha,0.9999963,alpha,1.0,alpha,0.9999989,alpha,1.0
HP1502401_M7,alpha,alpha,0.9999789,alpha,0.9989623,alpha,0.9999944,alpha,0.99997807,alpha,0.99999976
HP1502401_O24,alpha,alpha,0.99999714,alpha,0.99931204,alpha,0.99997354,alpha,0.99999535,alpha,0.9999989
HP1502401_C16,alpha,alpha,0.99999535,alpha,0.99993324,alpha,0.99999833,alpha,0.9999982,alpha,0.9999989
HP1502401_B20,alpha,alpha,0.99999726,alpha,0.9999932,alpha,0.99999714,alpha,0.9999758,alpha,0.9999883
HP1502401_D8,alpha,alpha,0.88076854,alpha,0.9083523,alpha,0.95568734,alpha,0.9801875,t_cell,0.46263874
HP1502401_F12,alpha,alpha,1.0,alpha,1.0,alpha,1.0,alpha,1.0,alpha,1.0
HP1502401_L7,alpha,alpha,0.9991911,alpha,0.9998832,alpha,0.99989545,alpha,0.99954236,alpha,0.9997781
HP1502401_A4,alpha,alpha,0.99999976,alpha,0.9999989,alpha,0.99999976,alpha,0.9999999,alpha,0.99999976
HP1502401_K5,alpha,alpha,0.99999356,alpha,0.9993272,alpha,0.9999975,alpha,0.99999774,alpha,0.99999976
HP1502401_C4,alpha,alpha,0.9999989,alpha,1.0,alpha,1.0,alpha,0.99999976,alpha,1.0
HP1502401_K1,alpha,alpha,0.9999968,alpha,0.9999981,alpha,0.99999774,alpha,0.9999993,alpha,0.9999995
HP1502401_J20,alpha,alpha,0.9999995,alpha,0.9999964,alpha,0.99999917,alpha,0.99999857,alpha,1.0
HP1502401_O23,alpha,alpha,0.99999905,alpha,0.9999995,alpha,0.99998784,alpha,0.9999988,alpha,0.9999981
HP1502401_B5,alpha,alpha,0.9999995,alpha,0.99999964,alpha,0.999992,alpha,0.9999995,alpha,0.9999995
HP1502401_E6,alpha,alpha,0.9999896,alpha,0.9992022,alpha,0.99999774,alpha,0.99997973,alpha,0.999741
HP1502401_J18,alpha,alpha,0.9999958,alpha,0.99998736,alpha,0.99999857,alpha,0.9999765,alpha,0.9999999
HP1502401_M1,alpha,alpha,0.9999987,alpha,0.99999976,alpha,0.9999999,alpha,0.9999999,alpha,1.0
HP1502401_J4,alpha,alpha,0.9999995,alpha,0.9993957,alpha,0.9999975,alpha,0.999977,alpha,0.99999964
HP1502401_A15,alpha,alpha,0.9999999,alpha,0.9999995,alpha,0.99999905,alpha,0.9999988,alpha,0.9999999
HP1502401_D20,alpha,alpha,0.9999999,alpha,0.9999993,alpha,0.9999999,alpha,0.9999974,alpha,0.9999999
HP1502401_G7,alpha,alpha,1.0,alpha,0.9999994,alpha,1.0,alpha,0.9999927,alpha,0.99999976
HP1502401_H5,alpha,alpha,0.99976796,alpha,0.9999691,alpha,0.9999999,alpha,0.9999974,alpha,0.9999994
HP1502401_D16,alpha,alpha,0.99999976,alpha,0.9999963,alpha,0.99999976,alpha,0.99998975,alpha,0.9999994
HP1502401_M19,alpha,alpha,0.9999993,alpha,0.9999981,alpha,0.9999995,alpha,0.9999995,alpha,1.0
HP1502401_K6,alpha,alpha,0.9999995,alpha,0.9999963,alpha,0.99999976,alpha,0.99999976,alpha,1.0
HP1502401_K2,alpha,alpha,0.99999976,alpha,0.99999976,alpha,0.9999751,alpha,0.9999802,alpha,0.9999988
HP1502401_O8,alpha,alpha,0.99999154,alpha,0.99991214,alpha,0.9999989,alpha,0.99999905,alpha,0.9999981
HP1502401_K16,alpha,alpha,0.9999994,alpha,0.9999982,alpha,0.9999976,alpha,0.99999917,alpha,0.9999993
HP1502401_E17,alpha,beta,0.99405587,beta,0.9718094,epsilon,0.49339756,beta,0.71604556,gamma,0.54953235
HP1502401_M23,alpha,alpha,0.9999912,alpha,0.99999475,alpha,0.9999869,alpha,0.9999939,alpha,0.9999999
HP1502401_I18,alpha,alpha,0.9999988,alpha,0.9999994,alpha,0.99999785,alpha,0.9999988,alpha,1.0
HP1502401_I1,alpha,alpha,1.0,alpha,0.99999976,alpha,1.0,alpha,0.9999999,alpha,1.0
HP1502401_L22,alpha,alpha,1.0,alpha,0.99999857,alpha,0.9999999,alpha,0.99999976,alpha,1.0
HP1502401_G8,alpha,alpha,0.9998598,alpha,0.9996772,alpha,0.99998486,alpha,0.99997854,alpha,0.9999987
HP1502401_M9,alpha,alpha,0.99999547,alpha,0.99997437,alpha,0.9999889,alpha,0.9998487,alpha,0.9999008
HP1502401_D24,alpha,alpha,0.9999907,alpha,0.9999989,alpha,0.9999993,alpha,0.99981123,alpha,0.99999905
HP1502401_O4,alpha,alpha,0.9999677,alpha,0.99996173,alpha,0.9999987,alpha,0.99995315,alpha,0.99999774
HP1502401_L15,alpha,alpha,0.9999988,alpha,1.0,alpha,0.9999999,alpha,0.99999964,alpha,1.0
HP1502401_L9,alpha,alpha,0.9999863,alpha,0.9999987,alpha,0.9999943,alpha,0.9999944,alpha,0.99999976
HP1502401_M3,alpha,alpha,0.9999993,alpha,0.9999994,alpha,0.9999994,alpha,0.99999833,alpha,1.0
HP1502401_H20,alpha,alpha,0.99999905,alpha,0.9999962,alpha,0.9999976,alpha,0.99999976,alpha,0.9999999
HP1502401_O20,alpha,alpha,0.9999999,alpha,0.99999976,alpha,0.9999999,alpha,0.99999976,alpha,1.0
HP1502401_H24,alpha,alpha,0.9999999,alpha,0.99999845,alpha,0.9999995,alpha,0.99998224,alpha,0.9999995
HP1502401_L4,alpha,alpha,0.9999999,alpha,0.9999995,alpha,0.9999999,alpha,0.9999958,alpha,0.9999989
HP1502401_O17,alpha,alpha,0.99922156,alpha,0.99998724,alpha,0.9999999,alpha,0.9999424,alpha,0.99992156
HP1502401_M11,alpha,alpha,1.0,alpha,0.99999964,alpha,0.9999999,alpha,0.9999995,alpha,1.0
HP1502401_F23,alpha,alpha,0.9999963,alpha,0.99999774,alpha,0.9999881,alpha,0.9999987,alpha,0.9999809
HP1502401_M21,alpha,alpha,0.9999989,alpha,0.9999968,alpha,0.9999993,alpha,0.9999908,alpha,0.9999995
HP1502401_K21,alpha,alpha,0.99999964,alpha,0.99999857,alpha,0.99999833,alpha,0.99999523,alpha,0.99999774
HP1502401_H16,alpha,alpha,0.9999988,alpha,0.99999917,alpha,0.9999988,alpha,0.99999607,alpha,1.0
HP1502401_L20,alpha,alpha,0.9999999,alpha,0.99999964,alpha,1.0,alpha,0.9999994,alpha,1.0
HP1502401_N20,alpha,alpha,0.99999595,alpha,0.97678614,alpha,0.99993527,alpha,0.99999523,alpha,0.9999949
HP1502401_E11,alpha,alpha,1.0,alpha,0.9999999,alpha,1.0,alpha,0.9999995,alpha,1.0
HP1502401_K11,alpha,alpha,0.99998164,alpha,0.9999901,alpha,0.999984,alpha,0.97354954,alpha,0.9999769
HP1502401_B10,alpha,alpha,0.9999976,alpha,0.91759896,alpha,0.9994941,alpha,0.99967957,alpha,0.9999496
HP1502401_F20,alpha,alpha,0.99996793,alpha,0.9999714,alpha,0.9999993,alpha,0.9999747,alpha,0.9999999
HP1502401_B16,alpha,alpha,0.9999989,alpha,0.99999595,alpha,0.99999976,alpha,0.99999607,alpha,1.0
HP1502401_L1,alpha,alpha,0.99998105,alpha,0.9999114,alpha,0.9999902,alpha,0.9999716,alpha,0.9890153
HP1502401_A17,alpha,alpha,0.999998,alpha,0.9999999,alpha,0.9999999,alpha,0.99998534,alpha,0.9999995
HP1502401_H1,alpha,alpha,0.9881499,alpha,0.99730194,alpha,0.9999778,alpha,0.99947053,alpha,0.9999876
HP1502401_I23,alpha,alpha,0.9999999,alpha,0.9999989,alpha,1.0,alpha,0.9999926,alpha,0.99999857
HP1502401_O3,alpha,alpha,0.99999774,alpha,0.99998844,alpha,0.9999956,alpha,0.99998605,alpha,0.99999905
HP1502401_F10,alpha,alpha,0.99999964,alpha,0.99999905,alpha,0.9999999,alpha,0.99999964,alpha,1.0
HP1502401_N3,alpha,alpha,0.9999995,alpha,0.9999989,alpha,0.99999917,alpha,0.99999905,alpha,1.0
HP1502401_N19,alpha,alpha,0.99999964,alpha,0.99999845,alpha,0.9999999,alpha,0.99999976,alpha,1.0
HP1502401_K20,alpha,alpha,1.0,alpha,0.9999988,alpha,0.9999999,alpha,0.9999994,alpha,1.0
HP1504101T2D_M6,alpha,alpha,0.9999999,alpha,0.99999905,alpha,0.99999964,alpha,0.9999958,alpha,0.99999917
HP1504101T2D_F15,alpha,gamma,0.9964101,gamma,0.9077604,gamma,0.8916554,gamma,0.95011497,alpha,0.6111898
HP1504101T2D_F10,alpha,alpha,1.0,alpha,0.99999964,alpha,1.0,alpha,1.0,alpha,0.9999999
HP1504101T2D_M18,alpha,alpha,0.9999937,alpha,0.9999404,alpha,0.99999535,alpha,0.99999344,alpha,0.99998343
HP1504101T2D_L23,alpha,alpha,1.0,alpha,0.99999976,alpha,0.9999989,alpha,0.99999976,alpha,0.9999995
HP1504101T2D_N17,alpha,alpha,0.9999932,alpha,0.99999726,alpha,0.99999404,alpha,0.99999344,alpha,0.9999931
HP1504101T2D_G1,alpha,alpha,1.0,alpha,0.9999975,alpha,0.9999956,alpha,0.99999976,alpha,0.9999963
HP1504101T2D_M19,alpha,alpha,0.7640215,alpha,0.8844312,alpha,0.75147367,alpha,0.99260074,gamma,0.8852059
HP1504101T2D_J15,alpha,alpha,0.99999905,alpha,0.9999939,alpha,0.99999976,alpha,0.9999988,alpha,0.99999833
HP1504101T2D_N7,alpha,alpha,0.9999964,alpha,0.99996305,alpha,0.99999857,alpha,0.9999851,alpha,0.99999523
HP1504101T2D_O16,alpha,alpha,0.9999999,alpha,0.99999833,alpha,0.9999728,alpha,0.999998,alpha,0.9999982
HP1504101T2D_M4,alpha,alpha,0.70263886,gamma,0.7793441,alpha,0.6299776,alpha,0.817655,alpha,0.96806204
HP1504101T2D_I20,alpha,alpha,0.99999404,alpha,0.99999356,alpha,0.9999999,alpha,0.99999654,alpha,0.9999969
HP1504101T2D_K24,alpha,alpha,0.9999994,alpha,0.99999917,alpha,0.99999666,alpha,0.99999726,alpha,0.9999145
HP1504101T2D_I1,alpha,alpha,0.9525919,alpha,0.98823,alpha,0.6299406,alpha,0.9932633,alpha,0.9971042
HP1504101T2D_J13,alpha,alpha,0.99994063,alpha,0.9998661,alpha,0.99998903,alpha,0.9999361,alpha,0.9999646
HP1504101T2D_D2,alpha,alpha,0.999998,alpha,0.99999857,alpha,0.9999989,alpha,0.99995005,alpha,0.9999865
HP1504101T2D_O13,alpha,alpha,0.8814451,alpha,0.97197706,alpha,0.9964729,alpha,0.99308175,alpha,0.99479795
HP1504101T2D_L2,alpha,alpha,1.0,alpha,0.9999994,alpha,0.99999917,alpha,0.9999999,alpha,0.99999964
HP1504101T2D_I24,alpha,alpha,0.99765694,alpha,0.9997546,alpha,0.8896357,alpha,0.9982495,alpha,0.9710863
HP1504101T2D_J18,alpha,alpha,0.9719396,alpha,0.7980975,alpha,0.9925011,alpha,0.9977362,alpha,0.92404723
HP1504101T2D_M15,alpha,alpha,0.8322925,alpha,0.7632253,alpha,0.79304606,alpha,0.8699413,alpha,0.99995077
HP1504101T2D_N15,alpha,alpha,0.9999995,alpha,0.9999962,alpha,0.99999976,alpha,0.9999987,alpha,0.99999905
HP1504101T2D_F7,alpha,alpha,0.99999845,alpha,0.9999882,alpha,0.99999917,alpha,0.99999475,alpha,0.9999927
HP1504101T2D_I5,alpha,alpha,0.99999774,alpha,0.99996376,alpha,0.9999862,alpha,0.9999901,alpha,0.9999747
HP1504101T2D_C17,alpha,alpha,0.99999845,alpha,0.9999678,alpha,0.9999963,alpha,0.9999962,alpha,0.9999968
HP1504101T2D_F22,alpha,alpha,0.99999976,alpha,0.9998896,alpha,0.9999964,alpha,0.99999535,alpha,0.9999989
HP1504101T2D_J2,alpha,gamma,0.99974054,gamma,0.9999558,gamma,0.99998987,gamma,0.99974054,gamma,0.99972886
HP1504101T2D_E1,alpha,alpha,0.9999988,alpha,0.9999963,alpha,0.99999976,alpha,0.999985,alpha,0.9999999
HP1504101T2D_A19,alpha,alpha,0.9999802,alpha,0.9999943,alpha,0.999995,alpha,0.99999714,alpha,0.9999956
HP1504101T2D_G2,alpha,alpha,0.9999963,alpha,0.999912,alpha,0.9998703,alpha,0.9999964,alpha,0.9999337
HP1504101T2D_J11,alpha,alpha,0.99999785,alpha,0.9999924,alpha,0.99999833,alpha,0.99988437,alpha,0.9999944
HP1504101T2D_K22,alpha,alpha,0.99999607,alpha,0.99967706,alpha,0.9995778,alpha,0.9995524,alpha,0.9999893
HP1504101T2D_G17,alpha,alpha,0.99999976,alpha,0.9999999,alpha,0.99999976,alpha,0.99999845,alpha,0.99999857
HP1504101T2D_N19,alpha,alpha,0.99980026,alpha,0.9999889,alpha,0.9999832,alpha,0.9999759,alpha,0.99997807
HP1504101T2D_I17,alpha,alpha,0.99999964,alpha,0.99999857,alpha,0.9999974,alpha,0.99999857,alpha,0.999998
HP1504101T2D_D7,alpha,alpha,0.9999993,alpha,0.99996006,alpha,0.9999722,alpha,0.9999968,alpha,0.99999857
HP1504101T2D_L21,alpha,alpha,0.9999993,alpha,0.9999994,alpha,0.9999999,alpha,0.9999976,alpha,0.99999917
HP1504101T2D_N12,alpha,alpha,1.0,alpha,0.99999964,alpha,0.9999999,alpha,0.99999416,alpha,1.0
HP1504101T2D_B16,alpha,alpha,0.9308396,alpha,0.999944,alpha,0.98769844,alpha,0.99922967,alpha,0.99973184
HP1504101T2D_E23,alpha,alpha,0.99999905,alpha,0.9999584,alpha,0.99999917,alpha,0.9999888,alpha,0.999998
HP1504101T2D_H9,alpha,alpha,0.99999285,alpha,0.9999944,alpha,0.9999994,alpha,0.9999838,alpha,0.99999845
HP1504101T2D_A5,alpha,alpha,0.9999962,alpha,0.9999993,alpha,0.9999976,alpha,0.9999552,alpha,0.99999785
HP1504101T2D_K23,alpha,alpha,0.99999106,alpha,0.99998915,alpha,0.99997973,alpha,0.9999877,alpha,0.9999137
HP1504101T2D_I18,alpha,alpha,0.9999995,alpha,0.9999945,alpha,0.9999988,alpha,0.99998724,alpha,0.99999404
HP1504101T2D_P2,alpha,alpha,0.99999917,alpha,0.9999958,alpha,0.99999785,alpha,0.9999963,alpha,0.999998
HP1504101T2D_I14,alpha,alpha,0.9998486,alpha,0.99998367,alpha,0.9997509,alpha,0.99996376,alpha,0.99998736
HP1504101T2D_E10,alpha,alpha,0.96104985,alpha,0.9477146,alpha,0.7102261,alpha,0.99548244,alpha,0.9381778
HP1504101T2D_G24,alpha,alpha,0.99993944,alpha,0.9997749,alpha,0.9999988,alpha,0.99999607,alpha,0.9999399
HP1504101T2D_F5,alpha,epsilon,0.5369848,alpha,0.9998241,alpha,0.99995935,mast,0.84361416,alpha,0.9998995
HP1504101T2D_M21,alpha,alpha,0.99999857,alpha,0.9999958,alpha,0.9999999,alpha,0.999997,alpha,0.9999975
HP1504101T2D_D19,alpha,alpha,0.55568236,gamma,0.8347011,gamma,0.9986702,gamma,0.9291961,gamma,0.64882845
HP1504101T2D_K4,alpha,gamma,0.59476686,alpha,0.9082354,alpha,0.98868656,alpha,0.88025147,gamma,0.9906239
HP1504101T2D_N9,alpha,alpha,1.0,alpha,0.99999857,alpha,0.9999995,alpha,0.999998,alpha,0.9999964
HP1504101T2D_M7,alpha,alpha,0.9968166,alpha,0.99561524,alpha,0.91908336,alpha,0.99997234,alpha,0.9939539
HP1504101T2D_O6,alpha,alpha,0.9998778,alpha,0.99994457,alpha,0.9925483,alpha,0.9999527,alpha,0.9988651
HP1504101T2D_E6,alpha,alpha,0.99999154,alpha,0.99999607,alpha,0.99997914,alpha,0.99993765,alpha,0.9999987
HP1504101T2D_B11,alpha,alpha,0.9999975,alpha,0.99999845,alpha,0.9999987,alpha,0.9999697,alpha,0.99999225
HP1504101T2D_C4,alpha,alpha,0.99994636,alpha,0.99856156,alpha,0.9999645,alpha,0.99958557,alpha,0.999863
HP1504101T2D_C15,alpha,alpha,0.9999938,alpha,0.9999975,alpha,0.9999734,alpha,0.9999951,alpha,0.99999654
HP1504101T2D_C22,alpha,alpha,0.6654508,alpha,0.68329847,gamma,0.87426716,alpha,0.9801189,alpha,0.9961428
HP1504101T2D_D13,alpha,gamma,0.9948074,gamma,0.996851,gamma,0.98823625,gamma,0.83072454,gamma,0.8975497
HP1504101T2D_F12,alpha,alpha,0.99999726,alpha,0.99999964,alpha,0.9999993,alpha,0.9999993,alpha,0.99999917
HP1504101T2D_C14,alpha,alpha,0.99999607,alpha,0.9999628,alpha,0.9999695,alpha,0.9999988,alpha,0.99999344
HP1504101T2D_J6,alpha,alpha,0.72666216,alpha,0.99940395,alpha,0.99997616,mast,0.6040606,alpha,0.9967139
HP1504101T2D_H20,alpha,alpha,0.9999999,alpha,0.9999938,alpha,0.9999958,alpha,0.99999845,alpha,0.9999974
HP1504101T2D_G12,alpha,alpha,0.9999647,alpha,0.9999838,alpha,0.99923205,alpha,0.99987614,alpha,0.99971956
HP1504101T2D_N13,alpha,alpha,0.99972993,alpha,0.9999429,alpha,0.99990344,alpha,0.99985945,alpha,0.99995553
HP1504101T2D_L8,alpha,alpha,0.99998224,alpha,0.9999939,alpha,0.9999989,alpha,0.9999956,alpha,0.99999857
HP1504101T2D_L7,alpha,gamma,0.60450953,alpha,0.8482499,gamma,0.9695915,gamma,0.5972042,alpha,0.98512995
HP1504101T2D_M24,alpha,alpha,0.9999839,alpha,0.99998975,alpha,0.9999541,alpha,0.99998784,alpha,0.9998292
HP1504101T2D_G22,alpha,alpha,0.9999987,alpha,0.99999917,alpha,0.9999989,alpha,0.9999975,alpha,0.9999994
HP1504101T2D_P17,alpha,alpha,0.9999968,alpha,0.99999905,alpha,0.99999905,alpha,0.99998796,alpha,0.9999975
HP1504101T2D_G14,alpha,alpha,0.9999999,alpha,0.99998987,alpha,0.99999976,alpha,0.9999994,alpha,0.9999993
HP1504101T2D_G10,alpha,alpha,0.9999989,alpha,0.9999993,alpha,0.9999994,alpha,0.999998,alpha,0.99999964
HP1504101T2D_K12,alpha,alpha,0.9999876,alpha,0.99999666,alpha,0.9999993,alpha,0.9999993,alpha,0.99999905
HP1504101T2D_G19,alpha,alpha,0.51580787,alpha,0.9996419,alpha,0.8446974,alpha,0.8572986,alpha,0.9950153
HP1504101T2D_M2,alpha,alpha,1.0,alpha,0.9999999,alpha,1.0,alpha,0.99999917,alpha,1.0
HP1504101T2D_M9,alpha,alpha,1.0,alpha,0.9999999,alpha,1.0,alpha,0.9999995,alpha,1.0
HP1504101T2D_O14,alpha,alpha,1.0,alpha,1.0,alpha,0.99999833,alpha,0.9999999,alpha,0.9999989
HP1504101T2D_P22,alpha,alpha,0.9999999,alpha,0.9999932,alpha,0.9999999,alpha,0.9999808,alpha,0.99999726
HP1504101T2D_M10,alpha,alpha,0.9999999,alpha,0.9999995,alpha,0.9999957,alpha,0.99999964,alpha,0.9999999
HP1504101T2D_E3,alpha,alpha,0.9999963,alpha,0.9999858,alpha,0.99958175,alpha,0.99999213,alpha,0.99999475
HP1504101T2D_O22,alpha,gamma,0.828892,alpha,0.9820274,alpha,0.78913206,alpha,0.9140998,gamma,0.9830846
HP1504101T2D_M5,alpha,alpha,1.0,alpha,0.99999976,alpha,0.9999994,alpha,0.99999976,alpha,1.0
HP1504101T2D_B21,alpha,alpha,0.99987197,alpha,0.9993573,alpha,0.97666276,alpha,0.99886936,alpha,0.96149164
HP1504101T2D_J7,alpha,alpha,0.99999833,alpha,0.99998426,alpha,0.99999917,alpha,0.9999813,alpha,0.9999964
HP1504101T2D_A6,alpha,alpha,1.0,alpha,0.99999976,alpha,0.9999999,alpha,0.9999999,alpha,1.0
HP1504101T2D_I8,alpha,alpha,1.0,alpha,0.99999964,alpha,1.0,alpha,0.9999999,alpha,0.9999999
HP1504101T2D_P21,alpha,alpha,0.54349655,alpha,0.98796403,alpha,0.63615006,alpha,0.9969277,alpha,0.9904169
HP1504101T2D_A12,alpha,alpha,1.0,alpha,0.99999976,alpha,0.9999999,alpha,0.99999976,alpha,0.99999964
HP1504101T2D_O9,alpha,alpha,0.99998546,alpha,0.99999464,alpha,0.9999994,alpha,0.99996686,alpha,0.99999905
HP1504101T2D_N1,alpha,alpha,0.99996984,alpha,0.99999356,alpha,0.9999994,alpha,0.9999776,alpha,0.999997
HP1504101T2D_I23,alpha,alpha,0.9984127,alpha,0.99670815,alpha,0.9376362,alpha,0.9981806,alpha,0.99974316
HP1504101T2D_L5,alpha,alpha,0.9999994,alpha,0.9999989,alpha,0.9999999,alpha,0.9999994,alpha,0.99999905
HP1504101T2D_O20,alpha,alpha,0.9999982,alpha,0.9999994,alpha,0.9999994,alpha,0.9999881,alpha,0.99999154
HP1504101T2D_B7,alpha,alpha,0.99999964,alpha,0.999969,alpha,0.9999964,alpha,0.9999933,alpha,0.9999919
HP1504101T2D_N24,alpha,alpha,0.9999634,alpha,0.99999917,alpha,0.9999995,alpha,0.9999924,alpha,0.9999981
HP1504101T2D_H2,alpha,alpha,0.99999845,alpha,0.999992,alpha,0.99999976,alpha,0.9999727,alpha,0.99999964
HP1504101T2D_N22,alpha,alpha,0.99997306,alpha,0.99999857,alpha,0.9999989,alpha,0.9999957,alpha,0.99999857
HP1504101T2D_E22,alpha,alpha,0.99999666,alpha,0.99998534,alpha,0.99996734,alpha,0.9999945,alpha,0.9999993
HP1504101T2D_C20,alpha,alpha,0.99981385,alpha,0.9960198,alpha,0.99989855,alpha,0.9998673,alpha,0.99985015
HP1504101T2D_H17,alpha,alpha,0.9989569,macrophage,0.8520693,alpha,0.9918499,gamma,0.6483183,alpha,0.98656917
HP1504101T2D_L4,alpha,alpha,0.9935522,alpha,0.99884295,alpha,0.9997429,alpha,0.9999317,alpha,0.99800044
HP1504101T2D_P7,alpha,alpha,0.9999995,alpha,0.9999981,alpha,0.9999945,alpha,0.9999982,alpha,0.9999976
HP1504101T2D_O10,alpha,alpha,0.99998677,alpha,0.9998246,alpha,0.99999774,alpha,0.99995756,alpha,0.9999902
HP1504101T2D_K20,alpha,alpha,0.9999999,alpha,0.99999964,alpha,0.9999999,alpha,1.0,alpha,0.99999845
HP1504101T2D_I22,alpha,alpha,0.9999999,alpha,0.9999988,alpha,0.9999994,alpha,0.99999404,alpha,0.9999993
HP1504101T2D_H4,alpha,alpha,0.9999964,alpha,0.9977701,alpha,0.9999889,alpha,0.99994445,alpha,0.9999769
HP1504101T2D_K17,alpha,alpha,0.99999976,alpha,0.9999995,alpha,0.99999976,alpha,0.9999994,alpha,0.99999976
HP1504101T2D_L10,alpha,alpha,0.9999999,alpha,0.99999833,alpha,0.99999964,alpha,0.9999995,alpha,0.9999999
HP1504101T2D_H21,alpha,alpha,0.680939,alpha,0.9861573,alpha,0.9363408,alpha,0.9980274,alpha,0.9766297
HP1504101T2D_O3,alpha,alpha,0.9999939,alpha,0.9999839,alpha,0.9999993,alpha,0.99999976,alpha,0.9999988
HP1504101T2D_N2,alpha,alpha,0.99929655,alpha,0.99998534,alpha,0.99999964,alpha,0.99998856,alpha,0.9999944
HP1504101T2D_J20,alpha,alpha,0.99998546,alpha,0.9958072,alpha,0.99774206,alpha,0.99996793,alpha,0.99958545
HP1504101T2D_L3,alpha,alpha,0.9998909,alpha,0.9999982,alpha,0.9999982,alpha,0.999997,alpha,0.99998236
HP1504101T2D_P11,alpha,alpha,0.99999976,alpha,0.9999933,alpha,0.99999964,alpha,0.99999917,alpha,0.99999905
HP1504101T2D_F3,alpha,alpha,0.99951506,alpha,0.99996006,alpha,0.9995925,alpha,0.99984694,alpha,0.99993753
HP1504101T2D_J1,alpha,alpha,0.99999654,alpha,0.99999285,alpha,0.9984193,alpha,0.99984884,alpha,0.99981385
HP1504101T2D_N8,alpha,alpha,0.99999917,alpha,0.9999999,alpha,0.9999957,alpha,0.9999931,alpha,0.9999999
HP1504101T2D_G23,alpha,gamma,0.50085306,alpha,0.9438834,gamma,0.7586086,gamma,0.63820016,alpha,0.98687047
HP1504101T2D_N6,alpha,alpha,0.9999912,alpha,0.99996734,alpha,0.9999995,alpha,0.9999087,alpha,0.9995059
HP1504101T2D_H22,alpha,alpha,0.99999976,alpha,0.9999999,alpha,0.99999774,alpha,0.99999917,alpha,0.99999976
HP1504101T2D_B13,alpha,alpha,0.99999654,alpha,0.99999845,alpha,0.99994266,alpha,0.9999949,alpha,0.9999962
HP1504101T2D_F19,alpha,alpha,0.9999999,alpha,0.9999995,alpha,1.0,alpha,0.9999999,alpha,1.0
HP1504101T2D_F24,alpha,epsilon,0.56828815,alpha,0.9201297,alpha,0.984065,mast,0.8251746,alpha,0.99754333
HP1504101T2D_A8,alpha,alpha,0.99594116,alpha,0.99904186,alpha,0.873548,alpha,0.99736917,alpha,0.9997106
HP1504101T2D_H15,alpha,alpha,0.9998833,alpha,0.99999917,alpha,0.99999714,alpha,0.99999404,alpha,0.9999969
HP1504101T2D_M23,alpha,alpha,1.0,alpha,0.99999964,alpha,0.9999999,alpha,0.9999999,alpha,0.9999999
HP1504101T2D_J24,alpha,alpha,0.9999974,alpha,0.9998259,alpha,0.99999976,alpha,0.9999912,alpha,0.99998426
HP1504101T2D_D5,alpha,alpha,0.99996257,alpha,0.99999154,alpha,0.99999964,alpha,0.99997795,alpha,0.9999964
HP1504101T2D_L18,alpha,alpha,0.9999995,alpha,0.99999905,alpha,0.99999976,alpha,0.99999547,alpha,0.9999994
HP1504101T2D_K18,alpha,alpha,0.9999988,alpha,0.9999974,alpha,0.99999976,alpha,0.99999976,alpha,0.9999993
HP1504101T2D_P18,alpha,alpha,0.99980575,alpha,0.99999785,alpha,0.9999647,alpha,0.9999676,alpha,0.9999968
HP1504101T2D_L19,alpha,alpha,0.9999995,alpha,0.9999347,alpha,0.9999641,alpha,0.99999857,alpha,0.999997
HP1504101T2D_N5,alpha,alpha,0.99998033,alpha,0.99997354,alpha,0.9999981,alpha,0.9998921,alpha,0.99955684
HP1504101T2D_A23,alpha,alpha,0.99999213,alpha,0.99983716,alpha,0.9999901,alpha,0.99998176,alpha,0.9999765
HP1504101T2D_D6,alpha,alpha,0.9999995,alpha,0.9999999,alpha,0.9999975,alpha,0.99999654,alpha,0.99999595
HP1504901_D15,alpha,alpha,0.99231297,alpha,0.9615213,alpha,0.99949586,alpha,0.98975664,alpha,0.999908
HP1504901_B15,alpha,alpha,0.9999888,alpha,0.9999995,alpha,0.9999529,alpha,0.9999924,alpha,0.99998105
HP1504901_B3,alpha,alpha,0.9871085,alpha,0.9998549,alpha,0.9974942,alpha,0.99989414,alpha,0.9996823
HP1504901_N2,alpha,alpha,0.99867505,alpha,0.99816614,alpha,0.9993488,alpha,0.999884,alpha,0.99991024
HP1504901_H12,alpha,alpha,1.0,alpha,1.0,alpha,0.99999976,alpha,0.9999918,alpha,1.0
HP1504901_D12,alpha,alpha,0.99991846,alpha,0.99998283,alpha,0.99990284,alpha,0.9999566,alpha,0.99979776
HP1504901_F12,alpha,alpha,0.99998736,alpha,0.9999889,alpha,0.9997601,alpha,0.99999523,alpha,0.9999918
HP1504901_H10,alpha,alpha,0.9999993,alpha,0.9999975,alpha,0.99997854,alpha,0.9999764,alpha,0.9999993
HP1504901_O7,alpha,alpha,0.9999578,alpha,0.99999523,alpha,0.9999932,alpha,0.9999933,alpha,0.9999956
HP1504901_K12,alpha,alpha,0.9999732,alpha,0.9999912,alpha,0.999925,alpha,0.9999459,alpha,0.99999
HP1504901_J8,alpha,alpha,0.9988715,alpha,0.9903476,alpha,0.990346,alpha,0.9997012,alpha,0.9992318
HP1504901_C11,alpha,epsilon,0.982312,alpha,0.99991643,alpha,0.9974293,alpha,0.99630225,alpha,0.99977404
HP1504901_B16,alpha,alpha,0.99999475,alpha,0.99999976,alpha,0.99996877,alpha,0.99998915,alpha,0.99977416
HP1504901_F6,alpha,alpha,0.99999964,alpha,0.99999905,alpha,0.9999958,alpha,0.9999827,alpha,0.99999917
HP1504901_P10,alpha,alpha,0.9998584,alpha,0.9999348,alpha,0.9995053,alpha,0.9999312,alpha,0.99991727
HP1504901_D16,alpha,alpha,0.9889227,alpha,0.99960774,alpha,0.9983107,alpha,0.9995844,alpha,0.99644643
HP1504901_M3,alpha,alpha,0.9998814,alpha,0.99999607,alpha,0.99995184,alpha,0.99999285,alpha,0.99999404
HP1504901_D23,alpha,alpha,0.9999925,alpha,0.9999546,alpha,0.9989893,alpha,0.9998797,alpha,0.99999106
HP1504901_B13,alpha,beta,0.97311866,beta,0.7722825,beta,0.9992787,beta,0.9073937,beta,0.93561375
HP1504901_H4,alpha,alpha,0.99999976,alpha,0.9999999,alpha,0.99999714,alpha,0.9999994,alpha,0.99999976
HP1504901_B1,alpha,alpha,0.9995622,alpha,0.9996811,alpha,0.9997205,alpha,0.9999683,alpha,0.9999826
HP1504901_G9,alpha,alpha,0.9969331,alpha,0.9999217,alpha,0.9976012,alpha,0.99946386,alpha,0.9992937
HP1504901_E24,alpha,alpha,0.99999785,alpha,0.99999356,alpha,0.9999727,alpha,0.9999958,alpha,0.9999958
HP1504901_A14,alpha,alpha,0.9999838,alpha,0.9999783,alpha,0.99997973,alpha,0.9999869,alpha,0.9999989
HP1504901_O9,alpha,alpha,0.9999809,alpha,0.9999993,alpha,0.99997294,alpha,0.9999428,alpha,0.9999895
HP1504901_G3,alpha,alpha,0.99999905,alpha,0.99999833,alpha,0.99998915,alpha,0.99989235,alpha,0.99999666
HP1504901_F5,alpha,alpha,0.99999845,alpha,0.9999993,alpha,0.9999989,alpha,0.9999993,alpha,0.99999964
HP1504901_K1,alpha,alpha,0.9866614,alpha,0.9796438,alpha,0.99870825,alpha,0.9997863,alpha,0.9999956
HP1504901_C16,alpha,alpha,0.9989785,alpha,0.8112057,alpha,0.9993661,alpha,0.99995005,alpha,0.9999902
HP1504901_H11,alpha,alpha,0.99998164,alpha,0.99998176,alpha,0.99999475,alpha,0.99997985,alpha,0.99998796
HP1504901_I24,alpha,alpha,0.99987006,alpha,0.9999926,alpha,0.99993646,alpha,0.9999746,alpha,0.99999106
HP1504901_E18,alpha,alpha,0.99998903,alpha,0.99998593,alpha,0.9999734,alpha,0.9999635,alpha,0.9999914
HP1504901_H6,alpha,alpha,0.99999607,alpha,0.9999999,alpha,0.99999475,alpha,0.99996066,alpha,0.9999994
HP1504901_J17,alpha,alpha,0.9999937,alpha,0.999997,alpha,0.9999833,alpha,0.9999957,alpha,0.99999964
HP1504901_N1,alpha,alpha,0.74634755,quiescent_stellate,0.5234371,alpha,0.9996947,alpha,0.99944264,alpha,0.9989681
HP1504901_D22,alpha,alpha,0.9997646,alpha,0.99899024,alpha,0.99981755,alpha,0.9990982,alpha,0.99999154
HP1504901_N22,alpha,alpha,0.99999964,alpha,0.99999607,alpha,0.9999889,alpha,0.99999845,alpha,0.9999982
HP1504901_J20,alpha,alpha,0.9993563,alpha,0.98959863,alpha,0.99989295,alpha,0.9998355,alpha,0.9999738
HP1504901_J23,alpha,alpha,0.98744863,alpha,0.99924374,alpha,0.99350584,alpha,0.9934656,alpha,0.9994734
HP1504901_F19,alpha,alpha,0.9991623,alpha,0.9999969,alpha,0.9999306,alpha,0.99997044,alpha,0.99999666
HP1504901_G2,alpha,alpha,0.9999008,alpha,0.9999417,alpha,0.9972357,alpha,0.999977,alpha,0.99997413
HP1504901_N16,alpha,alpha,0.99969816,alpha,0.99998236,alpha,0.9998115,alpha,0.9999608,alpha,0.9999993
HP1504901_F24,alpha,alpha,0.9990237,alpha,0.98980695,alpha,0.88895965,alpha,0.9995735,alpha,0.9981263
HP1504901_O17,alpha,alpha,0.99999774,alpha,0.9999987,alpha,0.99999046,alpha,0.99999726,alpha,0.99999964
HP1504901_A19,alpha,alpha,0.9999994,alpha,0.9999918,alpha,0.9999957,alpha,0.99999154,alpha,0.99999917
HP1504901_D5,alpha,alpha,0.99997056,alpha,0.9999877,alpha,0.99998844,alpha,0.9999827,alpha,0.99999774
HP1504901_D1,alpha,gamma,0.9481682,gamma,0.7034048,gamma,0.5878543,gamma,0.92781526,gamma,0.8904435
HP1504901_N12,alpha,alpha,0.99983454,alpha,0.995235,alpha,0.99925345,alpha,0.997408,alpha,0.9998154
HP1504901_H8,alpha,alpha,0.9999994,alpha,0.99999344,alpha,0.9999995,alpha,0.99997854,alpha,0.9999999
HP1504901_M24,alpha,alpha,0.999933,alpha,0.9997917,alpha,0.9999552,alpha,0.9999908,alpha,0.99998593
HP1504901_O10,alpha,alpha,0.9999976,alpha,0.9999958,alpha,0.9999958,alpha,0.99999464,alpha,0.9999989
HP1504901_B18,alpha,alpha,0.9999989,alpha,0.9999994,alpha,0.99998736,alpha,0.99999607,alpha,0.9999989
HP1504901_F9,alpha,alpha,0.9999994,alpha,0.9999956,alpha,0.99999607,alpha,0.99999714,alpha,0.99999964
HP1504901_F20,alpha,alpha,0.99999213,alpha,0.9999995,alpha,0.9999933,alpha,0.9999962,alpha,0.9999995
HP1504901_O6,alpha,alpha,0.9999509,alpha,0.9999819,alpha,0.99997723,alpha,0.9999684,alpha,0.99999475
HP1504901_J19,alpha,alpha,0.985344,alpha,0.6223748,alpha,0.9982298,alpha,0.9425716,alpha,0.9999026
HP1504901_L13,alpha,alpha,0.9968924,alpha,0.9998411,alpha,0.9999385,alpha,0.99988806,alpha,0.9999926
HP1504901_G13,alpha,alpha,0.9999862,alpha,0.9999937,alpha,0.9999424,alpha,0.9999784,alpha,0.9999975
HP1504901_J22,alpha,alpha,0.9999989,alpha,0.99999976,alpha,0.9999969,alpha,0.9999918,alpha,0.9999975
HP1504901_L14,alpha,alpha,0.99967766,alpha,0.99936384,alpha,0.9996817,alpha,0.99976724,alpha,0.99988866
HP1504901_A2,alpha,alpha,0.9999995,alpha,0.99997246,alpha,0.999992,alpha,0.9999876,alpha,0.9999976
HP1504901_N17,alpha,alpha,0.9994042,alpha,0.99976844,alpha,0.9995834,alpha,0.9999919,alpha,0.99995494
HP1504901_I3,alpha,alpha,0.6985652,alpha,0.99954236,alpha,0.9998846,alpha,0.99926144,alpha,0.99974865
HP1504901_A9,alpha,alpha,0.99999654,alpha,0.99999547,alpha,0.9999819,alpha,0.9999902,alpha,0.99999905
HP1504901_I21,alpha,alpha,0.9999883,alpha,0.9999902,alpha,0.99997044,alpha,0.9999945,alpha,0.9999999
HP1504901_G6,alpha,alpha,0.99998677,alpha,0.9999964,alpha,0.99998236,alpha,0.9999651,alpha,0.99999
HP1504901_O16,alpha,alpha,0.9995147,alpha,0.999998,alpha,0.99998677,alpha,0.99998283,alpha,0.9999968
HP1504901_E14,alpha,alpha,0.9990808,alpha,0.9999908,alpha,0.9999225,alpha,0.9999925,alpha,0.9999982
HP1504901_D17,alpha,alpha,0.7316708,alpha,0.9833633,alpha,0.99998426,alpha,0.9999578,alpha,0.9998702
HP1504901_K6,alpha,alpha,0.9999932,alpha,0.99993694,alpha,0.99999106,alpha,0.99998486,alpha,0.9999881
HP1504901_D2,alpha,alpha,0.99998546,alpha,0.99997735,alpha,0.9999857,alpha,0.99996865,alpha,0.999997
HP1504901_J6,alpha,alpha,0.99772185,alpha,0.9996137,alpha,0.9997788,alpha,0.9998735,alpha,0.99999213
HP1504901_I2,alpha,alpha,0.9992505,alpha,0.9999944,alpha,0.9998253,alpha,0.9998497,alpha,0.99984074
HP1504901_D14,alpha,alpha,0.9999417,alpha,0.99997044,alpha,0.9999902,alpha,0.9999912,alpha,0.9999989
HP1504901_M18,alpha,alpha,0.9977464,alpha,0.99973124,alpha,0.9996544,alpha,0.9997805,alpha,0.99999654
HP1504901_F4,alpha,alpha,0.9999999,alpha,0.9999999,alpha,0.9999925,alpha,0.9999987,alpha,0.9999999
HP1504901_H1,alpha,alpha,0.9999896,alpha,0.99879694,alpha,0.9999963,alpha,0.9999962,alpha,0.9999968
HP1504901_K5,alpha,alpha,0.76197237,alpha,0.9925351,alpha,0.948497,alpha,0.9777399,alpha,0.9986749
HP1504901_F10,alpha,alpha,0.9999994,alpha,0.99999917,alpha,0.9999938,alpha,0.999987,alpha,0.99999857
HP1504901_G15,alpha,alpha,0.99999785,alpha,0.9980654,alpha,0.9999931,alpha,0.996167,alpha,0.9999238
HP1504901_N19,alpha,alpha,0.9999949,alpha,0.99998724,alpha,0.99996424,alpha,0.9999263,alpha,0.99999607
HP1504901_I8,alpha,alpha,0.999987,alpha,0.9999951,alpha,0.9999794,alpha,0.99999654,alpha,0.99999106
HP1504901_B21,alpha,alpha,0.9999589,alpha,0.9999912,alpha,0.9999411,alpha,0.9999788,alpha,0.9999856
HP1504901_N7,alpha,alpha,0.9999728,alpha,0.99973947,alpha,0.999982,alpha,0.9999168,alpha,0.99999774
HP1504901_D21,alpha,alpha,0.99999,alpha,0.99999726,alpha,0.9999746,alpha,0.99993014,alpha,0.9999974
HP1504901_G19,alpha,alpha,0.9999964,alpha,0.9999715,alpha,0.99992144,alpha,0.99986506,alpha,0.9999691
HP1504901_B2,alpha,alpha,0.9995751,alpha,0.9999975,alpha,0.99991775,alpha,0.9999969,alpha,0.9999826
HP1504901_F3,alpha,alpha,0.99880576,alpha,0.99978477,alpha,0.9813995,alpha,0.9994708,alpha,0.9999267
HP1506401_G3,alpha,alpha,0.9621363,alpha,0.97936475,alpha,0.9831147,gamma,0.5699427,gamma,0.9191567
HP1506401_G1,alpha,alpha,0.99999785,alpha,0.9999641,alpha,0.99999714,alpha,0.99999976,alpha,0.9999809
HP1506401_K12,alpha,alpha,0.9983889,alpha,0.9998888,alpha,0.9998951,alpha,0.999833,alpha,0.99981326
HP1506401_F13,alpha,alpha,0.99983096,alpha,0.99967504,alpha,0.99915063,alpha,0.99986064,alpha,0.99937385
HP1506401_L7,alpha,acinar,0.9999958,acinar,0.99832135,acinar,0.9999987,acinar,0.9999976,acinar,0.999099
HP1506401_J18,alpha,alpha,0.9443845,alpha,0.8999728,alpha,0.6685291,alpha,0.40797475,epsilon,0.50026596
HP1506401_O24,alpha,acinar,0.99999774,acinar,0.99994624,acinar,0.9999962,acinar,0.99999774,acinar,0.99999785
HP1506401_A5,alpha,alpha,0.99995923,alpha,0.9999106,alpha,0.99980754,alpha,0.99998033,alpha,0.9999491
HP1506401_E15,alpha,alpha,0.9999968,alpha,0.99997807,alpha,0.99999905,alpha,0.9999989,alpha,0.99994683
HP1506401_N4,alpha,alpha,0.9996642,alpha,0.98049957,alpha,0.99995506,alpha,0.9993125,alpha,0.99953914
HP1506401_H14,alpha,alpha,0.9995821,alpha,0.999967,alpha,0.99995875,alpha,0.9999759,alpha,0.99733907
HP1506401_O23,alpha,alpha,0.99992824,alpha,0.999995,alpha,0.99999595,alpha,0.9999969,alpha,0.99988306
HP1506401_J4,alpha,alpha,0.9979144,alpha,0.993721,alpha,0.9878257,alpha,0.9235613,alpha,0.6433656
HP1506401_P19,alpha,alpha,0.99995255,alpha,0.99999154,alpha,0.9999846,alpha,0.9999976,alpha,0.99998736
HP1506401_N19,alpha,alpha,0.71270186,quiescent_stellate,0.99153215,quiescent_stellate,0.96740925,ductal,0.5961862,gamma,0.9705198
HP1506401_A21,alpha,alpha,0.99997926,alpha,0.99998534,alpha,0.9999968,alpha,0.9999881,alpha,0.99975353
HP1506401_O3,alpha,alpha,0.9998951,alpha,0.999997,alpha,0.99999917,alpha,0.9999726,alpha,0.99980253
HP1506401_H13,alpha,alpha,0.999992,alpha,0.9999958,alpha,0.9999974,alpha,0.99999654,alpha,0.99984753
HP1506401_C5,alpha,alpha,0.9999999,alpha,0.999998,alpha,0.9999994,alpha,0.99999964,alpha,0.9999974
HP1506401_P15,alpha,acinar,0.99993956,acinar,0.7425488,acinar,0.9992249,acinar,0.99993336,acinar,0.9594785
HP1506401_P3,alpha,alpha,0.99542964,alpha,0.9993079,alpha,0.99938834,alpha,0.9929958,alpha,0.9942846
HP1506401_I8,alpha,alpha,0.99998856,alpha,0.99994934,alpha,0.99999666,alpha,0.9999894,alpha,0.9999932
HP1506401_G5,alpha,alpha,0.9999882,alpha,0.99999285,alpha,0.99999964,alpha,0.9999876,alpha,0.9998919
HP1506401_I18,alpha,acinar,0.9999676,acinar,0.9546474,acinar,0.99516726,acinar,0.99326384,acinar,0.99971193
HP1506401_E8,alpha,acinar,0.99999416,acinar,0.97686416,acinar,0.99999356,acinar,0.9999993,acinar,0.99998224
HP1506401_L23,alpha,alpha,0.9703068,alpha,0.9996737,alpha,0.97554463,alpha,0.9944022,alpha,0.8739445
HP1506401_E9,alpha,alpha,0.9753693,quiescent_stellate,0.51243556,gamma,0.74561644,gamma,0.854419,gamma,0.9782391
HP1506401_F17,alpha,alpha,0.9970829,alpha,0.9987908,alpha,0.9971982,alpha,0.99694806,alpha,0.83019495
HP1506401_M12,alpha,alpha,0.9999672,alpha,0.9999994,alpha,0.9999993,alpha,0.9999969,alpha,0.99999475
HP1506401_E11,alpha,alpha,0.9986374,alpha,0.99708134,alpha,0.99978405,alpha,0.999561,alpha,0.9661272
HP1506401_E21,alpha,alpha,0.99905246,alpha,0.9989353,alpha,0.9990681,alpha,0.9996799,alpha,0.99626154
HP1506401_G13,alpha,alpha,0.999925,alpha,0.99996865,alpha,0.9999975,alpha,0.999984,alpha,0.9995147
HP1506401_G24,alpha,alpha,0.9993037,alpha,0.9894465,gamma,0.8671975,alpha,0.69053495,gamma,0.67170477
HP1506401_H22,alpha,alpha,0.99922526,alpha,0.9999813,alpha,0.99991584,alpha,0.99986815,alpha,0.9990011
HP1506401_F20,alpha,alpha,0.993256,alpha,0.99993575,alpha,0.9998229,alpha,0.99883455,alpha,0.9754951
HP1507101_K2,alpha,alpha,0.9925182,alpha,0.9900339,alpha,0.99959224,mast,0.91732806,alpha,0.999843
HP1507101_O2,alpha,alpha,0.9986498,alpha,0.9995764,alpha,0.99999094,alpha,0.97947615,alpha,0.99999523
HP1507101_E2,alpha,alpha,0.99999714,alpha,0.99999774,alpha,0.99999917,alpha,0.9999999,alpha,0.99999964
HP1507101_E3,alpha,alpha,0.9999784,alpha,0.9999914,alpha,0.99999714,alpha,0.999992,alpha,0.99997306
HP1507101_G3,alpha,alpha,0.99999964,alpha,0.99999917,alpha,0.9999999,alpha,0.9999995,alpha,1.0
HP1507101_C2,alpha,alpha,0.99999917,alpha,0.999995,alpha,0.9999987,alpha,0.9999888,alpha,0.9999504
HP1507101_O1,alpha,alpha,0.99998116,alpha,0.9998851,alpha,0.9999871,alpha,0.99998033,alpha,0.99996114
HP1507101_I2,alpha,alpha,0.99999535,alpha,0.99986196,alpha,0.99996924,alpha,0.9999888,alpha,0.9999987
HP1507101_M2,alpha,alpha,0.99999976,alpha,0.9999573,alpha,0.99973327,alpha,0.9999604,alpha,0.9999609
HP1507101_G16,alpha,alpha,0.9999995,alpha,0.9999962,alpha,0.99999964,alpha,0.9999995,alpha,0.9999999
HP1507101_N9,alpha,alpha,0.9999995,alpha,0.99999964,alpha,0.9999995,alpha,1.0,alpha,0.9999999
HP1507101_F7,alpha,alpha,0.9999987,alpha,0.99999404,alpha,0.9999893,alpha,0.99999464,alpha,0.99999917
HP1507101_B3,alpha,alpha,0.99999905,alpha,0.9999951,alpha,0.99999976,alpha,0.99999976,alpha,0.9999999
HP1507101_M12,alpha,alpha,0.99994576,alpha,0.99989176,alpha,0.99951184,alpha,0.9994898,alpha,0.998672
HP1507101_D14,alpha,alpha,0.9999999,alpha,0.9999988,alpha,0.9999995,alpha,0.9999995,alpha,0.99999976
HP1507101_D20,alpha,alpha,0.99998474,alpha,0.9999367,alpha,0.9999454,alpha,0.99991655,alpha,0.9999815
HP1507101_O22,alpha,alpha,0.99969256,alpha,0.9998035,alpha,0.9987772,alpha,0.99997973,alpha,0.99896574
HP1507101_L15,alpha,alpha,0.99998987,alpha,0.9999938,alpha,0.9999865,alpha,0.9999974,alpha,0.99999785
HP1507101_O16,alpha,alpha,0.9999875,alpha,0.99999404,alpha,0.99999917,alpha,0.99999976,alpha,0.9999982
HP1507101_N3,alpha,alpha,0.99999726,alpha,0.99998903,alpha,0.99995553,alpha,0.9999969,alpha,0.9999937
HP1507101_L11,alpha,alpha,0.99999607,alpha,0.99999774,alpha,0.9999995,alpha,0.9999989,alpha,0.99999917
HP1507101_N12,alpha,alpha,0.9998192,alpha,0.9988557,alpha,0.99847716,alpha,0.9449137,alpha,0.97419655
HP1507101_O17,alpha,alpha,0.99999416,alpha,0.99999654,alpha,0.9999988,alpha,0.999992,alpha,0.9999999
HP1507101_A16,alpha,alpha,0.9999782,alpha,0.9999311,alpha,0.99995077,alpha,0.9999956,alpha,0.999984
HP1507101_L13,alpha,alpha,0.9999063,alpha,0.9998932,alpha,0.99909866,alpha,0.9731227,alpha,0.99856865
HP1507101_O20,alpha,alpha,0.99999774,alpha,0.9999982,alpha,0.99999964,alpha,0.99999917,alpha,0.99999976
HP1507101_N21,alpha,alpha,0.9290573,endothelial,0.6811565,alpha,0.99878067,beta,0.94568956,endothelial,0.65433544
HP1507101_I10,alpha,alpha,0.9999982,alpha,0.99999714,alpha,0.9999981,alpha,0.9999993,alpha,0.99999857
HP1507101_H20,alpha,alpha,0.9999865,alpha,0.9999999,alpha,0.99999917,alpha,0.99999833,alpha,0.9999993
HP1507101_A14,alpha,alpha,0.99999666,alpha,0.99999917,alpha,0.99999976,alpha,0.9999982,alpha,0.99999833
HP1507101_I17,alpha,alpha,0.9999913,alpha,0.99999547,alpha,0.999998,alpha,0.9999732,alpha,0.99999166
HP1507101_K6,alpha,alpha,0.99999666,alpha,0.99999785,alpha,0.9999994,alpha,0.9999988,alpha,0.9999987
HP1507101_F19,alpha,alpha,0.99999917,alpha,0.99999917,alpha,0.99999964,alpha,0.9999927,alpha,0.9999976
HP1507101_G6,alpha,alpha,0.9928965,alpha,0.99731195,alpha,0.98631686,alpha,0.9818287,alpha,0.93174726
HP1507101_L7,alpha,alpha,0.99991155,alpha,0.9999634,alpha,0.9999776,alpha,0.999984,alpha,0.99996567
HP1507101_H7,alpha,alpha,0.99999714,alpha,0.99999595,alpha,0.99999845,alpha,0.99999225,alpha,0.9999989
HP1507101_O4,alpha,alpha,0.9999653,alpha,0.9999969,alpha,0.99999845,alpha,0.9999119,alpha,0.9999975
HP1507101_H1,alpha,alpha,0.99998975,alpha,0.99999857,alpha,0.9999957,alpha,0.9999995,alpha,0.999992
HP1507101_I15,alpha,alpha,0.9999325,alpha,0.9999373,alpha,0.9996131,alpha,0.9999914,alpha,0.9999893
HP1507101_O5,alpha,alpha,0.9990615,alpha,0.9998265,alpha,0.999967,alpha,0.99964523,alpha,0.9994481
HP1507101_F22,alpha,alpha,0.99994445,alpha,0.99997187,alpha,0.99999905,alpha,0.99999833,alpha,0.9999968
HP1507101_A22,alpha,alpha,0.99998784,alpha,0.99885297,alpha,0.9994153,alpha,0.9999877,alpha,0.9999497
HP1507101_L5,alpha,alpha,0.9999212,alpha,0.99999714,alpha,0.9999913,alpha,0.99999917,alpha,0.9999933
HP1507101_A20,alpha,alpha,0.9997621,alpha,0.9999938,alpha,0.99996924,alpha,0.99999857,alpha,0.9997625
HP1507101_F16,alpha,alpha,0.9999974,alpha,0.9999962,alpha,0.99999845,alpha,0.99999917,alpha,0.9999988
HP1507101_P10,alpha,alpha,0.9999794,alpha,0.9999962,alpha,0.9999956,alpha,0.9999982,alpha,0.99999654
HP1507101_O6,alpha,alpha,0.9999758,alpha,0.9999974,alpha,0.9999993,alpha,0.99999046,alpha,0.9999945
HP1507101_G4,alpha,alpha,0.99999976,alpha,0.99999976,alpha,1.0,alpha,0.99999976,alpha,1.0
HP1507101_B23,alpha,alpha,0.99999976,alpha,0.99961805,alpha,0.99993813,alpha,0.99999475,alpha,0.9999908
HP1507101_H11,alpha,alpha,0.99999714,alpha,0.99998975,alpha,0.999987,alpha,0.99999666,alpha,0.9999583
HP1507101_G12,alpha,alpha,0.9999999,alpha,0.99999964,alpha,1.0,alpha,0.99999964,alpha,0.9999999
HP1507101_F17,alpha,alpha,0.99961996,alpha,0.99650794,alpha,0.9999505,alpha,0.9998473,alpha,0.99982846
HP1507101_G14,alpha,alpha,0.9999949,alpha,0.9999975,alpha,0.9999995,alpha,0.99999976,alpha,0.9999999
HP1507101_N22,alpha,alpha,0.9999982,alpha,0.99999654,alpha,0.9999988,alpha,0.9999974,alpha,0.99999905
HP1507101_I8,alpha,alpha,0.9999999,alpha,0.99999917,alpha,1.0,alpha,0.99999976,alpha,0.99999976
HP1507101_L2,alpha,alpha,0.9999939,alpha,0.9999995,alpha,0.9999989,alpha,0.9999987,alpha,1.0
HP1507101_H15,alpha,alpha,0.9999989,alpha,0.99999833,alpha,0.9999999,alpha,0.9999995,alpha,0.9999989
HP1507101_D2,alpha,alpha,0.9999999,alpha,0.99999976,alpha,1.0,alpha,0.9999999,alpha,1.0
HP1507101_P12,alpha,alpha,0.9999676,alpha,0.9999808,alpha,0.9999428,alpha,0.9999968,alpha,0.9999968
HP1507101_F20,alpha,alpha,0.99998844,alpha,0.9999927,alpha,0.9999981,alpha,0.99999523,alpha,0.99998987
HP1507101_N24,alpha,alpha,0.9999989,alpha,0.99999905,alpha,0.9999968,alpha,0.99999857,alpha,0.9999994
HP1507101_E24,alpha,alpha,0.99997044,alpha,0.99998224,alpha,0.9999975,alpha,0.9999982,alpha,0.999997
HP1507101_I16,alpha,alpha,0.9999995,alpha,0.999998,alpha,0.99999976,alpha,0.9999994,alpha,0.9999994
HP1507101_C24,alpha,alpha,0.999998,alpha,0.9999989,alpha,0.99999964,alpha,0.9999981,alpha,0.99999964
HP1507101_B18,alpha,alpha,0.99468476,alpha,0.9982881,alpha,0.99951196,alpha,0.9987411,alpha,0.9310077
HP1507101_H14,alpha,alpha,0.9999976,alpha,0.99999845,alpha,0.9999938,alpha,0.99999666,alpha,0.99996865
HP1507101_H9,alpha,alpha,0.9999924,alpha,0.99999034,alpha,0.999997,alpha,0.999998,alpha,0.9999974
HP1507101_O10,alpha,alpha,0.99998856,alpha,0.99999905,alpha,0.9999869,alpha,0.9999944,alpha,0.9999975
HP1507101_J24,alpha,alpha,0.99999964,alpha,0.99999964,alpha,0.9999995,alpha,0.9999995,alpha,0.99999917
HP1507101_G18,alpha,alpha,0.9999999,alpha,0.9999994,alpha,0.99999964,alpha,0.9999999,alpha,0.9999999
HP1507101_J14,alpha,alpha,0.9999969,alpha,0.9999937,alpha,0.99999905,alpha,0.9999989,alpha,0.999998
HP1507101_E20,alpha,alpha,0.9999949,alpha,0.9999993,alpha,0.9999993,alpha,0.9999999,alpha,1.0
HP1507101_I13,alpha,alpha,0.999962,alpha,0.99993396,alpha,0.9999112,alpha,0.9999913,alpha,0.99997485
HP1507101_J11,alpha,alpha,1.0,alpha,0.9999981,alpha,0.9999994,alpha,0.9999994,alpha,0.9999993
HP1507101_P11,alpha,alpha,0.885184,beta,0.46629626,alpha,0.98620063,beta,0.99212587,beta,0.8478755
HP1507101_P4,alpha,alpha,1.0,alpha,0.9999995,alpha,0.9999999,alpha,0.9999999,alpha,1.0
HP1507101_E6,alpha,alpha,0.99999654,alpha,0.99999404,alpha,0.99999726,alpha,0.99999535,alpha,0.999992
HP1507101_G22,alpha,alpha,0.99999726,alpha,0.999998,alpha,0.9999993,alpha,0.9999974,alpha,0.9999994
HP1507101_C4,alpha,alpha,0.9999759,alpha,0.9999957,alpha,0.9999989,alpha,0.99999666,alpha,0.9999993
HP1507101_J18,alpha,alpha,0.9999962,alpha,0.9999956,alpha,0.99999833,alpha,0.9999956,alpha,0.99999917
HP1507101_I23,alpha,alpha,0.99999917,alpha,0.9999988,alpha,0.999982,alpha,0.9999995,alpha,0.9999995
HP1507101_C18,alpha,alpha,0.99999547,alpha,0.9999988,alpha,0.9999995,alpha,0.99999905,alpha,0.9999994
HP1507101_K8,alpha,alpha,0.99999917,alpha,0.9999968,alpha,0.99999833,alpha,0.99999774,alpha,0.9999989
HP1507101_N19,alpha,alpha,0.9999634,alpha,0.9999896,alpha,0.9999982,alpha,0.9996854,alpha,0.9999162
HP1507101_G19,alpha,alpha,0.99999976,alpha,0.9999993,alpha,0.99999785,alpha,0.9999994,alpha,0.9999994
HP1507101_I11,alpha,alpha,0.99999833,alpha,0.9999987,alpha,1.0,alpha,0.9999987,alpha,0.9999999
HP1507101_L18,alpha,alpha,0.99994946,alpha,0.99988437,alpha,0.99997234,alpha,0.99999714,alpha,0.9995012
HP1507101_B15,alpha,alpha,0.79186016,endothelial,0.46404898,alpha,0.85447603,beta,0.96631384,alpha,0.48216677
HP1507101_K5,alpha,alpha,0.99999905,alpha,0.9999994,alpha,0.99999905,alpha,0.99999714,alpha,0.9999994
HP1507101_L3,alpha,alpha,0.9999982,alpha,0.9999689,alpha,0.999998,alpha,0.9999989,alpha,0.9999989
HP1507101_E8,alpha,alpha,0.9999995,alpha,0.9999982,alpha,0.9999999,alpha,0.9999999,alpha,0.9999999
HP1507101_J13,alpha,alpha,1.0,alpha,0.99999535,alpha,0.9999857,alpha,0.99999976,alpha,0.9999881
HP1507101_A4,alpha,alpha,0.99999654,alpha,0.99998724,alpha,0.9999989,alpha,0.99999976,alpha,0.9999994
HP1507101_J23,alpha,alpha,0.9999994,alpha,0.9999989,alpha,1.0,alpha,0.99999964,alpha,1.0
HP1507101_O18,alpha,alpha,0.9996487,alpha,0.9999542,alpha,0.99983454,alpha,0.9998809,alpha,0.9999938
HP1507101_K4,alpha,alpha,0.9999833,alpha,0.9999887,alpha,0.99999905,alpha,0.9999962,alpha,0.9999987
HP1507101_F3,alpha,alpha,0.9999577,alpha,0.99999297,alpha,0.9999696,alpha,0.999977,alpha,0.9999856
HP1507101_N18,alpha,alpha,0.9999995,alpha,0.9999995,alpha,0.99999917,alpha,0.99999905,alpha,0.9999999
HP1507101_D7,alpha,alpha,0.99934024,alpha,0.9222466,alpha,0.8169658,alpha,0.9991578,alpha,0.6346678
HP1507101_P18,alpha,alpha,0.9999988,alpha,0.9999982,alpha,0.9999956,alpha,0.99999917,alpha,0.99999964
HP1507101_P17,alpha,alpha,0.9999975,alpha,0.999982,alpha,0.9999956,alpha,0.9999763,alpha,0.9999976
HP1507101_P5,alpha,alpha,0.9999999,alpha,0.99999964,alpha,1.0,alpha,0.9999999,alpha,1.0
HP1507101_M4,alpha,alpha,0.9999999,alpha,0.99999976,alpha,1.0,alpha,1.0,alpha,1.0
HP1507101_B7,alpha,alpha,0.99995756,alpha,0.9999162,alpha,0.99993837,alpha,0.99999666,alpha,0.99998975
HP1507101_E10,alpha,alpha,0.99668616,alpha,0.9974208,alpha,0.9894574,alpha,0.8727018,alpha,0.91826
HP1507101_H23,alpha,alpha,0.9999999,alpha,0.99999905,alpha,0.99999976,alpha,0.9999999,alpha,1.0
HP1507101_K3,alpha,alpha,0.99999964,alpha,0.9999958,alpha,0.99999976,alpha,0.99999964,alpha,0.9999999
HP1507101_C20,alpha,alpha,0.99999774,alpha,0.99999833,alpha,0.9999968,alpha,0.99999833,alpha,0.9999975
HP1507101_L10,alpha,alpha,0.99999726,alpha,0.99999523,alpha,0.99998915,alpha,0.9999906,alpha,0.99999166
HP1507101_M14,alpha,alpha,0.99999547,alpha,0.99980956,alpha,0.99963844,alpha,0.98704356,alpha,0.999977
HP1507101_I4,alpha,alpha,0.9999826,alpha,0.99959475,alpha,0.99999917,alpha,0.99998164,alpha,0.9999999
HP1507101_G24,alpha,alpha,0.99999917,alpha,0.99999774,alpha,1.0,alpha,0.9999999,alpha,0.9999999
HP1507101_G23,alpha,alpha,0.9999981,alpha,0.9999993,alpha,0.99999857,alpha,0.9999994,alpha,0.9999995
HP1507101_D1,alpha,alpha,0.99999917,alpha,0.9999987,alpha,0.9999993,alpha,0.999997,alpha,0.99999976
HP1507101_J1,alpha,alpha,0.99999785,alpha,0.9999976,alpha,0.99999857,alpha,0.99999976,alpha,0.9999999
HP1507101_O24,alpha,alpha,0.999995,alpha,0.9998859,alpha,0.99996984,alpha,0.99998987,alpha,0.99998474
HP1507101_D8,alpha,alpha,0.999998,alpha,0.9999919,alpha,0.99999976,alpha,0.99999595,alpha,0.9999994
HP1507101_I22,alpha,alpha,0.9999999,alpha,0.9999995,alpha,0.99999976,alpha,0.99999917,alpha,1.0
HP1507101_B1,alpha,alpha,0.9999975,alpha,0.99999964,alpha,0.9999999,alpha,0.9999999,alpha,1.0
HP1507101_N16,alpha,alpha,0.9999993,alpha,0.99999845,alpha,0.99999905,alpha,0.9999862,alpha,0.99999666
HP1507101_F2,alpha,alpha,0.9999987,alpha,0.9999994,alpha,0.99999857,alpha,0.9999964,alpha,0.99999726
HP1507101_F8,alpha,alpha,0.999977,alpha,0.9999428,alpha,0.99999964,alpha,0.999998,alpha,0.9999974
HP1507101_B14,alpha,alpha,0.99999917,alpha,0.9999995,alpha,0.9999912,alpha,0.99999976,alpha,0.99999964
HP1507101_N4,alpha,alpha,0.99998987,alpha,0.99656326,alpha,0.9948152,alpha,0.9999901,alpha,0.9999479
HP1507101_M6,alpha,alpha,0.99999726,alpha,0.99999094,alpha,0.9999943,alpha,0.99999905,alpha,0.9999989
HP1507101_L19,alpha,alpha,0.99999475,alpha,0.9999989,alpha,0.99999964,alpha,0.99999905,alpha,0.9999994
HP1507101_F18,alpha,alpha,0.9999881,alpha,0.9999851,alpha,0.99999964,alpha,0.9999932,alpha,0.99999535
HP1507101_K22,alpha,alpha,0.9999958,alpha,0.99999654,alpha,0.99999535,alpha,0.999995,alpha,0.9999993
HP1507101_K17,alpha,alpha,0.99994755,alpha,0.9998864,alpha,0.99999857,alpha,0.999977,alpha,0.9999964
HP1507101_D21,alpha,alpha,0.9999914,alpha,0.99998784,alpha,0.9999871,alpha,0.9999987,alpha,0.999998
HP1507101_D16,alpha,alpha,0.99999475,alpha,0.999984,alpha,0.9999455,alpha,0.999905,alpha,0.99998903
HP1507101_M18,alpha,alpha,0.9999994,alpha,0.9999994,alpha,0.99999976,alpha,0.99999976,alpha,1.0
HP1507101_H6,alpha,alpha,0.99999607,alpha,0.99998987,alpha,0.9999896,alpha,0.9999994,alpha,0.9999958
HP1507101_G20,alpha,alpha,0.9999826,alpha,0.9999943,alpha,0.9999956,alpha,0.99999475,alpha,0.9999964
HP1507101_G13,alpha,alpha,0.99998236,alpha,0.99999857,alpha,0.99999297,alpha,0.9999995,alpha,0.9999989
HP1507101_N20,alpha,alpha,0.9999968,alpha,0.99999833,alpha,0.99999845,alpha,0.9999988,alpha,0.99999833
HP1507101_G8,alpha,alpha,0.9999982,alpha,0.99999905,alpha,0.99999917,alpha,0.99999976,alpha,0.9999995
HP1507101_P6,alpha,alpha,0.99999964,alpha,0.9999987,alpha,0.9999999,alpha,0.99999964,alpha,0.9999999
HP1507101_D18,alpha,alpha,0.99999905,alpha,0.9999995,alpha,0.9999999,alpha,0.99999976,alpha,0.9999999
HP1507101_P23,alpha,alpha,0.9999993,alpha,0.9999993,alpha,0.9999993,alpha,0.9999995,alpha,0.9999994
HP1507101_H21,alpha,alpha,0.99999166,alpha,0.99999344,alpha,0.9999969,alpha,0.9999689,alpha,0.9999976
HP1507101_E21,alpha,alpha,0.9999982,alpha,0.99999845,alpha,0.9999981,alpha,0.9999993,alpha,0.9999993
HP1507101_D24,alpha,alpha,0.99999964,alpha,0.99999857,alpha,0.9999999,alpha,0.9999993,alpha,0.99999976
HP1507101_C5,alpha,alpha,0.9999999,alpha,0.99999917,alpha,0.99999976,alpha,0.99999976,alpha,1.0
HP1507101_J2,alpha,alpha,0.9999926,alpha,0.9999926,alpha,0.9999274,alpha,0.99986804,alpha,0.99950457
HP1507101_B13,alpha,alpha,0.99999976,alpha,0.9999988,alpha,0.9999994,alpha,0.99999964,alpha,0.9999999
HP1507101_H12,alpha,alpha,0.99999857,alpha,0.9999969,alpha,0.99999964,alpha,0.9999989,alpha,0.9999981
HP1507101_I19,alpha,alpha,0.9999993,alpha,0.9999993,alpha,0.9999994,alpha,0.9999994,alpha,0.9999993
HP1507101_H22,alpha,alpha,0.99999857,alpha,0.9999989,alpha,0.9999994,alpha,0.99999905,alpha,0.99999964
HP1507101_B4,alpha,alpha,0.9999989,alpha,0.99999166,alpha,0.9999999,alpha,0.9999989,alpha,0.99999976
HP1507101_F13,alpha,alpha,0.9999846,alpha,0.99998915,alpha,0.999997,alpha,0.99999905,alpha,0.9999827
HP1507101_B19,alpha,alpha,0.9999999,alpha,0.9999993,alpha,1.0,alpha,1.0,alpha,1.0
HP1507101_D12,alpha,alpha,0.9999908,alpha,0.9999893,alpha,0.99999833,alpha,0.9999758,alpha,0.9999976
HP1507101_D5,alpha,alpha,0.9999987,alpha,0.99999774,alpha,0.9999987,alpha,0.99999774,alpha,0.99999976
HP1507101_A18,alpha,alpha,0.99999976,alpha,0.99999964,alpha,0.99999964,alpha,0.9999999,alpha,1.0
HP1507101_B24,alpha,alpha,0.99999785,alpha,0.999997,alpha,0.99999857,alpha,0.99999833,alpha,0.9999994
HP1507101_J21,alpha,alpha,0.9999958,alpha,0.99998736,alpha,0.999997,alpha,0.99998164,alpha,0.9999958
HP1507101_G11,alpha,alpha,0.9999958,alpha,0.9997975,alpha,0.99999833,alpha,0.99997294,alpha,0.9999871
HP1507101_B6,alpha,alpha,0.9999993,alpha,0.99999654,alpha,0.9999999,alpha,0.99999964,alpha,1.0
HP1507101_D15,alpha,alpha,0.99998474,alpha,0.9999958,alpha,0.9999943,alpha,0.999998,alpha,0.9999987
HP1507101_B12,alpha,alpha,0.9999989,alpha,0.99999905,alpha,0.9999999,alpha,0.99999976,alpha,0.99999964
HP1507101_B10,alpha,alpha,0.9999987,alpha,0.99999404,alpha,0.99999976,alpha,0.9999995,alpha,0.9999999
HP1507101_N2,alpha,alpha,0.9999951,alpha,0.9999398,alpha,0.99998665,alpha,0.9999968,alpha,0.9999995
HP1507101_F5,alpha,alpha,0.99999857,alpha,0.9999943,alpha,0.9999907,alpha,0.9999546,alpha,0.9990451
HP1507101_E12,alpha,alpha,0.9907919,alpha,0.9605314,gamma,0.79096925,gamma,0.80102056,gamma,0.551583
HP1507101_H3,alpha,alpha,0.99999666,alpha,0.99999416,alpha,0.9999987,alpha,0.9999758,alpha,0.9999831
HP1507101_O7,alpha,alpha,0.9999987,alpha,0.9999777,alpha,0.99999976,alpha,0.9999999,alpha,0.9999995
HP1507101_L14,alpha,alpha,0.9999869,alpha,0.9999826,alpha,0.99998856,alpha,0.99999356,alpha,0.9999795
HP1507101_L6,alpha,alpha,0.9999994,alpha,0.9999883,alpha,0.9999999,alpha,0.99999547,alpha,0.99999964
HP1507101_C6,alpha,alpha,0.99999666,alpha,0.9999995,alpha,0.99999833,alpha,0.9999995,alpha,0.9999999
HP1507101_I6,alpha,alpha,0.9999875,alpha,0.999997,alpha,0.9999993,alpha,0.99999726,alpha,0.99999607
HP1507101_N23,alpha,alpha,0.99996173,alpha,0.9998852,alpha,0.9999876,alpha,0.9999976,alpha,0.99999416
HP1507101_J17,alpha,alpha,0.99999714,alpha,0.99999785,alpha,0.9999994,alpha,0.9999727,alpha,0.99999607
HP1507101_F1,alpha,alpha,0.9999727,alpha,0.999949,alpha,0.9999894,alpha,0.9999993,alpha,0.9999628
HP1507101_E9,alpha,gamma,0.5226057,alpha,0.9975083,alpha,0.96943027,alpha,0.9219592,alpha,0.9958379
HP1507101_C14,alpha,alpha,0.99996865,alpha,0.99999404,alpha,0.9999968,alpha,0.99997365,alpha,0.99993956
HP1507101_D11,alpha,alpha,0.9998832,alpha,0.97626823,alpha,0.99914384,alpha,0.99636155,alpha,0.9982602
HP1507101_J3,alpha,alpha,0.99999857,alpha,0.9999627,alpha,0.9999963,alpha,0.99999917,alpha,0.99999976
HP1507101_M20,alpha,alpha,0.9999893,alpha,0.99998057,alpha,0.9999976,alpha,0.99999917,alpha,0.99968076
HP1507101_D17,alpha,alpha,0.99999106,alpha,0.99999666,alpha,0.9999993,alpha,0.9999995,alpha,0.9999968
HP1507101_B16,alpha,alpha,0.99996483,alpha,0.9999987,alpha,0.99999976,alpha,0.9999993,alpha,0.9999999
HP1507101_J5,alpha,alpha,0.99999404,alpha,0.99999845,alpha,0.9999974,alpha,0.9999995,alpha,0.9999999
HP1507101_I24,alpha,alpha,0.9999945,alpha,0.99999964,alpha,0.9999995,alpha,0.9999999,alpha,1.0
HP1507101_O13,alpha,alpha,0.99999714,alpha,0.99999535,alpha,0.99999833,alpha,0.99999917,alpha,0.9999993
HP1507101_E7,alpha,alpha,0.9999658,alpha,0.99857557,alpha,0.99999166,alpha,0.99998045,alpha,0.99998474
HP1507101_I20,alpha,alpha,0.99999964,alpha,0.99999547,alpha,0.99999917,alpha,0.99999344,alpha,0.9999925
HP1507101_I5,alpha,alpha,0.99999785,alpha,0.99999714,alpha,0.99999976,alpha,0.99999964,alpha,0.99999964
HP1507101_B11,alpha,alpha,0.99999964,alpha,0.99999976,alpha,1.0,alpha,0.9999989,alpha,0.99999976
HP1507101_H5,alpha,alpha,0.99999774,alpha,0.9999974,alpha,0.99999857,alpha,0.9999995,alpha,0.9999989
HP1507101_G9,alpha,alpha,0.99999404,alpha,0.9999975,alpha,0.99999785,alpha,0.99998975,alpha,0.9999945
HP1507101_J4,alpha,alpha,0.9999999,alpha,0.9999995,alpha,0.9999999,alpha,0.9999981,alpha,0.9999999
HP1507101_K24,alpha,alpha,0.99999475,alpha,0.99999785,alpha,0.9999995,alpha,0.99999595,alpha,0.9999999
HP1507101_P3,alpha,alpha,0.9999999,alpha,0.99999917,alpha,0.9999999,alpha,0.9999999,alpha,1.0
HP1507101_F21,alpha,alpha,0.9999877,alpha,0.99999714,alpha,0.9999976,alpha,0.9999987,alpha,0.99999785
HP1507101_G15,alpha,alpha,0.99999285,alpha,0.99999654,alpha,0.99998736,alpha,0.99999785,alpha,0.99999714
HP1507101_O11,alpha,alpha,0.99999964,alpha,0.9999987,alpha,0.9999989,alpha,0.99999976,alpha,0.9999993
HP1507101_C8,alpha,alpha,0.99999714,alpha,0.9999987,alpha,0.9999981,alpha,0.99999774,alpha,0.999997
HP1507101_L21,alpha,alpha,0.9996563,alpha,0.9955907,alpha,0.99975985,alpha,0.99978894,alpha,0.9998271
HP1507101_J22,alpha,alpha,0.9999962,alpha,0.9999993,alpha,0.99999964,alpha,0.9999968,alpha,0.9999995
HP1507101_P8,alpha,alpha,0.99998295,alpha,0.9999893,alpha,0.9999813,alpha,0.9999956,alpha,0.9999858
HP1508501T2D_E2,alpha,alpha,0.9998186,alpha,0.9999982,alpha,0.99993944,alpha,0.9999777,alpha,0.9999863
HP1508501T2D_E1,alpha,activated_stellate,0.9999999,activated_stellate,0.99999976,activated_stellate,0.99999857,activated_stellate,0.9999846,activated_stellate,1.0
HP1508501T2D_A3,alpha,alpha,0.9999579,alpha,0.999997,alpha,0.99999845,alpha,0.9999968,alpha,0.9999893
HP1508501T2D_I2,alpha,alpha,0.95869255,alpha,0.9859065,alpha,0.999358,alpha,0.9997607,alpha,0.9930298
HP1508501T2D_O1,alpha,alpha,0.99999976,alpha,0.9999976,alpha,1.0,alpha,0.9999999,alpha,0.9999999
HP1508501T2D_K1,alpha,alpha,0.9995877,alpha,0.9999,alpha,0.99991596,alpha,0.93806356,alpha,0.99939716
HP1508501T2D_C20,alpha,alpha,0.9999964,alpha,0.9999995,alpha,0.99999976,alpha,0.999998,alpha,0.99999976
HP1508501T2D_M9,alpha,alpha,0.93031466,alpha,0.9967103,alpha,0.8051736,alpha,0.9459661,alpha,0.9810213
HP1508501T2D_L13,alpha,alpha,0.9999994,alpha,0.9999999,alpha,1.0,alpha,0.99999976,alpha,1.0
HP1508501T2D_P7,alpha,alpha,0.9999523,alpha,0.99999774,alpha,0.9999982,alpha,0.99996257,alpha,0.9999733
HP1508501T2D_B15,alpha,alpha,0.9998889,alpha,0.9999094,alpha,0.99998856,alpha,0.99996865,alpha,0.99999774
HP1508501T2D_D2,alpha,alpha,0.99999213,alpha,0.99999845,alpha,0.9999982,alpha,1.0,alpha,1.0
HP1508501T2D_D20,alpha,alpha,0.9999995,alpha,1.0,alpha,0.9999999,alpha,0.9999994,alpha,0.9999995
HP1508501T2D_E24,alpha,alpha,0.9999993,alpha,1.0,alpha,0.9999989,alpha,0.99999964,alpha,0.99999917
HP1508501T2D_G15,alpha,alpha,0.999998,alpha,0.99999416,alpha,0.99999964,alpha,0.9999988,alpha,0.9999815
HP1508501T2D_M20,alpha,alpha,0.9999994,alpha,0.9999999,alpha,0.9999994,alpha,0.99999905,alpha,0.9999995
HP1508501T2D_B23,alpha,alpha,0.9999995,alpha,1.0,alpha,0.9999999,alpha,0.99999976,alpha,0.99999976
HP1508501T2D_J21,alpha,alpha,0.9999924,alpha,0.99999964,alpha,0.9999982,alpha,0.9999987,alpha,0.9999994
HP1508501T2D_A13,alpha,alpha,1.0,alpha,1.0,alpha,0.99999976,alpha,0.99999905,alpha,1.0
HP1508501T2D_I15,alpha,alpha,0.99966145,alpha,0.9999994,alpha,0.99990964,alpha,0.99999595,alpha,0.9999914
HP1508501T2D_E6,alpha,alpha,0.99391234,alpha,0.9499534,alpha,0.9999945,alpha,0.99988544,alpha,0.9975757
HP1508501T2D_E14,alpha,alpha,0.99998665,alpha,0.99999857,alpha,0.99999857,alpha,0.9999932,alpha,0.99999964
HP1508501T2D_M19,alpha,alpha,0.9998574,alpha,0.9999975,alpha,0.9998498,alpha,0.9999931,alpha,0.99999166
HP1508501T2D_D17,alpha,alpha,0.9999999,alpha,0.99999976,alpha,0.9999995,alpha,0.99999964,alpha,0.9999989
HP1508501T2D_L18,alpha,alpha,0.9999962,alpha,0.9999999,alpha,0.9999788,alpha,0.9999999,alpha,0.99999785
HP1508501T2D_F17,alpha,alpha,0.9999999,alpha,0.99999607,alpha,0.99999976,alpha,0.99999833,alpha,0.9999993
HP1508501T2D_H24,alpha,alpha,0.99998546,alpha,0.9999783,alpha,0.99995077,alpha,0.9995945,alpha,0.99866855
HP1508501T2D_H22,alpha,alpha,0.9952619,alpha,0.9999964,alpha,0.9999838,alpha,0.99992836,alpha,0.9999988
HP1508501T2D_I20,alpha,alpha,0.9999529,alpha,0.9999993,alpha,0.9999969,alpha,0.9998246,alpha,0.99998176
HP1508501T2D_B9,alpha,alpha,0.9999603,alpha,0.9999962,alpha,0.9998011,alpha,0.9999318,alpha,0.9999653
HP1508501T2D_A6,alpha,alpha,0.7751508,alpha,0.9916865,alpha,0.994107,alpha,0.97123027,alpha,0.7865348
HP1508501T2D_D5,alpha,alpha,0.99329054,alpha,0.9999565,alpha,0.99980646,alpha,0.99861395,alpha,0.98036844
HP1508501T2D_L6,alpha,alpha,0.9996569,alpha,0.99959224,alpha,0.9999819,alpha,0.99997807,alpha,0.99998486
HP1508501T2D_B5,alpha,alpha,0.99998975,alpha,0.9999999,alpha,0.999987,alpha,0.9999989,alpha,1.0
HP1508501T2D_F16,alpha,alpha,0.87264526,alpha,0.9997985,alpha,0.9991429,alpha,0.9998381,alpha,0.9999825
HP1508501T2D_L7,alpha,alpha,0.994333,alpha,0.9999014,alpha,0.9997162,alpha,0.9983949,alpha,0.9999677
HP1508501T2D_L14,alpha,alpha,1.0,alpha,0.99999976,alpha,0.9999999,alpha,1.0,alpha,0.9999999
HP1508501T2D_G10,alpha,alpha,0.9999994,alpha,0.9999999,alpha,0.99999964,alpha,1.0,alpha,0.99999917
HP1508501T2D_D6,alpha,alpha,0.98892945,alpha,0.9999397,alpha,0.99998784,alpha,0.99958867,alpha,0.9998919
HP1508501T2D_E12,alpha,alpha,0.9998549,alpha,0.9999807,alpha,0.9999652,alpha,0.999987,alpha,0.99996376
HP1508501T2D_C7,alpha,alpha,0.99710363,alpha,0.9997867,alpha,0.9985654,alpha,0.9993594,alpha,0.9998685
HP1508501T2D_P3,alpha,alpha,0.9999995,alpha,0.99999917,alpha,1.0,alpha,0.9999999,alpha,0.99999976
HP1508501T2D_H4,alpha,alpha,0.99999976,alpha,0.9999999,alpha,1.0,alpha,0.9999999,alpha,1.0
HP1508501T2D_E18,alpha,alpha,0.9999975,alpha,0.99999976,alpha,0.9999982,alpha,0.99999726,alpha,0.99999976
HP1508501T2D_G11,alpha,alpha,0.9999995,alpha,0.999998,alpha,0.9999968,alpha,1.0,alpha,0.99999976
HP1508501T2D_P11,alpha,alpha,0.9999304,alpha,0.9999746,alpha,0.9999863,alpha,0.99999356,alpha,0.999959
HP1508501T2D_L16,alpha,alpha,0.9999063,alpha,0.9999931,alpha,0.99999595,alpha,0.9995421,alpha,0.9999635
HP1508501T2D_P9,alpha,gamma,0.88852614,alpha,0.7379284,gamma,0.74102235,gamma,0.94037217,alpha,0.9054385
HP1508501T2D_O14,alpha,alpha,0.9999995,alpha,0.9999999,alpha,0.99999976,alpha,0.9999999,alpha,1.0
HP1508501T2D_D1,alpha,alpha,0.9999994,alpha,0.9999999,alpha,1.0,alpha,0.99999976,alpha,0.9999999
HP1508501T2D_K21,alpha,alpha,0.99999535,alpha,0.9999989,alpha,0.9999988,alpha,0.99999726,alpha,0.99999964
HP1508501T2D_H6,alpha,alpha,1.0,alpha,0.9999999,alpha,0.9999994,alpha,0.99999964,alpha,1.0
HP1508501T2D_J9,alpha,alpha,0.9998895,alpha,0.99999726,alpha,0.9999876,alpha,0.99988794,alpha,0.9999651
HP1508501T2D_B11,alpha,alpha,0.99998677,alpha,0.99999416,alpha,0.9999995,alpha,0.99997544,alpha,0.99991214
HP1508501T2D_E10,alpha,alpha,0.99997187,alpha,0.9999995,alpha,0.9999678,alpha,0.99999,alpha,0.999997
HP1508501T2D_C13,alpha,alpha,0.99999774,alpha,0.99999344,alpha,0.99999666,alpha,0.999997,alpha,0.99998605
HP1508501T2D_E22,alpha,alpha,0.99999976,alpha,0.9999999,alpha,0.9999993,alpha,0.99999964,alpha,0.9999995
HP1508501T2D_A24,alpha,alpha,0.9961649,alpha,0.9928865,alpha,0.9977188,alpha,0.9999285,epsilon,0.84281504
HP1508501T2D_P5,alpha,delta,0.8581113,alpha,0.5370064,delta,0.991935,delta,0.927366,delta,0.9798196
HP1508501T2D_N20,alpha,alpha,0.9999968,alpha,0.9999999,alpha,0.9999988,alpha,0.9999988,alpha,0.9999993
HP1508501T2D_M4,alpha,alpha,0.99999964,alpha,1.0,alpha,0.9999995,alpha,0.9999999,alpha,0.9999999
HP1508501T2D_B8,alpha,alpha,0.99999976,alpha,0.99999976,alpha,0.9999999,alpha,0.9999976,alpha,0.99999714
HP1508501T2D_I16,alpha,alpha,0.99998987,alpha,0.99998343,alpha,0.9993293,alpha,0.9999418,alpha,0.999728
HP1508501T2D_A16,alpha,alpha,0.99998057,alpha,0.9999825,alpha,0.9999944,alpha,0.9999964,alpha,0.99958366
HP1508501T2D_K4,alpha,alpha,0.99998665,alpha,0.9999994,alpha,0.9999968,alpha,0.9999769,alpha,0.99999154
HP1508501T2D_H3,alpha,alpha,1.0,alpha,1.0,alpha,1.0,alpha,0.99999964,alpha,1.0
HP1508501T2D_C10,alpha,alpha,0.99999976,alpha,0.9999995,alpha,0.999998,alpha,0.9999989,alpha,0.99999976
HP1508501T2D_B4,alpha,alpha,0.9992834,alpha,0.99999905,alpha,0.99996996,alpha,0.9999422,alpha,0.99999285
HP1508501T2D_C23,alpha,alpha,0.99999464,alpha,0.999998,alpha,0.9999968,alpha,0.9999995,alpha,0.99999774
HP1508501T2D_K17,alpha,alpha,0.9999356,alpha,0.9999999,alpha,0.9999751,alpha,0.9997806,alpha,0.9999975
HP1508501T2D_D3,alpha,alpha,0.99999964,alpha,0.99999774,alpha,0.99999976,alpha,0.9999908,alpha,0.9999988
HP1508501T2D_D16,alpha,alpha,0.9840763,alpha,0.9999764,alpha,0.9906962,alpha,0.9999589,alpha,0.9988286
HP1508501T2D_G24,alpha,alpha,0.9999974,alpha,0.9999994,alpha,0.99999964,alpha,0.99999976,alpha,0.9999989
HP1508501T2D_P8,alpha,alpha,0.9999999,alpha,0.99999917,alpha,1.0,alpha,0.99999976,alpha,1.0
HP1508501T2D_I22,alpha,alpha,0.99999845,alpha,1.0,alpha,0.9999989,alpha,0.99999785,alpha,0.99999917
HP1508501T2D_O10,alpha,alpha,0.50059396,alpha,0.9993531,alpha,0.96457726,alpha,0.9344027,alpha,0.9972525
HP1508501T2D_G20,alpha,alpha,0.9999974,alpha,0.9999994,alpha,0.99999976,alpha,0.99999976,alpha,0.99999905
HP1508501T2D_K12,alpha,alpha,0.9998896,alpha,0.9999989,alpha,0.99999106,alpha,0.99999595,alpha,0.99997187
HP1508501T2D_J20,alpha,alpha,0.999998,alpha,0.9999962,alpha,0.99999464,alpha,0.99999833,alpha,0.99999917
HP1508501T2D_J4,alpha,alpha,0.99999976,alpha,0.99999976,alpha,0.9999994,alpha,0.9999995,alpha,0.99999964
HP1508501T2D_E8,alpha,alpha,0.99999464,alpha,0.99999857,alpha,0.9999949,alpha,0.99991226,alpha,0.99997485
HP1508501T2D_M8,alpha,alpha,0.99945384,alpha,0.99968195,alpha,0.99987435,alpha,0.9999355,alpha,0.99994504
HP1508501T2D_B22,alpha,alpha,0.7341548,alpha,0.99972385,alpha,0.99999297,alpha,0.9997491,alpha,0.9998116
HP1508501T2D_E19,alpha,alpha,0.99999404,alpha,1.0,alpha,0.9999975,alpha,0.999998,alpha,0.99999845
HP1508501T2D_J12,alpha,alpha,0.9999988,alpha,0.9999999,alpha,1.0,alpha,0.9999993,alpha,1.0
HP1508501T2D_F9,alpha,alpha,0.99999857,alpha,1.0,alpha,0.9999988,alpha,0.9999993,alpha,0.9999999
HP1508501T2D_N4,alpha,alpha,0.99998677,alpha,0.9999927,alpha,0.9999999,alpha,0.99998105,alpha,0.9999939
HP1508501T2D_I14,alpha,alpha,0.999959,alpha,0.99999785,alpha,0.9999962,alpha,0.9999771,alpha,0.9999442
HP1508501T2D_J3,alpha,alpha,0.99995697,alpha,0.9999527,alpha,0.9999995,alpha,0.99999225,alpha,0.9999895
HP1508501T2D_G21,alpha,alpha,0.9999696,alpha,0.9999993,alpha,0.99998796,alpha,0.99996257,alpha,0.9999913
HP1508501T2D_H23,alpha,alpha,0.99999785,alpha,0.9999999,alpha,0.99999845,alpha,0.9999956,alpha,0.9999939
HP1508501T2D_D21,alpha,beta,0.45466045,gamma,0.9211089,alpha,0.9970325,gamma,0.9868249,gamma,0.9959537
HP1508501T2D_E23,alpha,alpha,0.9998275,alpha,0.9984831,alpha,0.9998511,alpha,0.99880683,alpha,0.9998078
HP1508501T2D_D14,alpha,alpha,0.99999547,alpha,0.999998,alpha,0.9999944,alpha,0.9999994,alpha,0.99999833
HP1508501T2D_F18,alpha,alpha,0.9999981,alpha,0.99999547,alpha,0.9998691,alpha,0.9999901,alpha,0.99999416
HP1508501T2D_D13,alpha,alpha,0.9999987,alpha,0.99999976,alpha,0.9999989,alpha,0.99999857,alpha,0.999995
HP1508501T2D_A4,alpha,alpha,0.90164757,alpha,0.9995615,alpha,0.9955722,alpha,0.99494356,alpha,0.99900776
HP1508501T2D_L17,alpha,delta,0.9988644,alpha,0.66832304,delta,0.9997291,delta,0.993382,delta,0.9983542
HP1508501T2D_G6,alpha,alpha,0.9997589,alpha,0.9999491,alpha,0.99994326,alpha,0.99994004,alpha,0.9999306
HP1508501T2D_J5,alpha,alpha,0.9999939,alpha,0.9999995,alpha,0.99999905,alpha,0.99999726,alpha,0.99999833
HP1508501T2D_N11,alpha,alpha,0.99999774,alpha,0.9999999,alpha,0.99999774,alpha,0.999998,alpha,0.9999993
HP1508501T2D_F23,alpha,alpha,0.9999887,alpha,0.999998,alpha,0.9999969,alpha,0.9999949,alpha,0.99999785
HP1508501T2D_K24,alpha,alpha,0.99999785,alpha,0.99999774,alpha,0.99999917,alpha,0.99999964,alpha,0.99999535
HP1508501T2D_D11,alpha,alpha,0.9999975,alpha,0.9999982,alpha,0.99999833,alpha,0.99999857,alpha,0.99999905
HP1508501T2D_M12,alpha,alpha,0.9999993,alpha,0.99999714,alpha,0.9999995,alpha,0.9999988,alpha,0.9999999
HP1508501T2D_K19,alpha,alpha,0.9999604,alpha,0.99999964,alpha,0.99999034,alpha,0.99999774,alpha,0.9999931
HP1508501T2D_B12,alpha,alpha,0.9999999,alpha,0.9999999,alpha,1.0,alpha,0.9999999,alpha,1.0
HP1508501T2D_B13,alpha,alpha,0.99355936,alpha,0.9008671,alpha,0.9465108,mast,0.5831954,macrophage,0.437777
HP1508501T2D_K14,alpha,alpha,0.9999876,alpha,0.99999976,alpha,0.99999917,alpha,0.9999982,alpha,0.9999994
HP1508501T2D_H10,alpha,alpha,0.9999964,alpha,0.9999988,alpha,1.0,alpha,0.9999993,alpha,0.9999963
HP1508501T2D_M5,alpha,alpha,0.9999999,alpha,1.0,alpha,1.0,alpha,0.9999975,alpha,0.9999974
HP1508501T2D_H21,alpha,alpha,0.99999166,alpha,0.99974424,alpha,0.9999993,alpha,0.9999912,alpha,0.9999981
HP1508501T2D_F2,alpha,alpha,0.9999968,alpha,0.99999845,alpha,0.999998,alpha,0.99999046,alpha,0.9999987
HP1508501T2D_J8,alpha,alpha,1.0,alpha,0.9999999,alpha,1.0,alpha,0.9999994,alpha,0.99999976
HP1508501T2D_P6,alpha,alpha,0.99999034,alpha,0.99998915,alpha,0.9999974,alpha,0.99998367,alpha,0.99993336
HP1508501T2D_O6,alpha,alpha,0.99976355,alpha,0.9999907,alpha,0.9999869,alpha,0.9998012,alpha,0.9999788
HP1508501T2D_H15,alpha,alpha,0.9999963,alpha,0.9999995,alpha,0.9999974,alpha,0.99999523,alpha,1.0
HP1508501T2D_A14,alpha,alpha,0.9999862,alpha,0.9999995,alpha,0.9999994,alpha,0.9999989,alpha,0.99999964
HP1508501T2D_A12,alpha,alpha,0.9999994,alpha,0.9999975,alpha,0.9999933,alpha,0.9999999,alpha,0.99999964
HP1508501T2D_B3,alpha,alpha,0.99999595,alpha,0.99999857,alpha,0.9999999,alpha,0.9999981,alpha,0.99999714
HP1508501T2D_A15,alpha,alpha,0.97998315,alpha,0.99970526,alpha,0.9942357,alpha,0.99977225,alpha,0.9997539
HP1508501T2D_J1,alpha,alpha,0.9999999,alpha,0.99999976,alpha,0.99999976,alpha,0.9999999,alpha,0.9999999
HP1508501T2D_K9,alpha,alpha,0.99991846,alpha,0.9999976,alpha,0.99998343,alpha,0.9998646,alpha,0.9999615
HP1508501T2D_E21,alpha,alpha,0.99998295,alpha,0.99996257,alpha,0.9999924,alpha,0.9999471,alpha,0.99997497
HP1508501T2D_F20,alpha,alpha,0.99999976,alpha,0.9999999,alpha,0.9999951,alpha,0.9999989,alpha,0.99999475
HP1508501T2D_G4,alpha,alpha,0.99999917,alpha,0.9999994,alpha,0.9999999,alpha,0.9999994,alpha,0.99998224
HP1508501T2D_D8,alpha,alpha,0.9999999,alpha,0.9999994,alpha,0.9999999,alpha,0.9999999,alpha,0.99999976
HP1508501T2D_D10,alpha,alpha,0.9999529,alpha,0.99856025,alpha,0.9999999,alpha,0.99999666,alpha,0.99999857
HP1508501T2D_E13,alpha,alpha,0.99868125,alpha,0.9996693,alpha,0.9999049,alpha,0.99972385,alpha,0.9999628
HP1509101_A3,alpha,alpha,0.9998685,alpha,0.9999982,alpha,0.99999535,alpha,0.99997735,alpha,0.9999925
HP1509101_D5,alpha,alpha,0.9999896,alpha,0.9999987,alpha,0.9999993,alpha,0.9999962,alpha,0.9999989
HP1509101_G19,alpha,alpha,0.9999819,alpha,0.99999356,alpha,0.9999943,alpha,0.99997663,alpha,0.9999963
HP1509101_P4,alpha,alpha,0.99995434,alpha,0.99997556,alpha,0.99999857,alpha,0.99997723,alpha,0.9999784
HP1509101_B8,alpha,alpha,0.9970086,alpha,0.9714224,alpha,0.9986979,alpha,0.9539345,alpha,0.9793108
HP1509101_J12,alpha,alpha,0.99994385,alpha,0.99953234,alpha,0.9999572,alpha,0.9999833,alpha,0.99997807
HP1509101_A7,alpha,alpha,0.9999825,alpha,0.9999956,alpha,0.9999944,alpha,0.9999585,alpha,0.9999981
HP1509101_H1,alpha,alpha,0.99991477,alpha,0.9841381,alpha,0.80788124,alpha,0.9997595,alpha,0.99956626
HP1509101_L17,alpha,beta,0.85761356,gamma,0.4490349,gamma,0.688887,gamma,0.95752364,gamma,0.9991623
HP1509101_L6,alpha,alpha,0.9999968,alpha,0.99999857,alpha,0.99999726,alpha,0.9999987,alpha,0.9999993
HP1509101_G23,alpha,alpha,0.9999522,alpha,0.9999745,alpha,0.99998283,alpha,0.99999666,alpha,0.9999968
HP1509101_I14,alpha,alpha,0.9999597,alpha,0.99997437,alpha,0.99986994,alpha,0.9999566,alpha,0.99998915
HP1509101_H21,alpha,alpha,0.99999595,alpha,0.99998903,alpha,0.99997234,alpha,0.9999976,alpha,0.9999958
HP1509101_L8,alpha,alpha,0.9999944,alpha,0.9999949,alpha,0.99998236,alpha,0.9999951,alpha,0.99999964
HP1509101_G14,alpha,alpha,0.9999883,alpha,0.9999988,alpha,0.99999774,alpha,0.9999949,alpha,0.99999833
HP1509101_I5,alpha,alpha,0.99999034,alpha,0.9999945,alpha,0.99999607,alpha,0.9999906,alpha,0.9999993
HP1509101_K22,alpha,alpha,0.99992955,alpha,0.99999666,alpha,0.99998355,alpha,0.9999958,alpha,0.9999918
HP1509101_F13,alpha,alpha,0.99989665,alpha,0.9999757,alpha,0.99951243,alpha,0.9999802,alpha,0.9999958
HP1509101_G24,alpha,alpha,0.9999995,alpha,0.99999356,alpha,0.99994636,alpha,0.99999857,alpha,0.99999964
HP1509101_D15,alpha,alpha,0.9999963,alpha,0.99999297,alpha,0.99996233,alpha,0.9999964,alpha,0.9999974
HP1509101_O9,alpha,alpha,0.99999666,alpha,0.9999914,alpha,0.99994373,alpha,0.99999917,alpha,0.9999995
HP1509101_N12,alpha,alpha,0.99999654,alpha,0.9999883,alpha,0.9999956,alpha,0.9999989,alpha,0.9999845
HP1509101_O7,alpha,alpha,0.99999666,alpha,0.9999974,alpha,0.9999956,alpha,0.9999974,alpha,0.999997
HP1509101_D8,alpha,alpha,0.99999464,alpha,0.9999808,alpha,0.9999999,alpha,0.99999857,alpha,0.9999995
HP1509101_H22,alpha,alpha,0.9998914,alpha,0.99995863,alpha,0.99998033,alpha,0.9999976,alpha,0.99998915
HP1509101_F1,alpha,alpha,0.9999962,alpha,0.9999864,alpha,0.99999654,alpha,0.9996835,alpha,0.9999968
HP1509101_L11,alpha,alpha,0.99999726,alpha,0.9999914,alpha,0.9999995,alpha,0.9999951,alpha,0.9999974
HP1509101_N15,alpha,alpha,0.99963737,alpha,0.999979,alpha,0.99993634,alpha,0.99998367,alpha,0.9998771
HP1509101_G22,alpha,alpha,0.99960726,alpha,0.89951426,alpha,0.9985241,alpha,0.99954045,alpha,0.9541141
HP1509101_H24,alpha,alpha,0.99997663,alpha,0.9999088,alpha,0.9999858,alpha,0.99992883,alpha,0.9998617
HP1509101_H23,alpha,alpha,0.9999988,alpha,0.99999654,alpha,0.999997,alpha,0.99998724,alpha,0.99991083
HP1509101_I10,alpha,alpha,0.99998295,alpha,0.9999788,alpha,0.99998164,alpha,0.9999652,alpha,0.9999927
HP1509101_C12,alpha,alpha,0.9999975,alpha,0.9999958,alpha,0.9999993,alpha,0.99998856,alpha,0.99999833
HP1509101_G18,alpha,alpha,0.99999285,alpha,0.9999956,alpha,0.99999917,alpha,0.999982,alpha,0.9999981
HP1509101_M12,alpha,alpha,0.9999409,alpha,0.999998,alpha,0.9999994,alpha,0.9999981,alpha,0.99999547
HP1509101_I22,alpha,alpha,0.9999291,alpha,0.9999155,alpha,0.9999881,alpha,0.999987,alpha,0.99998426
HP1509101_N16,alpha,alpha,0.999992,alpha,0.99999714,alpha,0.9999534,alpha,0.99994826,alpha,0.99999106
HP1509101_P20,alpha,alpha,0.9999776,alpha,0.99995446,alpha,0.9998995,alpha,0.99996626,alpha,0.9999722
HP1509101_P18,alpha,alpha,0.9752322,alpha,0.9999099,alpha,0.9981298,alpha,0.99702865,alpha,0.9949727
HP1509101_G15,alpha,alpha,0.9999981,alpha,0.99999595,alpha,0.99999094,alpha,0.9999827,alpha,0.9999981
HP1509101_N9,alpha,alpha,0.9999963,alpha,0.9999832,alpha,0.9999931,alpha,0.99999,alpha,0.99999964
HP1509101_B20,alpha,alpha,0.99999857,alpha,0.9999882,alpha,0.99999213,alpha,0.99999726,alpha,0.9999999
HP1509101_N18,alpha,alpha,0.97443897,alpha,0.99730814,alpha,0.9996086,alpha,0.99195135,alpha,0.9600687
HP1509101_N17,alpha,alpha,0.9999839,alpha,0.99998665,alpha,0.9999788,alpha,0.99999976,alpha,0.99999964
HP1509101_C22,alpha,alpha,0.99990714,alpha,0.99966586,alpha,0.9999944,alpha,0.9999187,alpha,0.9998055
HP1509101_E19,alpha,alpha,0.9999957,alpha,0.9999697,alpha,0.99999535,alpha,0.99999475,alpha,0.9999981
HP1509101_O23,alpha,alpha,0.9994603,alpha,0.99956316,alpha,0.99923396,alpha,0.99992883,alpha,0.99266726
HP1509101_J8,alpha,alpha,0.9999715,alpha,0.9999896,alpha,0.9999906,alpha,0.9999889,alpha,0.9999919
HP1509101_B11,alpha,alpha,0.9999956,alpha,0.9999988,alpha,0.9999951,alpha,0.99999523,alpha,0.99999905
HP1509101_D19,alpha,alpha,0.9999542,alpha,0.9999975,alpha,0.9999857,alpha,0.99999225,alpha,0.9999989
HP1509101_K21,alpha,alpha,0.9999932,alpha,0.999997,alpha,0.9999398,alpha,0.99999785,alpha,0.99999
HP1509101_G20,alpha,alpha,0.99999547,alpha,0.9999932,alpha,0.9999981,alpha,0.9999988,alpha,0.9999999
HP1509101_J4,alpha,alpha,0.9999864,alpha,0.9999813,alpha,0.9999875,alpha,0.9999944,alpha,0.9999987
HP1509101_H11,alpha,alpha,0.99999833,alpha,0.99999714,alpha,0.99999774,alpha,0.9999937,alpha,0.9999994
HP1509101_I21,alpha,alpha,0.9999684,alpha,0.99999046,alpha,0.99996066,alpha,0.9999695,alpha,0.99998677
HP1509101_H14,alpha,alpha,0.9996062,alpha,0.999956,alpha,0.9999722,alpha,0.9999676,alpha,0.99995685
HP1509101_O13,alpha,alpha,0.9999778,alpha,0.9999989,alpha,0.99999774,alpha,0.9999989,alpha,0.9999944
HP1509101_J15,alpha,alpha,0.9999826,alpha,0.99994755,alpha,0.9999993,alpha,0.99999297,alpha,0.9999956
HP1509101_H9,alpha,alpha,0.9995165,alpha,0.99783957,alpha,0.93059784,alpha,0.99851495,alpha,0.9995166
HP1509101_O20,alpha,alpha,0.9996823,alpha,0.99976236,alpha,0.99991095,alpha,0.9999846,alpha,0.99991953
HP1509101_I8,alpha,alpha,0.99954754,alpha,0.9999318,alpha,0.99993587,alpha,0.9999852,alpha,0.9997993
HP1509101_F4,alpha,alpha,0.9999801,alpha,0.99999225,alpha,0.9999951,alpha,0.9999697,alpha,0.9999883
HP1509101_K7,alpha,alpha,0.99754095,alpha,0.99865,alpha,0.99196625,alpha,0.98820114,alpha,0.96828216
HP1509101_N5,alpha,alpha,0.9999635,alpha,0.9999993,alpha,0.99999845,alpha,0.99999964,alpha,0.9999994
HP1509101_J20,alpha,alpha,0.99999475,alpha,0.9999808,alpha,0.99995315,alpha,0.99993646,alpha,0.9999815
HP1509101_F19,alpha,alpha,0.9999304,alpha,0.9995753,alpha,0.9999939,alpha,0.9998267,alpha,0.9994879
HP1509101_I23,alpha,alpha,0.9998671,alpha,0.99988985,alpha,0.9999614,alpha,0.999113,alpha,0.9999795
HP1509101_O19,alpha,beta,0.69460875,beta,0.999468,beta,0.5139512,beta,0.97833085,beta,0.5802944
HP1509101_L24,alpha,alpha,0.9999987,alpha,0.99999833,alpha,0.9999999,alpha,0.9999993,alpha,0.9999999
HP1509101_O16,alpha,alpha,0.99999213,alpha,0.999926,alpha,0.99997985,alpha,0.9999323,alpha,0.999835
HP1509101_I18,alpha,alpha,0.9975132,alpha,0.99756706,alpha,0.994212,alpha,0.99644643,alpha,0.9975752
HP1509101_N20,alpha,alpha,0.9999883,alpha,0.9999629,alpha,0.9999987,alpha,0.9999652,alpha,0.99999726
HP1509101_A20,alpha,alpha,0.9999945,alpha,0.9999974,alpha,0.9999939,alpha,0.9999981,alpha,0.9999968
HP1509101_I24,alpha,alpha,0.5345002,beta,0.63002324,alpha,0.49922112,alpha,0.619949,beta,0.96619487
HP1509101_G16,alpha,alpha,0.99996984,alpha,0.99999523,alpha,0.9999919,alpha,0.99999595,alpha,0.99999464
HP1509101_M8,alpha,alpha,0.9998068,alpha,0.9999871,alpha,0.99997926,alpha,0.99998903,alpha,0.99999607
HP1509101_J6,alpha,alpha,0.99999297,alpha,0.99999917,alpha,0.9999938,alpha,0.9999974,alpha,0.99999905
HP1509101_M10,alpha,alpha,0.9999919,alpha,0.9999993,alpha,0.99999976,alpha,0.9987936,alpha,0.9999896
HP1509101_B10,alpha,alpha,0.99999344,alpha,0.9999951,alpha,0.99999666,alpha,0.99997175,alpha,0.9999937
HP1509101_G17,alpha,alpha,0.99998593,alpha,0.9999913,alpha,0.9999889,alpha,0.9999913,alpha,0.99999714
HP1509101_J24,alpha,alpha,0.99972194,alpha,0.99997616,alpha,0.999752,alpha,0.9999912,alpha,0.99999356
HP1509101_O12,alpha,alpha,0.9999869,alpha,0.9999975,alpha,0.99998975,alpha,0.9999957,alpha,0.9999975
HP1525301T2D_K15,alpha,alpha,0.99999547,alpha,0.99998736,alpha,0.9999982,alpha,0.9999994,alpha,0.99999774
HP1525301T2D_G11,alpha,alpha,0.9999912,alpha,0.9999993,alpha,0.99999905,alpha,0.99999714,alpha,0.99999726
HP1525301T2D_A6,alpha,alpha,0.9971276,alpha,0.9998332,alpha,0.99998164,alpha,0.9976987,alpha,0.998961
HP1525301T2D_K23,alpha,alpha,0.9999987,alpha,0.9999999,alpha,0.9999982,alpha,0.99999917,alpha,0.9999982
HP1525301T2D_I21,alpha,alpha,0.9999933,alpha,0.99999666,alpha,0.9999993,alpha,0.9999918,alpha,0.9999887
HP1525301T2D_I12,alpha,alpha,0.9999994,alpha,0.99999976,alpha,0.9999993,alpha,0.9999994,alpha,0.9999981
HP1525301T2D_P22,alpha,alpha,0.99999905,alpha,0.99999917,alpha,0.9999968,alpha,0.9999987,alpha,0.99998784
HP1525301T2D_J14,alpha,alpha,0.9999975,alpha,0.99999964,alpha,0.99999976,alpha,0.9999995,alpha,0.9999989
HP1525301T2D_P6,alpha,alpha,0.9999982,alpha,0.9999989,alpha,0.9999995,alpha,0.99999905,alpha,0.99999905
HP1525301T2D_C16,alpha,alpha,0.99900633,alpha,0.9999298,alpha,0.9999939,alpha,0.99998915,alpha,0.99998283
HP1525301T2D_B1,alpha,alpha,0.99998355,alpha,0.9999924,alpha,0.9999882,alpha,0.99704546,alpha,0.99908125
HP1525301T2D_B4,alpha,alpha,0.99999785,alpha,0.9999993,alpha,0.9999995,alpha,0.99999917,alpha,0.9999993
HP1525301T2D_F19,alpha,alpha,0.99984276,alpha,0.99999845,alpha,0.99999356,alpha,0.9999845,alpha,0.9999521
HP1525301T2D_N23,alpha,alpha,0.8616858,alpha,0.99980885,alpha,0.99979466,alpha,0.9999722,alpha,0.9991929
HP1525301T2D_G22,alpha,alpha,1.0,alpha,0.9999999,alpha,1.0,alpha,0.99999833,alpha,1.0
HP1525301T2D_D11,alpha,alpha,0.9999596,alpha,0.99999654,alpha,0.9999993,alpha,0.99999225,alpha,0.99997973
HP1525301T2D_E1,alpha,alpha,0.9999994,alpha,0.99999726,alpha,0.9999969,alpha,0.99998605,alpha,0.9999989
HP1525301T2D_C2,alpha,alpha,0.999995,alpha,0.9999989,alpha,0.9999999,alpha,0.99999833,alpha,0.9999975
HP1525301T2D_B11,alpha,alpha,0.99999857,alpha,0.9999982,alpha,0.99999964,alpha,0.999998,alpha,0.99999857
HP1525301T2D_M16,alpha,alpha,0.9999982,alpha,0.99999905,alpha,0.99999964,alpha,0.9999989,alpha,0.99999964
HP1525301T2D_O1,alpha,acinar,0.9971071,acinar,0.97725904,acinar,0.99994457,acinar,0.99985313,acinar,0.9463303
HP1525301T2D_H23,alpha,alpha,0.9999964,alpha,0.99999166,alpha,0.99999833,alpha,0.9999974,alpha,0.9999989
HP1525301T2D_B23,alpha,alpha,0.9999846,alpha,0.9999963,alpha,0.9999974,alpha,0.99998915,alpha,0.99999964
HP1525301T2D_I4,alpha,alpha,0.9999888,alpha,0.9999945,alpha,0.9999995,alpha,0.9999976,alpha,0.99998486
HP1525301T2D_P8,alpha,alpha,0.99999726,alpha,0.9999981,alpha,0.9999999,alpha,0.99999356,alpha,0.99999726
HP1525301T2D_C1,alpha,alpha,0.9999995,alpha,0.9999993,alpha,0.9999993,alpha,0.99999845,alpha,0.9999963
HP1525301T2D_J2,alpha,alpha,0.99999976,alpha,0.9999995,alpha,1.0,alpha,0.99999964,alpha,0.9999995
HP1525301T2D_N7,alpha,alpha,0.99999285,alpha,0.99989843,alpha,0.9999925,alpha,0.9999994,alpha,1.0
HP1525301T2D_H6,alpha,alpha,0.9999994,alpha,0.9999994,alpha,0.9999981,alpha,0.9999988,alpha,0.99999845
HP1525301T2D_C10,alpha,alpha,0.99999845,alpha,0.99999976,alpha,0.9999988,alpha,0.99999714,alpha,0.99999976
HP1525301T2D_H7,alpha,alpha,0.99999905,alpha,0.9999999,alpha,0.99999917,alpha,0.99999964,alpha,0.9999988
HP1525301T2D_G15,alpha,alpha,0.9999856,alpha,0.99999654,alpha,0.9999988,alpha,0.9999982,alpha,0.9999975
HP1525301T2D_E23,alpha,alpha,1.0,alpha,1.0,alpha,1.0,alpha,0.9999846,alpha,0.9999999
HP1525301T2D_I7,alpha,alpha,0.99963605,alpha,0.99999547,alpha,0.99999976,alpha,0.9999927,alpha,0.9999987
HP1525301T2D_E7,alpha,alpha,0.99992585,alpha,0.99999774,alpha,0.9999546,alpha,0.9999889,alpha,0.9997485
HP1525301T2D_O18,alpha,alpha,0.99999964,alpha,0.99999595,alpha,0.9999999,alpha,0.99999726,alpha,0.99999976
HP1525301T2D_F2,alpha,alpha,0.9999794,alpha,0.99999607,alpha,0.99999845,alpha,0.9999951,alpha,0.9999697
HP1525301T2D_H19,alpha,alpha,0.9999988,alpha,0.9999846,alpha,0.9999982,alpha,0.9999999,alpha,0.99999905
HP1525301T2D_M13,alpha,alpha,0.9999993,alpha,0.99999964,alpha,0.99999917,alpha,0.9999927,alpha,0.99999964
HP1525301T2D_P24,alpha,alpha,0.99999666,alpha,0.9999995,alpha,0.9999993,alpha,0.9999994,alpha,0.99999964
HP1525301T2D_I5,alpha,alpha,0.99999917,alpha,0.99999964,alpha,0.9999999,alpha,0.9999739,alpha,0.99999356
HP1525301T2D_L15,alpha,alpha,0.99999976,alpha,0.9999999,alpha,0.9999999,alpha,0.99999714,alpha,0.99999976
HP1525301T2D_A9,alpha,alpha,0.99988246,alpha,0.999977,alpha,0.9999987,alpha,0.9999993,alpha,0.9998559
HP1525301T2D_P17,alpha,alpha,0.99999857,alpha,0.9999976,alpha,0.99999106,alpha,0.9998197,alpha,0.99985635
HP1525301T2D_B15,alpha,alpha,0.99999917,alpha,0.999995,alpha,0.99999976,alpha,0.99999917,alpha,0.99999976
HP1525301T2D_L22,alpha,alpha,0.9999981,alpha,0.9999995,alpha,0.99999976,alpha,0.9999974,alpha,1.0
HP1525301T2D_I2,alpha,alpha,0.999998,alpha,0.9999993,alpha,0.99999976,alpha,0.99999976,alpha,0.99999964
HP1525301T2D_H12,alpha,alpha,0.9999958,alpha,0.99999917,alpha,0.99999774,alpha,0.99999917,alpha,0.9999888
HP1525301T2D_L24,alpha,alpha,0.99999774,alpha,0.99999976,alpha,0.99999976,alpha,0.9999987,alpha,0.9999993
HP1525301T2D_N8,alpha,alpha,0.9999434,alpha,0.9999951,alpha,0.9999895,alpha,0.9999913,alpha,0.9999887
HP1525301T2D_M8,alpha,alpha,0.99999726,alpha,0.9999976,alpha,0.9999993,alpha,0.999992,alpha,0.9999976
HP1525301T2D_F4,alpha,alpha,0.99999964,alpha,0.9999999,alpha,0.9999995,alpha,0.9999995,alpha,0.9999999
HP1525301T2D_J4,alpha,alpha,0.9999726,alpha,0.99984956,alpha,0.9999969,alpha,0.9999628,alpha,0.99998164
HP1525301T2D_G4,alpha,alpha,0.9999968,alpha,0.99999833,alpha,1.0,alpha,0.99999857,alpha,0.99999905
HP1525301T2D_J13,alpha,alpha,0.9999851,alpha,0.9999995,alpha,0.9999976,alpha,0.9999995,alpha,0.99999475
HP1525301T2D_G19,alpha,alpha,0.99999845,alpha,0.99999905,alpha,0.9999994,alpha,0.9999913,alpha,0.99999523
HP1525301T2D_N13,alpha,alpha,0.9997898,alpha,0.9999927,alpha,0.9999989,alpha,0.9999974,alpha,0.9999896
HP1525301T2D_J8,alpha,alpha,0.9999864,alpha,0.99999845,alpha,0.99999905,alpha,0.9999993,alpha,0.9999889
HP1525301T2D_C5,alpha,alpha,0.9997584,alpha,0.99999154,alpha,0.9999999,alpha,0.9999994,alpha,0.99998415
HP1525301T2D_E13,alpha,alpha,0.9999914,alpha,0.99999845,alpha,0.99999964,alpha,0.99999726,alpha,0.99999785
HP1525301T2D_L9,alpha,alpha,0.99914277,alpha,0.99999726,alpha,0.9999949,alpha,0.9999976,alpha,0.99998355
HP1525301T2D_A11,alpha,alpha,0.9999964,alpha,0.9999994,alpha,0.9999999,alpha,0.9999974,alpha,0.99999845
HP1525301T2D_P11,alpha,alpha,0.99999857,alpha,0.9999981,alpha,0.99999,alpha,0.99999917,alpha,0.99999917
HP1525301T2D_P18,alpha,alpha,0.99999976,alpha,0.9999994,alpha,0.9999995,alpha,0.99999905,alpha,0.99999475
HP1525301T2D_O6,alpha,alpha,0.9999769,alpha,0.999949,alpha,0.99998426,alpha,0.99999213,alpha,0.9999449
HP1525301T2D_C8,alpha,alpha,0.9999924,alpha,0.9999958,alpha,0.9999988,alpha,0.9999993,alpha,0.99999714
HP1525301T2D_B13,alpha,alpha,0.9999629,alpha,0.99996984,alpha,0.9999968,alpha,0.9999906,alpha,0.9999907
HP1525301T2D_P9,alpha,alpha,0.99999654,alpha,0.9999995,alpha,0.9999995,alpha,0.99999917,alpha,0.99999964
HP1525301T2D_A5,alpha,alpha,0.99999714,alpha,0.9999994,alpha,1.0,alpha,0.9999993,alpha,0.9999993
HP1525301T2D_M10,alpha,alpha,0.99999857,alpha,0.99999905,alpha,0.9999999,alpha,0.99999833,alpha,0.999998
HP1525301T2D_H8,alpha,acinar,0.94040835,acinar,0.9344498,acinar,0.9999386,acinar,0.9994178,acinar,0.9990408
HP1525301T2D_B7,alpha,alpha,0.99999857,alpha,0.99999857,alpha,0.99999976,alpha,0.99999547,alpha,0.9999901
HP1525301T2D_B18,alpha,alpha,0.99983454,alpha,0.9999956,alpha,0.99999905,alpha,0.9999821,alpha,0.9999988
HP1525301T2D_K19,alpha,alpha,0.9999993,alpha,0.9999993,alpha,0.99999964,alpha,0.99999714,alpha,0.9999864
HP1525301T2D_G1,alpha,alpha,0.999997,alpha,0.9999989,alpha,0.9999962,alpha,0.9999968,alpha,0.9999994
HP1525301T2D_J19,alpha,alpha,0.9999949,alpha,0.99999917,alpha,1.0,alpha,0.9999994,alpha,0.9999994
HP1525301T2D_G18,alpha,alpha,0.99999595,alpha,0.99999833,alpha,0.9999747,alpha,0.99999833,alpha,0.999984
HP1525301T2D_E16,alpha,alpha,0.9999987,alpha,0.9999982,alpha,0.9999994,alpha,0.9999987,alpha,0.99999976
HP1525301T2D_A3,alpha,alpha,0.9999956,alpha,0.9999989,alpha,0.9999993,alpha,0.9999963,alpha,0.99999714
HP1525301T2D_N19,alpha,alpha,0.99872667,alpha,0.9999132,alpha,0.99999976,alpha,0.99982363,alpha,0.999912
HP1525301T2D_O5,alpha,alpha,0.9987816,alpha,0.99987936,alpha,0.9999589,alpha,0.9934361,alpha,0.9972156
HP1525301T2D_D9,alpha,alpha,0.9999975,alpha,0.9999968,alpha,0.99999774,alpha,0.99999464,alpha,0.99999523
HP1525301T2D_E22,alpha,alpha,0.9999927,alpha,0.9999672,alpha,0.9999919,alpha,0.99999464,alpha,0.99999154
HP1525301T2D_K22,alpha,alpha,0.9999987,alpha,0.99999964,alpha,0.99999475,alpha,0.9999994,alpha,0.9999894
HP1525301T2D_H20,alpha,alpha,0.9999677,alpha,0.99994457,alpha,0.99999774,alpha,0.99999034,alpha,0.9999932
HP1525301T2D_N9,alpha,alpha,0.99352914,alpha,0.9999902,alpha,0.99998784,alpha,0.99998164,alpha,0.99992955
HP1525301T2D_O13,alpha,alpha,0.9999937,alpha,0.99999917,alpha,0.9999989,alpha,0.99999654,alpha,0.99999774
HP1525301T2D_J1,alpha,alpha,0.9999993,alpha,0.9999999,alpha,0.9999993,alpha,0.9999995,alpha,0.9999999
HP1525301T2D_E8,alpha,alpha,0.9999013,alpha,0.9999964,alpha,0.99999654,alpha,0.99999857,alpha,0.9999993
HP1525301T2D_N24,alpha,alpha,0.9999993,alpha,0.99999976,alpha,0.99999917,alpha,0.9999995,alpha,0.9999949
HP1525301T2D_K3,alpha,alpha,0.999998,alpha,0.9999995,alpha,0.99999976,alpha,0.9999933,alpha,0.99999917
HP1526901T2D_A3,alpha,alpha,0.9999999,alpha,0.99999595,alpha,1.0,alpha,0.9999995,alpha,0.9999958
HP1526901T2D_P20,alpha,alpha,0.9999857,alpha,0.9999964,alpha,0.99999964,alpha,0.99999917,alpha,0.9999887
HP1526901T2D_M21,alpha,alpha,0.9999974,alpha,0.9999025,alpha,0.9999951,alpha,0.9999943,alpha,0.9999951
HP1526901T2D_D5,alpha,alpha,0.99999154,alpha,0.9999957,alpha,0.99999964,alpha,0.9999994,alpha,0.9999989
HP1526901T2D_K6,alpha,alpha,0.99995077,alpha,0.99999654,alpha,0.99999845,alpha,0.9999932,alpha,0.9999825
HP1526901T2D_L16,alpha,alpha,0.999998,alpha,0.9999354,alpha,0.99999547,alpha,0.99999964,alpha,0.99999666
HP1526901T2D_F2,alpha,alpha,0.9999969,alpha,0.9999275,alpha,0.99999964,alpha,0.99999857,alpha,0.99999356
HP1526901T2D_E18,alpha,alpha,0.99999046,alpha,0.99787354,alpha,0.9999659,alpha,0.9999974,alpha,0.99986446
HP1526901T2D_O22,alpha,alpha,0.9999852,alpha,0.99999607,alpha,0.9999764,alpha,0.9999975,alpha,0.9998672
HP1526901T2D_I6,alpha,alpha,0.9999989,alpha,0.9999435,alpha,0.9999993,alpha,0.99999905,alpha,0.9999969
HP1526901T2D_N15,alpha,alpha,0.9999968,alpha,0.9999962,alpha,0.9999999,alpha,0.9999999,alpha,0.99999917
HP1526901T2D_F3,alpha,alpha,0.99999666,alpha,0.99998736,alpha,0.99999964,alpha,0.9999994,alpha,0.99999106
HP1526901T2D_P21,alpha,alpha,0.99999845,alpha,0.99999845,alpha,0.9999969,alpha,0.9999995,alpha,0.99999607
HP1526901T2D_J24,alpha,alpha,0.999977,alpha,0.99999535,alpha,0.9999987,alpha,0.9999988,alpha,0.9999919
HP1526901T2D_L2,alpha,alpha,0.99999547,alpha,0.9995421,alpha,0.9999608,alpha,0.99998844,alpha,0.9999939
HP1526901T2D_F21,alpha,alpha,0.99999833,alpha,0.99993765,alpha,0.99999964,alpha,0.99999785,alpha,0.9999846
HP1526901T2D_G7,alpha,alpha,0.9999999,alpha,0.999998,alpha,1.0,alpha,0.9999994,alpha,0.99999976
HP1526901T2D_F10,alpha,alpha,0.99999523,alpha,0.99998343,alpha,0.9999988,alpha,0.9999988,alpha,0.99999917
HP1526901T2D_J8,alpha,alpha,0.9999957,alpha,0.9998654,alpha,0.9999925,alpha,0.9999943,alpha,0.999995
HP1526901T2D_E8,alpha,alpha,0.999997,alpha,0.9998776,alpha,0.9999999,alpha,0.9999994,alpha,0.9999927
HP1526901T2D_P14,alpha,alpha,0.9999907,alpha,0.99997985,alpha,0.9999995,alpha,0.9999989,alpha,0.99996924
HP1526901T2D_L19,alpha,alpha,0.99999523,alpha,0.9998838,alpha,0.999998,alpha,0.99999976,alpha,0.99999905
HP1526901T2D_N9,alpha,alpha,0.9999888,alpha,0.9991905,alpha,0.999997,alpha,0.99999905,alpha,0.99999905
HP1526901T2D_O21,alpha,alpha,0.99999785,alpha,0.9999995,alpha,0.9999999,alpha,0.99999976,alpha,0.99999464
HP1526901T2D_G14,alpha,alpha,0.9999949,alpha,0.9782196,alpha,0.9999889,alpha,0.9999993,alpha,0.9999757
HP1526901T2D_M4,alpha,alpha,0.9999975,alpha,0.9999919,alpha,0.9999994,alpha,0.9999999,alpha,0.9999958
HP1526901T2D_A9,alpha,alpha,0.9999989,alpha,0.99979156,alpha,0.99998784,alpha,0.9999964,alpha,0.9999603
HP1526901T2D_P2,alpha,alpha,0.9999888,alpha,0.9999604,alpha,0.9999893,alpha,0.9999902,alpha,0.9999938
HP1526901T2D_A12,alpha,alpha,0.9999989,alpha,0.99996424,alpha,0.99999726,alpha,0.9999988,alpha,0.99999976
HP1526901T2D_L11,alpha,alpha,0.9992023,alpha,0.9134677,alpha,0.9999589,alpha,0.99997866,alpha,0.99998796
HP1526901T2D_B12,alpha,alpha,0.99999833,alpha,0.99999154,alpha,0.9999995,alpha,0.9999995,alpha,0.9999993
HP1526901T2D_A17,alpha,alpha,0.9999993,alpha,0.9999585,alpha,0.9999987,alpha,0.99999905,alpha,0.999997
HP1526901T2D_P12,alpha,alpha,0.9999981,alpha,0.9999957,alpha,0.99999976,alpha,0.99999976,alpha,0.9999949
HP1526901T2D_J2,alpha,alpha,0.9999981,alpha,0.9999913,alpha,0.99999964,alpha,0.9999933,alpha,0.9999999
HP1526901T2D_D18,alpha,alpha,0.9999907,alpha,0.99998224,alpha,0.99999917,alpha,0.9999987,alpha,0.99999714
HP1526901T2D_B17,alpha,alpha,0.9999995,alpha,0.9999765,alpha,0.99999917,alpha,0.9999999,alpha,0.9999999
HP1526901T2D_F1,alpha,alpha,0.99516016,alpha,0.97675586,alpha,0.9999304,alpha,0.99998844,alpha,0.9998828
HP1526901T2D_B20,alpha,alpha,0.99999976,alpha,0.9999907,alpha,0.99999964,alpha,0.9999989,alpha,0.999998
HP1526901T2D_H12,alpha,alpha,0.99999964,alpha,0.99999785,alpha,1.0,alpha,1.0,alpha,1.0
HP1526901T2D_G13,alpha,alpha,0.9999976,alpha,0.99999154,alpha,0.9999989,alpha,0.99999976,alpha,0.9999989
HP1526901T2D_N6,alpha,alpha,0.99998164,alpha,0.9999932,alpha,0.9999995,alpha,0.9999994,alpha,0.99998605
HP1526901T2D_I21,alpha,alpha,0.9992372,alpha,0.9847244,alpha,0.9999074,alpha,0.9999858,alpha,0.9999976
HP1526901T2D_F9,alpha,alpha,0.99994075,alpha,0.9997546,alpha,0.9999937,alpha,0.9999974,alpha,0.9999968
HP1526901T2D_H17,alpha,alpha,0.99999905,alpha,0.9999813,alpha,0.99999917,alpha,0.9999999,alpha,0.9999987
HP1526901T2D_O23,alpha,alpha,0.99998116,alpha,0.9998307,alpha,0.9999641,alpha,0.9999976,alpha,0.9999993
HP1526901T2D_L17,alpha,alpha,0.9999993,alpha,0.999987,alpha,0.99999964,alpha,0.99999917,alpha,0.99999714
HP1526901T2D_A7,alpha,alpha,0.99999714,alpha,0.9999995,alpha,0.9999974,alpha,0.9999989,alpha,0.99999857
HP1526901T2D_K18,alpha,alpha,0.99999964,alpha,0.9999931,alpha,0.9999999,alpha,0.9999999,alpha,0.9999995
HP1526901T2D_K10,alpha,alpha,0.99999774,alpha,0.99999666,alpha,0.99999964,alpha,0.9999807,alpha,0.9999976
HP1526901T2D_I7,alpha,alpha,1.0,alpha,0.9999987,alpha,0.9999999,alpha,1.0,alpha,0.9999999
HP1526901T2D_J19,alpha,alpha,0.9988524,alpha,0.9995011,alpha,0.9999944,alpha,0.9999927,alpha,0.9999604
HP1526901T2D_G16,alpha,alpha,0.9999933,alpha,0.9999398,alpha,0.99999964,alpha,0.9999994,alpha,0.999998
HP1526901T2D_D8,alpha,alpha,0.9999999,alpha,0.99999857,alpha,1.0,alpha,0.9999999,alpha,0.9999999
HP1526901T2D_I14,alpha,alpha,0.99997807,alpha,0.9999763,alpha,0.9999969,alpha,0.9999908,alpha,0.9999987
HP1526901T2D_M1,alpha,alpha,0.999998,alpha,0.99999726,alpha,0.99999976,alpha,0.99999976,alpha,0.9999995
HP1526901T2D_J4,alpha,alpha,0.99999,alpha,0.99988294,alpha,0.9999939,alpha,0.99999845,alpha,0.99973625
HP1526901T2D_G10,alpha,alpha,0.9998667,alpha,0.9906878,alpha,0.99973017,alpha,0.9999635,alpha,0.99616665
HP1526901T2D_K2,alpha,alpha,0.9999856,alpha,0.99999857,alpha,0.9999999,alpha,0.9999949,alpha,0.9999734
HP1526901T2D_N10,alpha,alpha,0.9999901,alpha,0.99999917,alpha,0.99999964,alpha,0.9999968,alpha,0.9999988
HP1526901T2D_I8,alpha,alpha,0.99991596,alpha,0.9997819,alpha,0.99999094,alpha,0.9999944,alpha,0.99997425
HP1526901T2D_L13,alpha,alpha,0.9999877,alpha,0.9999621,alpha,0.9999944,alpha,0.9999994,alpha,0.9999989
HP1526901T2D_B11,alpha,alpha,0.99998486,alpha,0.9999455,alpha,0.9999989,alpha,0.9999995,alpha,0.99998736
HP1526901T2D_O6,alpha,alpha,0.99998176,alpha,0.99999666,alpha,0.9999995,alpha,0.99999905,alpha,0.9999989
HP1526901T2D_G18,alpha,alpha,0.99999833,alpha,0.9999994,alpha,0.99999905,alpha,0.99999964,alpha,0.9999995
HP1526901T2D_J13,alpha,alpha,0.9999924,alpha,0.9934087,alpha,0.9999908,alpha,0.9999982,alpha,0.99989486
HP1526901T2D_C16,alpha,alpha,0.99999785,alpha,0.9999982,alpha,1.0,alpha,0.9999999,alpha,0.9999989
HP1526901T2D_J14,alpha,alpha,0.99999964,alpha,0.9999833,alpha,0.99999976,alpha,0.99999917,alpha,0.99999917
HP1526901T2D_C4,alpha,alpha,0.99999714,alpha,0.9999974,alpha,0.9999999,alpha,0.9999995,alpha,0.9999989
HP1526901T2D_H6,alpha,alpha,0.9999951,alpha,0.99999833,alpha,0.99999964,alpha,0.99999976,alpha,0.9999945
HP1526901T2D_F19,alpha,alpha,0.99998343,alpha,0.99979585,alpha,0.99998844,alpha,0.99998784,alpha,0.9999951
HP1526901T2D_D9,alpha,alpha,0.99996626,alpha,0.9999989,alpha,0.9998741,alpha,0.9999982,alpha,0.9999999
HP1526901T2D_P19,alpha,alpha,0.99999905,alpha,0.9999938,alpha,0.9999987,alpha,0.999995,alpha,0.99999774
HP1526901T2D_L23,alpha,alpha,0.9999989,alpha,0.99997795,alpha,0.99999917,alpha,0.99999964,alpha,0.99999523
HP1526901T2D_N2,alpha,alpha,0.999998,alpha,0.9999101,alpha,0.9999974,alpha,0.9999995,alpha,0.9999993
HP1526901T2D_H19,alpha,alpha,0.99999905,alpha,0.9999883,alpha,0.99999976,alpha,0.9999993,alpha,0.9999994
HP1526901T2D_C6,alpha,alpha,0.9999958,alpha,0.9999939,alpha,0.999997,alpha,0.99999905,alpha,0.9999989
HP1526901T2D_L21,alpha,alpha,0.9999982,alpha,0.9999993,alpha,0.99999976,alpha,0.99999976,alpha,0.99999857
HP1526901T2D_D1,alpha,alpha,0.99999833,alpha,0.9999975,alpha,0.9999994,alpha,0.9999995,alpha,0.99999714
HP1526901T2D_P1,alpha,alpha,0.99993134,alpha,0.99491996,alpha,0.9999945,alpha,0.9999926,alpha,0.99998474
HP1526901T2D_E6,alpha,alpha,0.99999964,alpha,0.99999785,alpha,0.9999999,alpha,0.9999993,alpha,0.9999994
HP1526901T2D_M23,alpha,alpha,0.99999285,alpha,0.9999869,alpha,0.99999857,alpha,0.9999994,alpha,0.99999523
HP1526901T2D_N14,alpha,alpha,0.9998456,alpha,0.99999285,alpha,0.9999925,alpha,0.99999654,alpha,0.99999845
HP1526901T2D_I4,alpha,alpha,0.99999905,alpha,0.9999547,alpha,0.9999995,alpha,0.99999964,alpha,0.9999994
HP1526901T2D_B14,alpha,alpha,0.99999833,alpha,0.9999976,alpha,0.99999905,alpha,0.99999964,alpha,0.9999777
HP1526901T2D_C2,alpha,alpha,0.9999974,alpha,0.9999008,alpha,0.99999833,alpha,0.9999999,alpha,0.99999833
HP1526901T2D_K14,alpha,alpha,0.99999535,alpha,0.99998283,alpha,1.0,alpha,0.9999994,alpha,0.999997
HP1526901T2D_D16,alpha,alpha,0.99999654,alpha,0.9999218,alpha,0.99999726,alpha,0.99999857,alpha,0.999997
HP1526901T2D_M16,alpha,alpha,0.99999833,alpha,0.99977094,alpha,0.9999956,alpha,0.9999939,alpha,0.9999521
HP1526901T2D_K15,alpha,alpha,0.99999,alpha,0.99998105,alpha,0.9999988,alpha,0.99999976,alpha,0.9999993
HP1526901T2D_I15,alpha,alpha,0.9999968,alpha,0.9999976,alpha,1.0,alpha,0.9999999,alpha,0.9999994
HP1526901T2D_G8,alpha,alpha,0.9999989,alpha,0.999987,alpha,0.99999964,alpha,0.9999999,alpha,0.9999981
HP1526901T2D_M7,alpha,alpha,0.99999547,alpha,0.9999927,alpha,0.9999999,alpha,0.9999999,alpha,0.99999964
HP1526901T2D_I16,alpha,alpha,0.99999917,alpha,0.9998913,alpha,0.9999958,alpha,0.9999994,alpha,0.9999987
HP1526901T2D_N8,alpha,alpha,0.9999988,alpha,0.9999912,alpha,0.9999995,alpha,0.9999994,alpha,0.9999994
HP1526901T2D_A8,alpha,alpha,0.99994767,alpha,0.9998416,alpha,0.9999703,alpha,0.99999726,alpha,0.9999927
AZ_C11,delta,delta,0.99999774,delta,0.9999982,delta,0.9999939,delta,0.9999993,delta,0.9999962
AZ_B10,delta,delta,0.9999931,delta,0.9999924,delta,0.9999145,delta,0.99999833,delta,0.9999033
AZ_B1,delta,delta,0.99999344,delta,0.99999344,delta,0.9999738,delta,0.9999919,delta,0.9999931
AZ_A12,delta,delta,0.9986248,delta,0.9999418,delta,0.93097746,delta,0.9992894,delta,0.9993357
AZ_A10,delta,delta,0.99717677,delta,0.9959928,delta,0.95296025,delta,0.99990916,gamma,0.54745877
AZ_G6,delta,delta,0.9999064,delta,0.9999124,delta,0.79500866,delta,0.9985184,delta,0.9972721
AZ_D5,delta,delta,0.99998534,delta,0.9999852,delta,0.999666,delta,0.9995247,delta,0.9999112
HP1502401_D17,delta,delta,0.9999981,delta,0.99999833,delta,0.99993896,delta,0.99942243,delta,0.999997
HP1502401_A18,delta,delta,0.9999963,delta,0.99999416,delta,0.99998915,delta,0.9999987,delta,0.99999535
HP1502401_I7,delta,delta,0.9999945,delta,0.99991286,delta,0.99998033,delta,0.99994063,delta,0.9997907
HP1502401_O6,delta,delta,0.9999908,delta,0.99997985,delta,0.9997973,delta,0.99997973,delta,0.9999924
HP1502401_C8,delta,delta,0.999998,delta,0.99999833,delta,0.9999989,delta,0.9999999,delta,0.999998
HP1502401_H6,delta,delta,0.9999989,delta,0.99999976,delta,0.9999987,delta,0.99999964,delta,0.99999976
HP1502401_O18,delta,delta,0.9999993,delta,0.9999962,delta,0.99999344,delta,0.99999905,delta,0.9999964
HP1502401_F11,delta,delta,0.9999765,delta,0.9999417,delta,0.9998747,delta,0.99993193,delta,0.9999949
HP1502401_I9,delta,delta,0.9999901,delta,0.9999825,delta,0.99998355,delta,0.99999833,delta,0.9999982
HP1502401_D12,delta,delta,0.9999958,delta,0.9997577,delta,0.9996866,delta,0.9999943,delta,0.99999416
HP1502401_N7,delta,delta,0.9999981,delta,0.99999297,delta,0.99998903,delta,0.9999988,delta,0.9999974
HP1502401_G3,delta,delta,0.99999404,delta,0.99999845,delta,0.99997175,delta,0.99999833,delta,0.9999995
HP1502401_C5,delta,delta,0.9999629,delta,0.9999988,delta,0.9999896,delta,0.99999726,delta,0.99999547
HP1502401_A2,delta,delta,0.9999999,delta,0.9999981,delta,0.9999989,delta,0.9999994,delta,0.99999714
HP1502401_M6,delta,delta,0.9999721,delta,0.99998593,delta,0.999907,delta,0.99998,delta,0.9993567
HP1502401_A24,delta,delta,0.9999989,delta,0.9999988,delta,0.9999981,delta,0.99999917,delta,0.9999949
HP1502401_C20,delta,delta,0.99999976,delta,0.99999654,delta,0.99993086,delta,0.9998233,delta,0.9999927
HP1502401_E3,delta,delta,0.9999964,delta,0.99999785,delta,0.9999529,delta,0.99999154,delta,0.99999964
HP1502401_E9,delta,delta,0.99999905,delta,0.99999976,delta,0.99999726,delta,0.9999999,delta,0.99999964
HP1502401_B8,delta,delta,0.9999944,delta,0.9999964,delta,0.99999666,delta,0.99999917,delta,0.9999858
HP1504101T2D_A24,delta,delta,0.9999993,delta,0.9999987,delta,0.99999523,delta,0.9999999,delta,0.99999857
HP1504101T2D_H5,delta,delta,1.0,delta,0.99999976,delta,0.99999905,delta,1.0,delta,0.99999976
HP1504101T2D_F17,delta,delta,0.999998,delta,0.9999999,delta,0.9999981,delta,0.9999999,delta,0.99999976
HP1504101T2D_C9,delta,delta,0.9999995,delta,0.99999154,delta,0.9999975,delta,0.9999999,delta,0.9999981
HP1504101T2D_L11,delta,delta,0.9999999,delta,0.9999989,delta,0.99999917,delta,0.99999905,delta,0.9999994
HP1504101T2D_C10,delta,delta,0.99999976,delta,0.9999584,delta,0.9999968,delta,0.9999989,delta,0.99999976
HP1504101T2D_N21,delta,delta,0.99999976,delta,0.9999994,delta,0.99999785,delta,1.0,delta,0.99999917
HP1504101T2D_J14,delta,delta,0.99999976,delta,0.99999857,delta,0.99999535,delta,0.9999999,delta,0.99999976
HP1504101T2D_E21,delta,delta,0.99978906,delta,0.9989428,delta,0.9930379,delta,0.9999809,delta,0.91883
HP1504101T2D_I11,delta,delta,0.99999416,delta,0.9999776,delta,0.9999751,delta,0.99995744,delta,0.9999995
HP1504101T2D_P4,delta,delta,0.9743541,delta,0.999705,delta,0.9162411,delta,0.9675611,delta,0.9999894
HP1504101T2D_P5,delta,delta,0.99999607,delta,0.99999905,delta,0.99999726,delta,0.99999976,delta,0.99999654
HP1504101T2D_K14,delta,delta,0.9838457,delta,0.9841547,delta,0.97814983,mast,0.9870092,delta,0.99987125
HP1504901_K20,delta,delta,0.9999633,delta,0.9999783,delta,0.99782556,delta,0.9997352,delta,0.99995136
HP1504901_I7,delta,delta,0.999941,delta,0.99999094,delta,0.9995321,delta,0.9999021,delta,0.9987809
HP1504901_A21,delta,delta,0.999881,delta,0.9999716,delta,0.9982374,delta,0.99970466,delta,0.9999794
HP1504901_F2,delta,delta,0.9999931,delta,0.9999987,delta,0.99930155,delta,0.99993074,delta,0.9997181
HP1504901_I23,delta,delta,0.99921453,delta,0.9675483,delta,0.97446764,delta,0.9894683,delta,0.5358813
HP1504901_P21,delta,delta,0.9992793,delta,0.9887012,delta,0.9985127,delta,0.99416167,delta,0.9950309
HP1504901_D6,delta,delta,0.99999595,delta,0.9999988,delta,0.99744403,delta,0.99996305,delta,0.99992096
HP1504901_B4,delta,delta,0.9999957,delta,0.9999927,delta,0.9999074,delta,0.99997795,delta,0.9999732
HP1504901_J4,delta,delta,0.9999981,delta,0.99999964,delta,0.9999547,delta,0.9999982,delta,0.99999464
HP1504901_B9,delta,delta,0.999995,delta,0.99999976,delta,0.9997898,delta,0.99999094,delta,0.99999714
HP1504901_N24,delta,delta,0.99999845,delta,0.9999994,delta,0.9997173,delta,0.99998677,delta,0.9999696
HP1504901_M21,delta,delta,0.99999905,delta,0.99999857,delta,0.99987316,delta,0.99999547,delta,0.9999969
HP1504901_C10,delta,delta,0.9999958,delta,0.99999964,delta,0.99984443,delta,0.9999981,delta,0.99999726
HP1504901_A10,delta,delta,0.99993956,delta,0.9999975,delta,0.99903584,delta,0.9998447,delta,0.99848324
HP1506401_E16,delta,delta,0.9998056,delta,0.99964416,delta,0.99965584,delta,0.99988997,delta,0.99958473
HP1506401_G11,delta,delta,0.99999714,delta,0.9999988,delta,0.99999607,delta,0.9999999,delta,0.9999993
HP1506401_M14,delta,delta,0.99831736,delta,0.99999285,delta,0.9999956,delta,0.9998167,delta,0.9999999
HP1507101_A3,delta,delta,0.99995124,delta,0.99999595,delta,0.9999759,delta,0.99998045,delta,0.9999957
HP1507101_O23,delta,delta,0.9999995,delta,0.99999964,delta,0.9999964,delta,0.9999988,delta,0.9999995
HP1507101_P14,delta,delta,0.99983585,delta,0.990954,delta,0.99991107,delta,0.99990404,delta,0.99983597
HP1507101_L23,delta,delta,0.99999857,delta,0.9999982,delta,0.9999968,delta,0.99999595,delta,0.99999964
HP1507101_F10,delta,delta,0.99999964,delta,0.9999932,delta,0.999998,delta,0.999997,delta,0.99999964
HP1507101_P21,delta,delta,0.99999857,delta,0.9999993,delta,0.999998,delta,0.99999905,delta,0.9999995
HP1507101_A5,delta,delta,0.9999988,delta,0.99999356,delta,0.9999988,delta,0.99999976,delta,0.9999999
HP1507101_L4,delta,delta,0.9999999,delta,0.9999994,delta,0.99999833,delta,0.9999994,delta,1.0
HP1507101_E16,delta,delta,0.99999845,delta,0.99999905,delta,0.9999975,delta,0.9999995,delta,0.9999994
HP1507101_F12,delta,delta,0.99954504,delta,0.9868715,delta,0.9882812,delta,0.99221015,delta,0.99429554
HP1508501T2D_H11,delta,delta,0.9999994,delta,0.99999976,delta,0.99999774,delta,1.0,delta,0.9999988
HP1508501T2D_I18,delta,delta,0.99999964,delta,0.999998,delta,0.9999999,delta,0.99999964,delta,1.0
HP1508501T2D_I23,delta,delta,0.99999,delta,0.9999976,delta,0.9999962,delta,0.9999957,delta,0.99999607
HP1508501T2D_C8,delta,delta,0.99999976,delta,0.9999993,delta,0.99999976,delta,0.99999976,delta,1.0
HP1508501T2D_D15,delta,delta,0.9993463,endothelial,0.6204693,delta,0.9999571,delta,0.9998882,delta,0.9998754
HP1508501T2D_C16,delta,delta,0.9999993,delta,0.99999857,delta,0.9999993,delta,1.0,delta,1.0
HP1508501T2D_J18,delta,delta,0.9999995,delta,0.99999785,delta,0.9999995,delta,0.9999999,delta,1.0
HP1509101_O1,delta,delta,0.99999857,delta,0.9999963,delta,0.99999475,delta,0.9999989,delta,0.9999937
HP1509101_J16,delta,delta,0.9999981,delta,0.9999962,delta,0.9999975,delta,0.99999857,delta,0.99999917
HP1509101_E4,delta,delta,0.9999981,delta,0.9999987,delta,0.9999969,delta,0.9999993,delta,0.9999962
HP1509101_H7,delta,delta,0.99999547,delta,0.9999714,delta,0.9999938,delta,0.9999745,delta,0.9999988
HP1509101_D22,delta,delta,0.9999931,delta,0.99999535,delta,0.9999958,delta,0.99999475,delta,0.99999654
HP1509101_L19,delta,delta,0.99999714,delta,0.99996877,delta,0.9999907,delta,0.999998,delta,0.999985
HP1509101_J18,delta,delta,0.9999994,delta,0.9999832,delta,0.9999957,delta,0.99999845,delta,0.99999607
HP1509101_P12,delta,delta,0.99999857,delta,0.9999995,delta,0.9999933,delta,0.999997,delta,0.9999994
HP1509101_O24,delta,delta,0.9999852,delta,0.9999784,delta,0.99999,delta,0.99998355,delta,0.9999889
HP1509101_H13,delta,delta,0.9999703,delta,0.9999951,delta,0.9999968,delta,0.9999931,delta,0.9999939
HP1509101_O4,delta,delta,0.9999994,delta,0.9999714,delta,0.99999416,delta,0.99998283,delta,0.9999999
HP1509101_L23,delta,delta,0.9999982,delta,0.999997,delta,0.99999344,delta,0.99999404,delta,0.9999969
HP1525301T2D_D19,delta,delta,1.0,delta,1.0,delta,0.9999999,delta,0.9999999,delta,0.9999999
HP1525301T2D_O2,delta,delta,0.9999994,delta,0.9997936,delta,0.99985933,delta,0.99995995,delta,0.99998975
HP1525301T2D_M17,delta,delta,1.0,delta,1.0,delta,0.9999995,delta,0.9999999,delta,0.99999976
HP1525301T2D_A7,delta,delta,0.99999976,delta,0.9999925,delta,0.9999943,delta,0.9999969,delta,0.9999958
HP1525301T2D_J10,delta,delta,0.9999999,delta,0.9999994,delta,0.99999964,delta,0.99999964,delta,0.99999964
HP1526901T2D_A10,delta,delta,0.9999999,delta,0.9999999,delta,0.99999976,delta,0.99999976,delta,0.99999964
HP1526901T2D_B6,delta,delta,0.99999976,delta,0.9999999,delta,0.9999968,delta,0.9999999,delta,0.9999999
HP1526901T2D_H18,delta,delta,0.99999726,delta,0.99999976,delta,0.99999654,delta,0.99999964,delta,0.99999964
HP1526901T2D_J22,delta,delta,0.99999714,delta,0.99999976,delta,0.9999819,delta,0.99999917,delta,0.99999845
HP1526901T2D_M19,delta,delta,0.9999999,delta,0.99999976,delta,0.99999976,delta,1.0,delta,0.9999999
HP1526901T2D_A16,delta,delta,0.9999993,delta,0.9999994,delta,0.99999344,delta,0.9999994,delta,0.99999905
HP1526901T2D_I10,delta,delta,0.9999994,delta,0.99999976,delta,0.99999285,delta,0.99999964,delta,0.99999964
HP1526901T2D_G23,delta,delta,1.0,delta,1.0,delta,0.99999976,delta,1.0,delta,0.9999999
HP1526901T2D_P22,delta,delta,0.99999964,delta,0.9999999,delta,0.9999968,delta,0.9999995,delta,0.99999976
HP1526901T2D_K24,delta,delta,0.99999905,delta,0.99999917,delta,0.999995,delta,0.99999917,delta,0.99999607
HP1526901T2D_E20,delta,delta,0.99999976,delta,0.99999976,delta,0.9999974,delta,0.9999981,delta,0.99999964
HP1526901T2D_B18,delta,delta,0.9999999,delta,0.99999976,delta,0.9999993,delta,0.9999994,delta,0.9999995
HP1526901T2D_A4,delta,delta,0.9999976,delta,0.9999982,delta,0.9999933,delta,0.99999964,delta,0.9999993
HP1526901T2D_A23,delta,delta,0.99885976,delta,0.9964659,delta,0.986324,delta,0.9980704,delta,0.982222
HP1526901T2D_K22,delta,delta,0.9999994,delta,0.9999999,delta,0.99999917,delta,1.0,delta,0.99999905
HP1526901T2D_G2,delta,delta,0.99999964,delta,1.0,delta,0.9999958,delta,0.99999905,delta,0.9999989
HP1526901T2D_O9,delta,delta,0.9999999,delta,0.9999999,delta,0.99999094,delta,0.99999917,delta,0.9999995
HP1526901T2D_L24,delta,delta,0.99999905,delta,0.99999964,delta,0.99999785,delta,0.99999964,delta,0.999997
HP1526901T2D_A22,delta,delta,0.99962926,delta,0.9998029,delta,0.9999758,delta,0.9999951,delta,0.99997306
HP1526901T2D_J20,delta,delta,0.99999917,delta,0.99999857,delta,0.99999654,delta,0.99999976,delta,0.9999981
HP1526901T2D_J1,delta,delta,0.99999976,delta,0.9999999,delta,0.999998,delta,0.99999964,delta,0.99999964
HP1526901T2D_C15,delta,delta,0.9999951,delta,0.99999726,delta,0.99999416,delta,0.9999989,delta,0.99999046
HP1526901T2D_I19,delta,delta,0.9999974,delta,0.9999995,delta,0.9999937,delta,0.9999999,delta,0.9999981
HP1526901T2D_B7,delta,delta,0.9999982,delta,0.9999982,delta,0.99999297,delta,0.999997,delta,0.9999988
HP1526901T2D_O7,delta,delta,0.9999995,delta,0.9999999,delta,0.99999905,delta,0.9999999,delta,0.99999976
HP1526901T2D_E21,delta,delta,0.99999654,delta,0.9999994,delta,0.9999962,delta,0.99999917,delta,0.9999981
HP1526901T2D_E3,delta,delta,1.0,delta,1.0,delta,0.9999999,delta,0.9999999,delta,0.99999976
HP1526901T2D_E19,delta,delta,1.0,delta,0.9999999,delta,0.9999999,delta,0.99999976,delta,0.9999994
HP1526901T2D_I11,delta,delta,0.99999964,delta,0.9999999,delta,0.9999995,delta,0.99999976,delta,0.9999987
HP1526901T2D_F23,delta,delta,0.9999976,delta,0.99999976,delta,0.9999969,delta,0.99999976,delta,0.9999995
HP1526901T2D_C24,delta,delta,0.99999285,delta,0.99999547,delta,0.9999838,delta,0.9999912,delta,0.9999081
HP1526901T2D_D21,delta,delta,1.0,delta,1.0,delta,0.99999964,delta,0.9999999,delta,1.0
HP1526901T2D_C1,delta,delta,0.9999994,delta,0.9999999,delta,0.9999974,delta,0.9999994,delta,0.9999988
HP1526901T2D_A13,delta,delta,0.9985902,delta,0.9413952,delta,0.9352792,delta,0.9897564,delta,0.9678018
HP1526901T2D_I18,delta,delta,0.9999999,delta,1.0,delta,0.9999993,delta,0.9999999,delta,0.99999976
HP1526901T2D_N16,delta,delta,0.9999999,delta,1.0,delta,0.9999993,delta,1.0,delta,0.9999999
AZ_C10,beta,beta,0.9999989,beta,0.99999976,beta,1.0,beta,1.0,beta,0.99999964
AZ_A8,beta,beta,0.99998975,beta,1.0,beta,1.0,beta,1.0,beta,1.0
AZ_D6,beta,beta,0.99998736,beta,0.99985325,beta,0.9999944,beta,0.9999976,beta,0.99999857
AZ_H11,beta,beta,0.9999993,beta,1.0,beta,1.0,beta,1.0,beta,1.0
AZ_E7,beta,beta,0.99129117,beta,0.99987745,beta,0.9999826,beta,0.99998355,beta,0.9997603
AZ_G2,beta,beta,0.999972,beta,0.99999833,beta,0.9999995,beta,0.99999976,beta,0.9999999
AZ_H6,beta,delta,0.8509904,delta,0.980485,beta,0.90442616,delta,0.84537166,delta,0.7733506
AZ_F7,beta,delta,0.9774638,delta,0.8601477,beta,0.9258998,delta,0.9819919,delta,0.74326974
AZ_C4,beta,beta,0.99999964,beta,0.9999999,beta,1.0,beta,1.0,beta,1.0
AZ_F2,beta,beta,0.9999895,beta,1.0,beta,1.0,beta,1.0,beta,0.99999964
AZ_F1,beta,beta,0.9999976,beta,1.0,beta,1.0,beta,1.0,beta,1.0
AZ_D2,beta,beta,0.999998,beta,0.9999999,beta,1.0,beta,1.0,beta,1.0
HP1502401_B14,beta,beta,0.9999975,beta,0.99999905,beta,0.9999993,beta,0.9999989,beta,1.0
HP1502401_G14,beta,beta,0.9999982,beta,0.9999994,beta,0.99999964,beta,0.9999999,beta,0.99999976
HP1502401_D13,beta,beta,0.99999905,beta,1.0,beta,1.0,beta,1.0,beta,1.0
HP1502401_J22,beta,beta,0.99999976,beta,0.99999976,beta,0.9999999,beta,1.0,beta,1.0
HP1502401_G24,beta,beta,0.99999976,beta,0.99999976,beta,0.99999976,beta,0.9999999,beta,0.99999976
HP1502401_N8,beta,beta,0.9999747,beta,0.99999964,beta,1.0,beta,0.9999999,beta,1.0
HP1502401_O16,beta,beta,0.99999,beta,0.9999981,beta,1.0,beta,0.99999964,beta,1.0
HP1502401_H22,beta,beta,0.9999988,beta,0.99999976,beta,0.9999999,beta,1.0,beta,1.0
HP1502401_A7,beta,beta,0.9999956,beta,0.9999999,beta,1.0,beta,0.9999999,beta,1.0
HP1502401_B7,beta,beta,0.9999789,beta,0.9999995,beta,1.0,beta,0.9999995,beta,1.0
HP1502401_H11,beta,beta,0.99999607,beta,1.0,beta,1.0,beta,0.9999999,beta,1.0
HP1502401_E22,beta,beta,0.9999764,beta,0.99999905,beta,0.99999356,beta,0.99999964,beta,0.9999999
HP1502401_N1,beta,beta,0.999998,beta,0.99999976,beta,1.0,beta,0.99999857,beta,1.0
HP1502401_D7,beta,beta,0.9999913,beta,0.9999963,beta,0.999998,beta,0.9999974,beta,0.99999654
HP1502401_C18,beta,beta,0.99999774,beta,1.0,beta,1.0,beta,1.0,beta,0.9999999
HP1502401_F22,beta,beta,0.99999464,beta,0.9999999,beta,1.0,beta,0.9999999,beta,1.0
HP1502401_B24,beta,beta,0.99999297,beta,0.99999964,beta,0.9999999,beta,1.0,beta,0.99999976
HP1502401_C6,beta,beta,0.9999988,beta,1.0,beta,1.0,beta,1.0,beta,1.0
HP1502401_I6,beta,beta,0.99999714,beta,0.99978584,beta,0.99949086,beta,0.99997246,beta,0.9999938
HP1502401_G4,beta,beta,0.9999945,beta,0.99999976,beta,0.99999976,beta,0.9999995,beta,0.99999845
HP1502401_B21,beta,beta,0.999877,beta,0.9999995,beta,0.99999964,beta,0.9999989,beta,0.99999964
HP1502401_D3,beta,beta,0.99999964,beta,0.99999976,beta,0.99999976,beta,0.99999976,beta,0.9999995
HP1502401_G6,beta,beta,0.9999994,beta,0.9999995,beta,1.0,beta,0.99999976,beta,0.99999964
HP1502401_C10,beta,beta,0.9999862,beta,0.9999994,beta,0.9999999,beta,0.9999999,beta,0.99999964
HP1502401_E19,beta,beta,0.99999976,beta,1.0,beta,1.0,beta,1.0,beta,1.0
HP1502401_J10,beta,beta,0.9999999,beta,1.0,beta,0.9999999,beta,0.99999905,beta,1.0
HP1502401_D6,beta,beta,0.99999857,beta,1.0,beta,1.0,beta,1.0,beta,1.0
HP1502401_M2,beta,beta,0.9999999,beta,1.0,beta,1.0,beta,0.9999999,beta,1.0
HP1502401_D22,beta,beta,0.99999475,beta,1.0,beta,1.0,beta,0.9999999,beta,1.0
HP1502401_G20,beta,delta,0.99998176,delta,0.99968135,delta,0.9999459,delta,0.9999713,delta,0.96823823
HP1502401_L10,beta,beta,0.9999943,beta,1.0,beta,1.0,beta,0.9999999,beta,1.0
HP1502401_M12,beta,beta,0.99995744,beta,0.9999994,beta,1.0,beta,1.0,beta,1.0
HP1502401_G22,beta,beta,0.9999989,beta,0.9999999,beta,1.0,beta,0.9999999,beta,0.9999999
HP1502401_B1,beta,beta,0.9999931,beta,0.9999989,beta,1.0,beta,1.0,beta,0.99999905
HP1502401_F24,beta,beta,0.9999982,beta,0.99999917,beta,0.9999999,beta,1.0,beta,0.99999523
HP1502401_E10,beta,beta,0.9999988,beta,1.0,beta,1.0,beta,1.0,beta,1.0
HP1502401_G5,beta,beta,0.9999987,beta,0.9999999,beta,1.0,beta,1.0,beta,1.0
HP1502401_A6,beta,beta,0.9999833,beta,0.99999833,beta,1.0,beta,0.9999999,beta,0.9999999
HP1502401_O7,beta,beta,0.96370494,beta,0.9997254,beta,0.99979335,beta,0.9903743,beta,0.9997825
HP1502401_H12,beta,beta,0.9999974,beta,0.99999464,beta,0.9999999,beta,1.0,beta,0.9999999
HP1502401_F9,beta,beta,0.9999993,beta,0.9999993,beta,1.0,beta,1.0,beta,1.0
HP1502401_F16,beta,beta,0.9999217,beta,0.9999192,beta,0.996548,beta,0.9999887,beta,0.99999595
HP1502401_M20,beta,beta,0.99999917,beta,0.9999968,beta,0.9999995,beta,0.999995,beta,0.99999976
HP1502401_C21,beta,beta,0.9999987,beta,0.9999999,beta,1.0,beta,1.0,beta,0.9999999
HP1502401_C7,beta,beta,0.99998975,beta,0.9999993,beta,1.0,beta,0.99999976,beta,0.9999999
HP1502401_H19,beta,beta,0.9999989,beta,0.9999989,beta,0.9999999,beta,1.0,beta,0.99999976
HP1502401_I24,beta,beta,0.9999974,beta,0.99999976,beta,0.99999976,beta,1.0,beta,1.0
HP1502401_N21,beta,beta,0.9999968,beta,0.9999902,beta,0.9999927,beta,0.99996495,beta,0.9999894
HP1502401_A10,beta,beta,0.99999845,beta,0.9999969,beta,0.99999976,beta,0.9999999,beta,0.99999976
HP1502401_J12,beta,beta,0.9999995,beta,1.0,beta,1.0,beta,1.0,beta,1.0
HP1502401_F21,beta,beta,0.9999999,beta,1.0,beta,1.0,beta,1.0,beta,1.0
HP1502401_B23,beta,beta,0.9999989,beta,1.0,beta,1.0,beta,0.99999964,beta,1.0
HP1504101T2D_O12,beta,beta,0.9999304,beta,0.99999774,beta,0.99999976,beta,0.9999999,beta,1.0
HP1504101T2D_E16,beta,beta,0.99998415,beta,0.99999964,beta,0.9999993,beta,1.0,beta,0.9999993
HP1504101T2D_C24,beta,beta,0.97445834,beta,0.53808814,beta,0.9985216,beta,0.99930537,beta,0.99305105
HP1504101T2D_B6,beta,beta,0.99999964,beta,1.0,beta,1.0,beta,1.0,beta,1.0
HP1504101T2D_D8,beta,delta,0.9999906,delta,0.99925333,delta,0.9993717,delta,0.9999989,delta,0.99983954
HP1504101T2D_N10,beta,beta,0.99999166,beta,0.9999939,beta,0.9999999,beta,1.0,beta,0.9999999
HP1504101T2D_G9,beta,gamma,0.9999957,gamma,0.9999925,gamma,0.99977297,gamma,1.0,gamma,0.99981946
HP1504101T2D_E24,beta,beta,0.99992156,beta,0.9999989,beta,1.0,beta,0.9999994,beta,1.0
HP1504101T2D_C18,beta,beta,0.99999976,beta,1.0,beta,1.0,beta,1.0,beta,1.0
HP1504101T2D_B3,beta,gamma,0.90112495,gamma,0.6041427,gamma,0.63348246,gamma,0.9941877,gamma,0.981851
HP1504101T2D_H6,beta,beta,0.9994425,beta,0.99886215,beta,0.9999621,beta,0.99960583,beta,0.99996805
HP1504101T2D_I21,beta,beta,0.9989793,beta,0.99351513,beta,0.99986994,beta,0.9999962,beta,0.9996294
HP1504101T2D_H23,beta,beta,0.99999464,beta,0.9999957,beta,0.99999976,beta,1.0,beta,1.0
HP1504101T2D_D9,beta,beta,0.9994648,beta,0.99999964,beta,1.0,beta,0.99999964,beta,1.0
HP1504101T2D_E15,beta,beta,1.0,beta,1.0,beta,1.0,beta,1.0,beta,1.0
HP1504901_O20,beta,beta,0.9999943,beta,0.9999957,beta,0.9999999,beta,0.9999579,beta,1.0
HP1504901_E16,beta,beta,0.9999683,beta,0.9999988,beta,0.9999995,beta,0.9999958,beta,0.9999933
HP1504901_L8,beta,beta,0.99997747,beta,0.99999785,beta,1.0,beta,0.99999976,beta,0.9999999
HP1504901_G8,beta,beta,0.99998236,beta,0.99999726,beta,0.9999999,beta,0.9999994,beta,0.9999926
HP1504901_B22,beta,beta,0.9999927,beta,0.9999999,beta,1.0,beta,0.99999654,beta,0.99999964
HP1504901_P14,beta,beta,0.9995301,beta,0.9998092,beta,0.99835604,beta,0.9999881,beta,0.9999547
HP1504901_N13,beta,beta,0.99982953,beta,0.99999917,beta,0.9999999,beta,1.0,beta,0.99999976
HP1504901_L17,beta,beta,0.9926333,beta,0.99995327,beta,0.9828483,beta,0.9955146,beta,0.99972445
HP1504901_C17,beta,beta,0.9976636,beta,0.9999989,beta,0.99999964,beta,0.9999982,beta,1.0
HP1504901_B11,beta,beta,0.9998952,beta,0.9999573,beta,0.9999943,beta,0.99999416,beta,0.9999418
HP1504901_F17,beta,beta,0.99998844,beta,0.9999993,beta,0.99999785,beta,0.99995077,beta,0.99999714
HP1504901_K19,beta,beta,0.99997497,beta,0.9999993,beta,0.9999999,beta,0.99999917,beta,0.9999999
HP1504901_O8,beta,beta,0.99996555,beta,0.9999945,beta,0.99999964,beta,0.9999988,beta,0.99999964
HP1504901_H17,beta,beta,0.9999976,beta,0.999998,beta,0.99999976,beta,0.99999976,beta,0.9999989
HP1504901_H5,beta,beta,0.9999732,beta,0.9999727,beta,0.9999995,beta,0.9999989,beta,0.99999964
HP1504901_F11,beta,beta,0.99996674,beta,0.9999579,beta,0.99999976,beta,0.99999845,beta,0.9999964
HP1504901_G12,beta,beta,0.9999008,beta,0.9999517,beta,0.99998164,beta,0.9999212,beta,0.9999722
HP1504901_A16,beta,beta,0.9999207,beta,0.9999987,beta,0.9999987,beta,0.9999968,beta,0.9999993
HP1504901_J7,beta,beta,0.99999297,beta,0.99999964,beta,0.9999994,beta,0.99997234,beta,0.9999995
HP1504901_B7,beta,delta,0.9926246,delta,0.59112996,delta,0.6400455,delta,0.9401513,delta,0.84309304
HP1504901_G4,beta,beta,0.999943,beta,1.0,beta,0.9999981,beta,0.9999783,beta,0.9999995
HP1504901_K22,beta,beta,0.99994946,beta,1.0,beta,0.9999999,beta,0.9999999,beta,1.0
HP1504901_N8,beta,beta,0.99997544,beta,1.0,beta,1.0,beta,0.9999999,beta,1.0
HP1504901_E10,beta,delta,0.99959403,delta,0.98743385,delta,0.90026546,delta,0.9948244,delta,0.99230313
HP1504901_L22,beta,beta,0.9999914,beta,1.0,beta,1.0,beta,1.0,beta,0.99999857
HP1504901_E21,beta,beta,0.9999542,beta,0.9999987,beta,0.9999999,beta,0.99999976,beta,0.99999976
HP1504901_H18,beta,beta,0.9999454,beta,0.99999964,beta,0.99999905,beta,0.9999887,beta,0.99999595
HP1504901_G16,beta,delta,0.9337619,delta,0.5783913,beta,0.9922388,delta,0.6783109,beta,0.8190239
HP1504901_J3,beta,beta,0.9999893,beta,0.9999933,beta,0.9999993,beta,0.99998856,beta,0.99999905
HP1504901_D7,beta,beta,0.9999865,beta,0.99999976,beta,0.99999964,beta,0.9999988,beta,0.9999995
HP1504901_B10,beta,beta,0.9991861,beta,0.99985826,beta,0.99997187,beta,0.99974746,beta,0.9999776
HP1506401_K1,beta,beta,0.9999995,beta,0.99999964,beta,1.0,beta,1.0,beta,1.0
HP1506401_C9,beta,beta,0.99999964,beta,1.0,beta,0.99999976,beta,1.0,beta,1.0
HP1506401_J19,beta,beta,0.99999976,beta,0.99996185,beta,0.9999994,beta,0.99999976,beta,0.9999994
HP1506401_F12,beta,beta,0.9999999,beta,0.99997544,beta,0.9999999,beta,1.0,beta,1.0
HP1506401_F24,beta,beta,1.0,beta,0.99999964,beta,0.9999999,beta,1.0,beta,1.0
HP1506401_F8,beta,beta,0.9999999,beta,0.99999166,beta,1.0,beta,0.9999999,beta,1.0
HP1506401_N20,beta,beta,0.9999831,beta,0.99999964,beta,0.9999876,beta,0.9999993,beta,0.9999987
HP1506401_M5,beta,beta,0.99819094,beta,0.99749434,beta,0.9999641,beta,0.99999,beta,0.9977307
HP1506401_P20,beta,delta,0.9475548,beta,0.94059056,delta,0.8698681,beta,0.99849725,beta,0.9523715
HP1506401_J17,beta,beta,0.99999976,beta,0.9999999,beta,0.99999785,beta,0.99999964,beta,1.0
HP1506401_I23,beta,beta,1.0,beta,0.99999905,beta,1.0,beta,1.0,beta,1.0
HP1506401_F18,beta,beta,0.99999905,beta,0.9999999,beta,0.9999994,beta,1.0,beta,0.9999957
HP1506401_O10,beta,beta,1.0,beta,1.0,beta,1.0,beta,1.0,beta,1.0
HP1506401_C15,beta,beta,0.99999917,beta,0.9999865,beta,0.99999976,beta,0.9999995,beta,1.0
HP1506401_C4,beta,beta,0.99999976,beta,1.0,beta,1.0,beta,1.0,beta,1.0
HP1506401_G9,beta,beta,0.999998,beta,0.9999887,beta,0.99999917,beta,0.9999999,beta,0.9999976
HP1506401_L14,beta,beta,0.9987005,beta,0.99730456,beta,0.99913436,beta,0.9998914,beta,0.99928766
HP1506401_A15,beta,beta,0.9999492,beta,0.9997516,beta,0.999998,beta,0.9999999,beta,0.99999845
HP1506401_O11,beta,beta,1.0,beta,1.0,beta,1.0,beta,1.0,beta,1.0
HP1506401_I11,beta,beta,1.0,beta,1.0,beta,1.0,beta,1.0,beta,1.0
HP1506401_L5,beta,beta,0.9999924,beta,0.9999964,beta,0.9999864,beta,0.99999976,beta,0.9999993
HP1506401_P12,beta,beta,0.99999976,beta,0.9999999,beta,1.0,beta,1.0,beta,1.0
HP1506401_F11,beta,beta,0.9999999,beta,0.9999989,beta,0.9999999,beta,1.0,beta,1.0
HP1506401_F22,beta,beta,0.9921799,beta,0.80948234,beta,0.6671431,beta,0.99867505,beta,0.9980299
HP1506401_N11,beta,beta,0.99996424,beta,0.999964,beta,0.9999316,beta,0.9999989,beta,0.9999887
HP1506401_A24,beta,beta,0.9999999,beta,0.99999917,beta,1.0,beta,1.0,beta,1.0
HP1506401_K21,beta,beta,1.0,beta,0.9999968,beta,0.99999976,beta,1.0,beta,1.0
HP1506401_D13,beta,beta,0.9999995,beta,0.99999964,beta,1.0,beta,1.0,beta,1.0
HP1506401_C8,beta,beta,0.9999988,beta,0.9999943,beta,0.9999999,beta,1.0,beta,0.99999976
HP1506401_F9,beta,beta,0.9999999,beta,0.99999917,beta,0.9999999,beta,1.0,beta,1.0
HP1506401_P14,beta,beta,0.9999993,beta,0.9999603,beta,0.99997175,beta,0.99999976,beta,0.9999995
HP1506401_L2,beta,delta,0.99297595,beta,0.5388143,delta,0.7812589,beta,0.8261955,delta,0.51377034
HP1506401_G6,beta,beta,0.99997485,beta,0.99999094,beta,0.99999535,beta,0.9999989,beta,0.99999857
HP1506401_A17,beta,beta,1.0,beta,1.0,beta,1.0,beta,1.0,beta,1.0
HP1506401_B8,beta,beta,0.9938937,beta,0.91512084,beta,0.7605004,beta,0.9979867,beta,0.9972715
HP1506401_I12,beta,beta,1.0,beta,1.0,beta,1.0,beta,1.0,beta,1.0
HP1506401_G12,beta,beta,0.9999999,beta,0.99999297,beta,0.9999999,beta,1.0,beta,1.0
HP1506401_B11,beta,beta,0.9999999,beta,1.0,beta,1.0,beta,1.0,beta,0.9999999
HP1507101_L22,beta,beta,0.9999994,beta,0.9999958,beta,0.9999999,beta,1.0,beta,0.9999999
HP1507101_D6,beta,beta,0.9999999,beta,0.9999999,beta,1.0,beta,1.0,beta,1.0
HP1507101_P2,beta,beta,0.9999999,beta,0.99999964,beta,0.99999857,beta,1.0,beta,0.9999999
HP1507101_L24,beta,beta,0.99999976,beta,0.99999964,beta,0.99999964,beta,1.0,beta,0.9999999
HP1507101_J8,beta,beta,0.9930686,beta,0.9979291,beta,0.9858563,beta,0.9998104,beta,0.9984428
HP1507101_F14,beta,beta,0.9999999,beta,0.99999976,beta,1.0,beta,1.0,beta,1.0
HP1507101_N5,beta,beta,0.99999964,beta,0.99999917,beta,1.0,beta,1.0,beta,1.0
HP1507101_K23,beta,beta,0.99999976,beta,0.99999714,beta,0.99999833,beta,1.0,beta,0.99999833
HP1507101_H24,beta,beta,0.9999988,beta,0.9999999,beta,0.9999995,beta,1.0,beta,0.9999995
HP1507101_F11,beta,beta,0.9999999,beta,0.9999999,beta,1.0,beta,1.0,beta,1.0
HP1507101_H4,beta,beta,0.9999994,beta,0.9999988,beta,0.9999999,beta,0.9999995,beta,0.9999994
HP1507101_D22,beta,beta,0.99999964,beta,0.9999995,beta,1.0,beta,1.0,beta,0.9999995
HP1507101_C7,beta,beta,0.9999976,beta,0.9999994,beta,0.9999999,beta,1.0,beta,0.99999976
HP1507101_D3,beta,beta,0.99999857,beta,1.0,beta,1.0,beta,1.0,beta,1.0
HP1507101_A12,beta,beta,0.99999976,beta,0.99999857,beta,0.9999995,beta,1.0,beta,0.99999976
HP1507101_C10,beta,beta,0.9982496,endothelial,0.4547245,beta,0.6340409,beta,0.99877113,beta,0.99277735
HP1507101_I12,beta,beta,1.0,beta,0.9999999,beta,0.9999999,beta,1.0,beta,0.9999999
HP1507101_J19,beta,beta,0.9999982,beta,0.99999905,beta,0.99999964,beta,1.0,beta,0.9999999
HP1507101_H10,beta,beta,0.95533115,beta,0.97857475,alpha,0.97361267,beta,0.99830794,beta,0.93663937
HP1507101_A6,beta,beta,0.9999993,beta,0.9999994,beta,0.99999976,beta,1.0,beta,0.9999988
HP1507101_N6,beta,beta,1.0,beta,0.9999999,beta,0.9999995,beta,1.0,beta,0.99999976
HP1507101_O3,beta,beta,0.9999993,beta,0.9999987,beta,0.99999976,beta,1.0,beta,0.99999976
HP1507101_L16,beta,beta,1.0,beta,0.99999976,beta,1.0,beta,1.0,beta,1.0
HP1507101_K15,beta,beta,0.9999994,beta,0.99999964,beta,1.0,beta,1.0,beta,0.9999999
HP1507101_N13,beta,beta,0.99999976,beta,0.99999964,beta,0.9999993,beta,1.0,beta,0.9999999
HP1507101_E14,beta,beta,0.9999993,beta,0.99999857,beta,0.99999905,beta,1.0,beta,0.9999999
HP1507101_A13,beta,beta,0.99999905,beta,0.9999825,beta,0.9999994,beta,1.0,beta,0.99999917
HP1507101_J20,beta,beta,0.9999901,beta,0.9999701,beta,0.99999833,beta,0.9999995,beta,0.9999958
HP1507101_O9,beta,beta,0.9999943,beta,0.9999995,beta,0.99999976,beta,0.99999976,beta,0.99999917
HP1507101_M8,beta,beta,0.99999917,beta,0.99999905,beta,0.99999917,beta,1.0,beta,0.9999993
HP1507101_I18,beta,beta,0.9991423,beta,0.9999021,beta,0.99793136,beta,0.99990594,beta,0.9999938
HP1507101_H17,beta,beta,0.9999988,beta,1.0,beta,0.9999999,beta,1.0,beta,0.9999999
HP1507101_C12,beta,beta,0.99999905,beta,0.9999976,beta,0.9999989,beta,1.0,beta,0.9999976
HP1507101_O14,beta,beta,0.999997,beta,0.9999987,beta,0.99999976,beta,1.0,beta,1.0
HP1507101_D23,beta,beta,0.99999976,beta,0.9999994,beta,0.9999995,beta,1.0,beta,0.9999995
HP1507101_C15,beta,beta,0.9998838,beta,0.99999213,beta,0.99999106,beta,0.999998,beta,0.9999993
HP1507101_F23,beta,beta,0.9999994,beta,0.9999944,beta,0.9999994,beta,1.0,beta,0.99999976
HP1507101_O19,beta,beta,1.0,beta,0.9999999,beta,1.0,beta,1.0,beta,1.0
HP1507101_B5,beta,beta,0.99999976,beta,1.0,beta,1.0,beta,1.0,beta,1.0
HP1507101_F4,beta,beta,0.9999995,beta,0.9999994,beta,0.9999999,beta,1.0,beta,1.0
HP1507101_O8,beta,beta,0.9999987,beta,1.0,beta,1.0,beta,1.0,beta,0.9999999
HP1508501T2D_O4,beta,beta,0.99998343,beta,0.9999906,beta,0.99999917,beta,0.99999964,beta,0.9999962
HP1508501T2D_F3,beta,beta,0.9999999,beta,0.9999975,beta,0.9999969,beta,1.0,beta,1.0
HP1508501T2D_A10,beta,beta,0.99999976,beta,0.9999976,beta,1.0,beta,1.0,beta,1.0
HP1508501T2D_H2,beta,beta,0.9999932,beta,0.9996433,beta,0.9999598,beta,0.99999917,beta,0.99989116
HP1508501T2D_I8,beta,beta,0.9999999,beta,0.99999785,beta,1.0,beta,0.99999976,beta,1.0
HP1508501T2D_C14,beta,beta,0.99999833,beta,0.99999917,beta,0.99999976,beta,0.99999976,beta,0.9999999
HP1508501T2D_B21,beta,alpha,0.48458263,beta,0.5572378,alpha,0.93526405,beta,0.9425461,beta,0.99844366
HP1508501T2D_F1,beta,beta,0.9999933,beta,0.9999895,beta,0.99999917,beta,0.9999993,beta,0.99999976
HP1508501T2D_B20,beta,beta,0.99999845,beta,0.99999976,beta,0.99999976,beta,0.9999999,beta,1.0
HP1508501T2D_K20,beta,beta,0.99990356,beta,0.988388,beta,0.9999167,beta,0.9999093,beta,0.99927944
HP1508501T2D_G5,beta,beta,0.99999666,beta,0.99973994,beta,0.99999344,beta,0.9999975,beta,0.9999993
HP1508501T2D_M14,beta,beta,0.9991371,beta,0.97770894,beta,0.98708355,beta,0.9999651,beta,0.9999579
HP1508501T2D_F7,beta,beta,0.9999869,beta,0.99996364,beta,0.99998295,beta,0.9999993,beta,1.0
HP1508501T2D_D12,beta,beta,0.68923944,beta,0.9369226,beta,0.6262568,beta,0.90834796,beta,0.9478043
HP1508501T2D_P1,beta,beta,0.9999436,beta,0.99962723,beta,0.99990153,beta,0.99994636,beta,0.9999299
HP1508501T2D_J6,beta,beta,0.99999774,beta,0.9999962,beta,0.9999696,beta,0.9999999,beta,0.9999994
HP1508501T2D_C4,beta,beta,0.99999964,beta,0.9999988,beta,0.99999833,beta,1.0,beta,1.0
HP1508501T2D_J24,beta,beta,0.9999994,beta,0.99992514,beta,0.99999917,beta,1.0,beta,0.99999917
HP1508501T2D_C17,beta,beta,0.99691594,beta,0.99602985,beta,0.9998586,beta,0.9994918,beta,0.99855906
HP1508501T2D_B16,beta,beta,0.9999999,beta,0.9999926,beta,0.99999976,beta,0.99999976,beta,1.0
HP1509101_G2,beta,ductal,0.99938047,ductal,0.9999752,ductal,0.9987344,ductal,0.9977042,ductal,0.9995103
HP1509101_C1,beta,beta,0.99331117,endothelial,0.5507168,beta,0.69518006,beta,0.9985979,beta,0.9996716
HP1509101_D18,beta,beta,0.9999995,beta,0.99999964,beta,1.0,beta,1.0,beta,0.9999994
HP1509101_K9,beta,beta,1.0,beta,0.99999976,beta,0.9999999,beta,1.0,beta,1.0
HP1509101_I11,beta,beta,0.99998295,beta,0.99999404,beta,0.99999917,beta,0.9999999,beta,0.9999982
HP1509101_C23,beta,beta,0.9999989,beta,0.9999341,beta,0.9999982,beta,0.9999999,beta,0.99999976
HP1509101_G9,beta,beta,0.9999995,beta,0.99999917,beta,0.9999999,beta,0.9999999,beta,0.99999964
HP1509101_P1,beta,beta,0.5445636,endothelial,0.83707833,alpha,0.6191121,beta,0.95837015,beta,0.98652935
HP1509101_N21,beta,beta,0.99999857,beta,0.9999993,beta,0.99999964,beta,0.9999999,beta,0.9999994
HP1509101_B13,beta,beta,0.9999629,beta,0.99994516,beta,0.9999976,beta,0.9999999,beta,0.99999404
HP1509101_P7,beta,beta,0.9999689,beta,0.9999938,beta,0.99999976,beta,1.0,beta,0.9999994
HP1509101_O6,beta,beta,0.9999958,beta,0.999985,beta,0.99999964,beta,0.9999995,beta,1.0
HP1509101_O18,beta,beta,0.9999902,beta,0.9999994,beta,0.99999976,beta,1.0,beta,0.99999976
HP1509101_N23,beta,beta,0.9999987,beta,0.99999857,beta,0.9999995,beta,0.9999994,beta,0.999997
HP1509101_E22,beta,beta,0.9999981,beta,0.9999989,beta,1.0,beta,1.0,beta,1.0
HP1509101_J19,beta,beta,0.9963626,beta,0.91974413,beta,0.6134241,beta,0.99971753,beta,0.98457515
HP1509101_L14,beta,beta,0.99999344,beta,0.99999726,beta,0.9999987,beta,0.9999987,beta,0.9999987
HP1509101_G12,beta,beta,0.9998087,beta,0.9998988,beta,0.99999285,beta,0.9999993,beta,0.9999908
HP1509101_P15,beta,beta,0.7759822,endothelial,0.7079178,alpha,0.51586336,beta,0.9954918,beta,0.9893546
HP1525301T2D_F15,beta,beta,0.9999951,beta,0.99999666,beta,0.9999999,beta,0.9999999,beta,0.99999964
HP1525301T2D_N3,beta,beta,0.9999944,beta,0.99999976,beta,1.0,beta,0.9999999,beta,0.99999964
HP1525301T2D_I6,beta,beta,0.99998605,beta,0.9999893,beta,0.99999857,beta,0.99999976,beta,0.99999785
HP1525301T2D_F23,beta,beta,0.9995615,beta,0.9859971,beta,0.99932706,beta,0.99640733,beta,0.9918568
HP1525301T2D_M7,beta,beta,0.99999547,beta,0.9999995,beta,1.0,beta,0.99999976,beta,1.0
HP1525301T2D_L14,beta,beta,0.97666305,beta,0.9928254,beta,0.8068599,beta,0.9978781,beta,0.99941003
HP1525301T2D_N18,beta,beta,0.99983895,beta,0.9996151,beta,0.9999341,beta,0.99988997,quiescent_stellate,0.6460065
HP1525301T2D_D23,beta,beta,0.9997185,beta,0.9999157,beta,0.9986922,beta,0.9998679,beta,0.990867
HP1525301T2D_H10,beta,ductal,0.7230434,ductal,0.7398734,ductal,0.9679326,beta,0.9323884,beta,0.9827229
HP1525301T2D_L17,beta,beta,0.999918,beta,0.99994934,beta,0.9999994,beta,0.9999951,beta,0.9977568
HP1525301T2D_G8,beta,beta,0.99986887,beta,0.99919015,beta,0.99997866,beta,0.999992,beta,0.9999956
HP1525301T2D_M14,beta,beta,0.7912154,beta,0.71444064,delta,0.65437883,beta,0.9881243,beta,0.93629766
HP1526901T2D_P9,beta,beta,0.99999464,beta,0.9999995,beta,1.0,beta,0.9999999,beta,1.0
HP1526901T2D_E11,beta,beta,0.99999785,beta,0.999998,beta,1.0,beta,0.99999976,beta,0.99999905
HP1526901T2D_J6,beta,beta,0.9969342,beta,0.99828416,beta,0.9999585,beta,0.9998599,beta,0.9959306
HP1526901T2D_G21,beta,beta,0.9999993,beta,0.9999988,beta,0.9999999,beta,1.0,beta,0.9995047
HP1526901T2D_H24,beta,beta,0.9999716,beta,0.99992514,beta,0.9999999,beta,0.99999905,beta,0.99999857
HP1526901T2D_A1,beta,beta,0.9999994,beta,0.999998,beta,0.9999994,beta,1.0,beta,0.9999485
HP1526901T2D_M15,beta,beta,0.9999335,beta,0.9999988,beta,1.0,beta,1.0,beta,1.0
HP1526901T2D_G17,beta,beta,1.0,beta,0.99999976,beta,1.0,beta,1.0,beta,0.9999999
HP1526901T2D_L1,beta,beta,0.9999993,beta,0.99997723,beta,0.9999995,beta,1.0,beta,0.9999664
HP1526901T2D_B4,beta,beta,0.9998361,beta,0.9999672,beta,0.9999999,beta,0.9999999,beta,0.9999994
HP1526901T2D_K3,beta,beta,0.9999999,beta,0.99999964,beta,1.0,beta,1.0,beta,1.0
HP1526901T2D_O15,beta,beta,0.9999825,beta,0.99997056,beta,0.9999987,beta,0.99999976,beta,0.9999888
HP1526901T2D_J21,beta,beta,1.0,beta,0.9999999,beta,1.0,beta,1.0,beta,0.9999988
HP1526901T2D_J5,beta,beta,0.999995,beta,0.99999785,beta,1.0,beta,1.0,beta,0.9999999
HP1526901T2D_L4,beta,beta,0.9999857,beta,0.9999975,beta,0.9999995,beta,0.99999726,beta,0.9999976
HP1526901T2D_H20,beta,beta,1.0,beta,0.99999976,beta,1.0,beta,1.0,beta,1.0
HP1526901T2D_N12,beta,beta,0.9999988,beta,0.999998,beta,1.0,beta,1.0,beta,0.99999976
HP1526901T2D_F5,beta,beta,0.9998585,beta,0.998792,beta,0.9999987,beta,0.99998105,beta,0.9999981
HP1526901T2D_O24,beta,beta,0.9999994,beta,0.9999887,beta,0.9999999,beta,1.0,beta,0.9999962
HP1526901T2D_O14,beta,beta,0.99999666,beta,0.9999937,beta,0.9999999,beta,0.99999964,beta,0.9999989
HP1526901T2D_C3,beta,beta,0.9999902,beta,0.99999595,beta,0.99999964,beta,0.99999964,beta,0.9999974
HP1526901T2D_N13,beta,beta,0.9999993,beta,0.99999964,beta,1.0,beta,1.0,beta,1.0
HP1526901T2D_D19,beta,beta,1.0,beta,0.99999976,beta,1.0,beta,1.0,beta,0.9999999
HP1526901T2D_L5,beta,beta,0.6794243,delta,0.56612283,delta,0.49876785,beta,0.97990227,beta,0.9895839
HP1526901T2D_F17,beta,beta,0.9999924,beta,0.99999213,beta,1.0,beta,1.0,beta,0.9999988
HP1526901T2D_N3,beta,beta,0.9999949,beta,0.999997,beta,0.9999999,beta,1.0,beta,0.9999999
HP1526901T2D_K23,beta,beta,0.99999905,beta,0.9999987,beta,1.0,beta,1.0,beta,1.0
HP1526901T2D_P17,beta,beta,0.99997354,beta,0.9999999,beta,0.9999995,beta,0.9999999,beta,1.0
HP1526901T2D_O1,beta,beta,0.99999964,beta,0.99999976,beta,0.9999999,beta,1.0,beta,0.9999989
HP1526901T2D_O17,beta,beta,0.9999981,beta,0.9999989,beta,1.0,beta,0.9999999,beta,0.99999976
HP1526901T2D_K20,beta,beta,0.99999976,beta,0.99999976,beta,1.0,beta,1.0,beta,1.0
HP1526901T2D_A2,beta,beta,0.99999905,beta,0.9999999,beta,1.0,beta,1.0,beta,0.9999999
HP1526901T2D_H22,beta,beta,0.99999976,beta,0.99999917,beta,1.0,beta,1.0,beta,0.9999999
HP1526901T2D_I20,beta,beta,0.9999945,beta,0.99999154,beta,0.9999995,beta,0.99999964,beta,0.9999999
HP1526901T2D_B9,beta,beta,0.9999995,beta,1.0,beta,1.0,beta,1.0,beta,1.0
HP1526901T2D_H4,beta,beta,0.9999994,beta,0.99999976,beta,0.99999964,beta,0.9999995,beta,0.999997
HP1526901T2D_M24,beta,alpha,0.46300358,beta,0.77217966,beta,0.988815,beta,0.9682903,beta,0.88983613
HP1526901T2D_L3,beta,beta,0.96529436,beta,0.99320847,beta,0.9880647,beta,0.9998424,beta,0.83300257
HP1526901T2D_P7,beta,beta,0.99995744,beta,0.99989796,beta,1.0,beta,0.9999995,beta,1.0
HP1526901T2D_O13,beta,beta,0.9999758,beta,0.9999962,beta,0.99999845,beta,0.9999894,beta,1.0
HP1526901T2D_N23,beta,beta,0.99999833,beta,1.0,beta,1.0,beta,0.9999995,beta,1.0
HP1526901T2D_B1,beta,beta,0.99999654,beta,0.99999976,beta,1.0,beta,1.0,beta,1.0
HP1526901T2D_N1,beta,beta,0.99999964,beta,0.99999976,beta,1.0,beta,1.0,beta,0.99999976
HP1526901T2D_A19,beta,beta,0.99999964,beta,0.9999995,beta,1.0,beta,1.0,beta,1.0
HP1526901T2D_I13,beta,beta,0.99999964,beta,0.99999976,beta,1.0,beta,1.0,beta,1.0
HP1526901T2D_I3,beta,beta,0.9999964,beta,0.99999774,beta,0.9999999,beta,0.9999999,beta,0.99999833
HP1526901T2D_M2,beta,beta,0.9999951,beta,0.99999297,beta,0.99999917,beta,0.99999917,beta,0.9999999
HP1526901T2D_H14,beta,beta,0.9442962,beta,0.66528106,gamma,0.99840623,beta,0.5505965,gamma,0.99693155
HP1526901T2D_E2,beta,beta,0.9999963,beta,0.999997,beta,0.9999988,beta,0.99999976,beta,0.9999982
HP1526901T2D_I5,beta,delta,0.8480646,delta,0.99567163,beta,0.88788116,delta,0.9842317,delta,0.9869175
HP1526901T2D_P11,beta,beta,0.9999949,beta,0.99999344,beta,0.9999999,beta,1.0,beta,0.9999832
HP1526901T2D_P10,beta,beta,0.9999988,beta,0.9999895,beta,1.0,beta,1.0,beta,0.9999989
HP1526901T2D_C17,beta,beta,0.9999912,beta,0.9999114,beta,0.9999999,beta,1.0,beta,0.99999726
HP1526901T2D_C11,beta,beta,0.9999993,beta,1.0,beta,1.0,beta,1.0,beta,1.0
HP1526901T2D_H10,beta,beta,0.9999981,beta,0.9999995,beta,1.0,beta,1.0,beta,1.0
HP1526901T2D_L6,beta,beta,0.9999994,beta,0.9999968,beta,0.99999964,beta,0.9999999,beta,0.9999887
HP1526901T2D_P18,beta,beta,0.9999951,beta,0.99999976,beta,1.0,beta,0.9999994,beta,1.0
HP1526901T2D_C10,beta,beta,0.99999964,beta,0.99999964,beta,1.0,beta,1.0,beta,1.0
HP1526901T2D_G4,beta,beta,0.9999715,beta,0.9999974,beta,0.9999999,beta,0.9999999,beta,1.0
HP1526901T2D_P4,beta,beta,0.99999845,beta,0.99999976,beta,1.0,beta,1.0,beta,1.0
HP1526901T2D_I22,beta,beta,0.99997556,beta,0.99999774,beta,1.0,beta,1.0,beta,0.9999999
HP1526901T2D_O8,beta,beta,0.9999989,beta,0.99999654,beta,0.9999999,beta,1.0,beta,0.99998796
HP1526901T2D_A5,beta,beta,0.99999905,beta,0.9999982,beta,0.9999995,beta,0.9999999,beta,1.0
HP1526901T2D_F18,beta,beta,0.99999905,beta,0.9999999,beta,1.0,beta,1.0,beta,1.0
HP1526901T2D_D17,beta,beta,0.9999975,beta,0.9999995,beta,1.0,beta,1.0,beta,1.0
HP1526901T2D_A14,beta,beta,0.9999988,beta,0.9999982,beta,1.0,beta,1.0,beta,0.9999999
HP1526901T2D_B10,beta,beta,0.9999988,beta,0.9999987,beta,1.0,beta,1.0,beta,1.0
HP1526901T2D_K7,beta,beta,0.9999993,beta,0.99999964,beta,1.0,beta,1.0,beta,0.99999976
AZ_C3,ductal,ductal,1.0,ductal,0.9999962,ductal,0.9999976,ductal,0.9999943,ductal,1.0
AZ_F9,ductal,ductal,0.9802171,ductal,0.9994537,ductal,0.9999347,ductal,0.99997354,ductal,0.99995387
AZ_C9,ductal,ductal,0.99999976,ductal,1.0,ductal,0.9999999,ductal,0.9999999,ductal,0.9999999
HP1502401_H23,ductal,ductal,0.99999964,ductal,0.99999917,ductal,1.0,ductal,0.99999845,ductal,0.9999999
HP1502401_G23,ductal,ductal,0.99999964,ductal,0.99999917,ductal,0.9999987,ductal,0.9999999,ductal,0.9999999
HP1502401_D18,ductal,ductal,1.0,ductal,0.99999976,ductal,0.9999999,ductal,0.9999994,ductal,0.9999999
HP1502401_L5,ductal,ductal,0.9999999,ductal,0.99999857,ductal,1.0,ductal,0.99999976,ductal,1.0
HP1502401_H21,ductal,ductal,0.99974805,ductal,0.9927648,ductal,0.99503607,ductal,0.9999951,ductal,0.99980813
HP1502401_N18,ductal,ductal,0.99999976,ductal,0.9999999,ductal,0.9999999,ductal,0.99999464,ductal,1.0
HP1502401_I2,ductal,ductal,1.0,ductal,0.9999995,ductal,0.9999999,ductal,0.9999987,ductal,0.99999976
HP1502401_L18,ductal,ductal,0.9999995,ductal,0.9999956,ductal,0.99999976,ductal,0.99993527,ductal,0.9999223
HP1502401_D4,ductal,ductal,1.0,ductal,0.99999046,ductal,0.9999999,ductal,0.9999975,ductal,1.0
HP1502401_J15,ductal,ductal,1.0,ductal,1.0,ductal,0.9999995,ductal,0.9999889,ductal,0.99999976
HP1502401_J19,ductal,ductal,1.0,ductal,1.0,ductal,1.0,ductal,0.99999976,ductal,1.0
HP1502401_O10,ductal,ductal,1.0,ductal,1.0,ductal,1.0,ductal,0.9999999,ductal,0.99999964
HP1502401_C12,ductal,ductal,1.0,ductal,0.9999962,ductal,0.9999827,ductal,0.9999064,ductal,0.9999989
HP1502401_J17,ductal,ductal,1.0,ductal,0.9969606,ductal,0.9999993,ductal,0.9998745,ductal,0.99999917
HP1502401_N10,ductal,ductal,0.9999994,ductal,0.99999917,ductal,1.0,ductal,1.0,ductal,1.0
HP1502401_J24,ductal,ductal,0.9999968,ductal,0.9999887,ductal,0.9999962,ductal,0.9999889,ductal,0.99999845
HP1502401_M16,ductal,ductal,0.99998116,ductal,1.0,ductal,0.9999994,ductal,0.9999665,ductal,0.99999344
HP1502401_I21,ductal,ductal,1.0,ductal,0.99999976,ductal,0.9999999,ductal,1.0,ductal,0.99999964
HP1502401_N16,ductal,ductal,1.0,ductal,0.9999901,ductal,0.99999976,ductal,0.9999926,ductal,0.9999999
HP1504101T2D_B8,ductal,ductal,0.9999999,ductal,0.9999988,ductal,0.9999994,ductal,0.9999963,ductal,0.9999999
HP1504101T2D_E19,ductal,mast,0.9307785,mast,0.8257599,alpha,0.9988514,gamma,0.96016484,gamma,0.72021663
HP1504101T2D_H18,ductal,ductal,0.99999976,ductal,0.9999999,ductal,0.99999917,ductal,0.9999999,ductal,0.9999999
HP1504101T2D_O24,ductal,ductal,0.9999999,ductal,0.9941934,ductal,0.99960655,ductal,0.9999291,ductal,0.9999994
HP1504901_J10,ductal,ductal,0.9999999,ductal,1.0,ductal,0.99999905,ductal,0.99673176,ductal,0.99999094
HP1504901_O11,ductal,ductal,0.99999726,ductal,0.999995,ductal,0.99994135,ductal,0.9999701,ductal,0.9999949
HP1504901_P11,ductal,ductal,0.99998367,ductal,0.99997866,ductal,0.9999901,ductal,0.99837816,ductal,0.99998367
HP1504901_F8,ductal,ductal,1.0,ductal,0.9999999,ductal,0.9999995,ductal,0.99998486,ductal,0.9999838
HP1504901_N18,ductal,ductal,1.0,ductal,1.0,ductal,0.9999999,ductal,0.99999964,ductal,0.9999995
HP1504901_I10,ductal,ductal,1.0,ductal,1.0,ductal,1.0,ductal,0.99999833,ductal,0.9999999
HP1504901_O14,ductal,ductal,0.9999999,ductal,0.9999995,ductal,0.9999988,ductal,0.99999785,ductal,0.9999896
HP1504901_P7,ductal,ductal,0.99998426,ductal,0.9999995,ductal,0.999998,ductal,0.9999695,ductal,0.99999297
HP1504901_J13,ductal,ductal,0.9999999,ductal,0.9612396,ductal,0.99999523,ductal,0.9993419,ductal,0.99999475
HP1504901_E6,ductal,ductal,0.9999999,ductal,0.9999995,ductal,0.9999714,ductal,0.9993618,ductal,0.999997
HP1504901_J15,ductal,endothelial,0.99957067,endothelial,0.99999964,endothelial,0.9999963,endothelial,0.9999982,endothelial,0.99996686
HP1504901_L16,ductal,ductal,0.99999976,ductal,0.9999999,ductal,0.9999527,ductal,0.99997544,ductal,0.9999486
HP1504901_B14,ductal,ductal,1.0,ductal,0.9999999,ductal,0.99999964,ductal,0.99993443,ductal,0.9999926
HP1504901_K23,ductal,ductal,0.99998057,ductal,0.9999939,ductal,0.99993455,ductal,0.99997604,ductal,0.9993038
HP1504901_G11,ductal,ductal,1.0,ductal,1.0,ductal,1.0,ductal,1.0,ductal,0.99999845
HP1504901_J5,ductal,ductal,0.99999976,ductal,0.9999994,ductal,0.9999696,ductal,0.9999949,ductal,0.99997747
HP1506401_G2,ductal,ductal,0.99999845,ductal,0.99989855,ductal,0.9999995,ductal,0.9999999,ductal,0.99999917
HP1506401_O2,ductal,ductal,1.0,ductal,0.9999993,ductal,0.9999987,ductal,1.0,ductal,0.9999988
HP1506401_N10,ductal,ductal,1.0,ductal,1.0,ductal,1.0,ductal,1.0,ductal,0.9999995
HP1506401_D15,ductal,ductal,0.9999883,ductal,0.9999896,ductal,0.9999918,ductal,0.9999994,ductal,0.999995
HP1506401_D21,ductal,ductal,0.99998367,ductal,0.99999857,ductal,0.99999857,ductal,0.99999833,ductal,0.9999945
HP1506401_F7,ductal,ductal,0.9999968,ductal,0.99999523,ductal,0.9999975,ductal,0.99999,ductal,0.9999958
HP1506401_G21,ductal,ductal,1.0,ductal,0.9998318,ductal,0.9999989,ductal,1.0,ductal,0.9999993
HP1506401_B17,ductal,ductal,1.0,ductal,0.99999845,ductal,0.99999523,ductal,1.0,ductal,0.99999976
HP1506401_J5,ductal,ductal,0.9999957,ductal,0.99999833,ductal,0.9999995,ductal,0.9999765,ductal,0.9999645
HP1506401_M16,ductal,ductal,1.0,ductal,0.99999654,ductal,0.9999963,ductal,1.0,ductal,0.99999964
HP1506401_A18,ductal,ductal,0.9999982,ductal,0.99973613,ductal,0.9983125,ductal,0.99706036,ductal,0.99975806
HP1506401_C12,ductal,ductal,0.99999976,ductal,0.9999989,ductal,0.9999995,ductal,0.9999999,ductal,0.9999994
HP1506401_E6,ductal,ductal,0.99996567,ductal,0.9999523,ductal,0.9999913,ductal,0.9994054,ductal,0.9999893
HP1506401_A13,ductal,ductal,0.9999999,ductal,0.9999981,ductal,0.99999726,ductal,0.99999964,ductal,0.9999969
HP1506401_H4,ductal,ductal,1.0,ductal,0.99999976,ductal,0.99999976,ductal,1.0,ductal,0.999998
HP1506401_O4,ductal,ductal,0.99999976,ductal,0.9998733,ductal,0.999468,ductal,0.9999956,ductal,0.99998856
HP1506401_L21,ductal,ductal,0.9999989,ductal,0.99999845,ductal,0.99999225,ductal,1.0,ductal,0.99999964
HP1506401_I24,ductal,ductal,0.999998,ductal,0.99999714,ductal,0.99999905,ductal,0.99999917,ductal,0.99995327
HP1506401_F21,ductal,ductal,1.0,ductal,0.9999999,ductal,0.9999999,ductal,1.0,ductal,0.99999976
HP1506401_J8,ductal,ductal,0.9999999,ductal,0.9999975,ductal,0.9999999,ductal,1.0,ductal,0.999998
HP1506401_K17,ductal,ductal,0.9999957,ductal,0.9999963,ductal,0.9999999,ductal,0.9992747,ductal,0.9999795
HP1506401_N16,ductal,ductal,0.9999989,ductal,0.99999964,ductal,0.9999995,ductal,0.99999857,ductal,0.9999969
HP1506401_D8,ductal,ductal,1.0,ductal,1.0,ductal,0.9999999,ductal,1.0,ductal,0.99999845
HP1506401_H7,ductal,ductal,0.99999976,ductal,0.99998367,ductal,0.9999993,ductal,0.9999974,ductal,0.99999917
HP1506401_M21,ductal,ductal,0.99999964,ductal,0.99999094,ductal,0.99999666,ductal,0.9999999,ductal,0.9999988
HP1506401_P11,ductal,ductal,0.99999416,ductal,0.9999981,ductal,0.999992,ductal,0.9999999,ductal,0.9999995
HP1506401_L10,ductal,ductal,1.0,ductal,0.99999917,ductal,0.99999964,ductal,0.99999976,ductal,0.9999999
HP1506401_P5,ductal,ductal,1.0,ductal,0.99999774,ductal,0.9999962,ductal,0.9999993,ductal,0.99999917
HP1506401_D10,ductal,ductal,0.99999917,ductal,0.9999652,ductal,0.9999021,ductal,0.99998975,ductal,0.99998355
HP1506401_L20,ductal,ductal,1.0,ductal,0.9999826,ductal,0.9999919,ductal,1.0,ductal,0.9999995
HP1506401_C17,ductal,ductal,1.0,ductal,1.0,ductal,1.0,ductal,0.99999714,ductal,0.999998
HP1506401_J7,ductal,ductal,0.99995875,ductal,0.999746,ductal,0.9873461,ductal,0.9999856,ductal,0.9999927
HP1506401_D2,ductal,ductal,1.0,ductal,0.9999888,ductal,0.99998844,ductal,1.0,ductal,0.99999785
HP1506401_G18,ductal,ductal,1.0,ductal,1.0,ductal,1.0,ductal,1.0,ductal,0.99999964
HP1506401_E17,ductal,ductal,1.0,ductal,1.0,ductal,1.0,ductal,0.9999999,ductal,0.9999995
HP1506401_G19,ductal,ductal,0.9999999,ductal,0.99999857,ductal,0.9999982,ductal,1.0,ductal,0.9999988
HP1506401_L4,ductal,ductal,1.0,ductal,0.99999344,ductal,0.99999046,ductal,1.0,ductal,1.0
HP1506401_L13,ductal,ductal,0.9999925,ductal,0.99998534,ductal,0.9999714,ductal,0.99999595,ductal,0.99994326
HP1506401_H6,ductal,ductal,0.99999905,ductal,0.99999416,ductal,0.99999976,ductal,0.999998,ductal,0.99999905
HP1506401_F10,ductal,ductal,1.0,ductal,1.0,ductal,1.0,ductal,1.0,ductal,0.9999987
HP1506401_I4,ductal,ductal,0.9999995,ductal,0.9999722,ductal,0.99999535,ductal,1.0,ductal,0.9999498
HP1506401_D17,ductal,ductal,1.0,ductal,0.99999964,ductal,1.0,ductal,1.0,ductal,0.9999999
HP1506401_P22,ductal,ductal,0.99999905,ductal,0.9999964,ductal,0.9999678,ductal,0.99999857,ductal,0.99999213
HP1506401_O8,ductal,ductal,0.9999962,ductal,0.99999976,ductal,0.9999995,ductal,0.9999999,ductal,0.999997
HP1506401_I21,ductal,ductal,1.0,ductal,0.9999999,ductal,0.99999976,ductal,1.0,ductal,0.99999964
HP1506401_F19,ductal,ductal,1.0,ductal,0.99999917,ductal,0.99999976,ductal,0.9999999,ductal,0.9999999
HP1506401_A20,ductal,ductal,1.0,ductal,0.9999995,ductal,1.0,ductal,0.99999905,ductal,0.99999785
HP1506401_P18,ductal,ductal,0.99999905,ductal,0.99999607,ductal,0.99999905,ductal,0.9999379,ductal,0.9999317
HP1506401_L1,ductal,ductal,0.9999999,ductal,0.99999464,ductal,0.9999919,ductal,0.9999995,ductal,0.9999956
HP1506401_G20,ductal,ductal,0.9999999,ductal,1.0,ductal,0.9999999,ductal,1.0,ductal,0.99999964
HP1506401_A4,ductal,ductal,1.0,ductal,0.9999988,ductal,0.9999999,ductal,0.99999964,ductal,1.0
HP1506401_P1,ductal,ductal,0.99991083,ductal,0.9998754,ductal,0.96957445,ductal,0.999605,ductal,0.9998703
HP1506401_J20,ductal,ductal,1.0,ductal,0.9999989,ductal,0.9999999,ductal,0.9999987,ductal,1.0
HP1506401_P21,ductal,ductal,1.0,ductal,0.99999833,ductal,0.9999949,ductal,0.9999999,ductal,0.9999999
HP1506401_H2,ductal,ductal,1.0,ductal,0.9999962,ductal,0.9999968,ductal,0.99996436,ductal,0.9999993
HP1506401_K19,ductal,ductal,1.0,ductal,1.0,ductal,1.0,ductal,1.0,ductal,0.9999994
HP1506401_C16,ductal,ductal,1.0,ductal,0.99999404,ductal,0.999998,ductal,0.9999995,ductal,0.9999907
HP1506401_K4,ductal,ductal,0.99999964,ductal,0.9999994,ductal,0.99999964,ductal,0.99999976,ductal,0.99999976
HP1506401_F23,ductal,ductal,1.0,ductal,0.99999905,ductal,0.99999976,ductal,1.0,ductal,1.0
HP1506401_P9,ductal,ductal,0.9999963,ductal,0.9999968,ductal,0.99998534,ductal,0.9999105,ductal,0.9999647
HP1506401_K16,ductal,ductal,0.9999995,ductal,0.9999999,ductal,1.0,ductal,1.0,ductal,0.9999995
HP1506401_H23,ductal,ductal,0.9999987,ductal,0.9999924,ductal,0.9999999,ductal,0.99991286,ductal,0.99999726
HP1506401_I16,ductal,ductal,1.0,ductal,0.9999993,ductal,0.9999999,ductal,0.9999995,ductal,0.9999995
HP1506401_I3,ductal,ductal,0.9999857,ductal,0.9999931,ductal,0.99996066,ductal,0.99999726,ductal,0.999998
HP1506401_B24,ductal,ductal,0.9999957,ductal,0.9999342,ductal,0.99984205,ductal,0.9999989,ductal,0.99973065
HP1506401_G23,ductal,ductal,0.9999999,ductal,0.9999901,ductal,0.9999901,ductal,1.0,ductal,0.9999988
HP1506401_N17,ductal,ductal,0.9999484,ductal,0.9958216,ductal,0.9907279,ductal,0.9999901,ductal,0.99945396
HP1506401_D18,ductal,ductal,1.0,ductal,0.9999995,ductal,1.0,ductal,0.99998415,ductal,1.0
HP1506401_M11,ductal,ductal,1.0,ductal,1.0,ductal,1.0,ductal,1.0,ductal,0.9999999
HP1506401_A12,ductal,ductal,0.9999999,ductal,0.9999988,ductal,0.99999964,ductal,0.9999783,ductal,0.9999956
HP1506401_J22,ductal,ductal,0.99998665,ductal,0.9999652,ductal,0.7536059,ductal,0.99813026,ductal,0.99902785
HP1506401_E19,ductal,ductal,0.9999995,ductal,0.9999976,ductal,0.99999917,ductal,0.9999987,ductal,0.9999993
HP1506401_H9,ductal,ductal,1.0,ductal,0.9999993,ductal,0.9998802,ductal,0.99999964,ductal,0.9999931
HP1506401_D22,ductal,ductal,0.9999528,ductal,0.9978248,ductal,0.9999927,ductal,0.9758136,ductal,0.9995726
HP1506401_J21,ductal,ductal,1.0,ductal,0.9999999,ductal,0.9999999,ductal,0.99999976,ductal,0.99999976
HP1506401_P4,ductal,ductal,1.0,ductal,1.0,ductal,1.0,ductal,0.9999993,ductal,0.9999999
HP1506401_B18,ductal,ductal,0.9998641,ductal,0.9998894,ductal,0.99437547,ductal,0.9999355,ductal,0.9998405
HP1506401_B23,ductal,ductal,0.9999995,ductal,0.9999845,ductal,0.99989545,ductal,0.99999714,ductal,0.9999957
HP1506401_D1,ductal,ductal,1.0,ductal,0.99999785,ductal,0.99999535,ductal,0.9999999,ductal,0.9999993
HP1506401_D7,ductal,ductal,1.0,ductal,0.99999964,ductal,0.999995,ductal,1.0,ductal,1.0
HP1507101_J15,ductal,ductal,1.0,ductal,1.0,ductal,1.0,ductal,1.0,ductal,1.0
HP1507101_K16,ductal,ductal,0.9999999,ductal,1.0,ductal,1.0,ductal,1.0,ductal,1.0
HP1507101_G10,ductal,ductal,1.0,ductal,1.0,ductal,1.0,ductal,1.0,ductal,1.0
HP1507101_H16,ductal,ductal,0.9999999,ductal,1.0,ductal,1.0,ductal,1.0,ductal,1.0
HP1507101_N17,ductal,ductal,0.9999999,ductal,0.9999999,ductal,1.0,ductal,0.9999994,ductal,0.9999999
HP1507101_F15,ductal,ductal,0.99999964,ductal,0.9999999,ductal,0.99999976,ductal,1.0,ductal,1.0
HP1507101_O12,ductal,ductal,1.0,ductal,1.0,ductal,1.0,ductal,1.0,ductal,1.0
HP1507101_N8,ductal,ductal,1.0,ductal,1.0,ductal,1.0,ductal,1.0,ductal,1.0
HP1507101_P1,ductal,ductal,1.0,ductal,1.0,ductal,1.0,ductal,1.0,ductal,1.0
HP1508501T2D_K2,ductal,ductal,1.0,ductal,1.0,ductal,1.0,ductal,1.0,ductal,1.0
HP1508501T2D_G2,ductal,ductal,0.9999988,ductal,0.9999856,ductal,0.9999999,ductal,0.999998,ductal,0.9999958
HP1508501T2D_I1,ductal,ductal,1.0,ductal,1.0,ductal,1.0,ductal,0.9999999,ductal,1.0
HP1508501T2D_C2,ductal,ductal,0.9999999,ductal,0.99999857,ductal,1.0,ductal,0.9999993,ductal,0.9999995
HP1508501T2D_G3,ductal,ductal,0.9999999,ductal,1.0,ductal,1.0,ductal,1.0,ductal,0.9999999
HP1508501T2D_G1,ductal,ductal,0.9999999,ductal,1.0,ductal,1.0,ductal,1.0,ductal,0.9999999
HP1508501T2D_K13,ductal,ductal,0.99999774,ductal,0.99996984,ductal,0.99999714,ductal,0.99999046,ductal,0.9999883
HP1508501T2D_N1,ductal,ductal,0.99999905,ductal,0.99999964,ductal,0.9999999,ductal,0.9999999,ductal,0.99999964
HP1508501T2D_B18,ductal,ductal,0.9999999,ductal,1.0,ductal,1.0,ductal,0.9999999,ductal,0.9999999
HP1508501T2D_C6,ductal,ductal,0.99999976,ductal,0.999841,ductal,0.9999995,ductal,0.99997294,ductal,0.99999976
HP1508501T2D_O3,ductal,ductal,0.9999956,ductal,0.998445,ductal,0.9999958,ductal,0.9999926,ductal,0.9999279
HP1508501T2D_M17,ductal,ductal,1.0,ductal,1.0,ductal,1.0,ductal,1.0,ductal,1.0
HP1508501T2D_M3,ductal,ductal,0.99999654,ductal,0.9999999,ductal,0.9999907,ductal,0.99996066,ductal,0.99999666
HP1508501T2D_L20,ductal,ductal,0.9999999,ductal,0.9999993,ductal,0.99999976,ductal,0.99746823,ductal,0.99999976
HP1508501T2D_L8,ductal,ductal,0.99998856,ductal,0.9999436,ductal,0.99996567,ductal,0.9999174,ductal,0.9999341
HP1508501T2D_P14,ductal,ductal,0.8785511,ductal,0.62825346,alpha,0.4459027,ductal,0.99685293,acinar,0.6438114
HP1508501T2D_F4,ductal,ductal,0.9999999,ductal,1.0,ductal,1.0,ductal,0.99999976,ductal,0.9999994
HP1508501T2D_F12,ductal,ductal,0.999995,ductal,0.99987483,ductal,0.99999976,ductal,0.99995375,ductal,0.99998295
HP1508501T2D_N9,ductal,ductal,1.0,ductal,0.9999999,ductal,1.0,ductal,1.0,ductal,0.99999976
HP1508501T2D_B17,ductal,ductal,1.0,ductal,1.0,ductal,1.0,ductal,1.0,ductal,0.9999999
HP1508501T2D_J11,ductal,ductal,0.9999958,ductal,1.0,ductal,1.0,ductal,0.99999976,ductal,0.99999976
HP1508501T2D_N7,ductal,ductal,0.9999999,ductal,1.0,ductal,1.0,ductal,1.0,ductal,1.0
HP1508501T2D_M15,ductal,ductal,0.99999917,ductal,0.9999999,ductal,0.9999999,ductal,1.0,ductal,0.99999976
HP1508501T2D_K22,ductal,ductal,1.0,ductal,1.0,ductal,1.0,ductal,1.0,ductal,1.0
HP1508501T2D_H17,ductal,ductal,0.9999951,ductal,0.9998573,ductal,0.99999917,ductal,0.9999982,ductal,0.99998784
HP1508501T2D_M22,ductal,ductal,1.0,ductal,1.0,ductal,1.0,ductal,0.9999999,ductal,0.99999976
HP1508501T2D_H20,ductal,ductal,0.99937767,ductal,0.9999325,ductal,0.99916494,ductal,0.9995497,ductal,0.99998057
HP1508501T2D_F8,ductal,ductal,1.0,ductal,0.9999498,ductal,0.999992,ductal,0.99999964,ductal,0.9999989
HP1508501T2D_E15,ductal,ductal,1.0,ductal,0.9999995,ductal,0.9999999,ductal,1.0,ductal,0.9999993
HP1508501T2D_N19,ductal,ductal,0.9827959,ductal,0.99998033,ductal,0.99404514,ductal,0.9999968,ductal,0.9999548
HP1508501T2D_B19,ductal,ductal,1.0,ductal,1.0,ductal,1.0,ductal,0.99999607,ductal,0.9999999
HP1508501T2D_N17,ductal,ductal,0.9999461,ductal,0.9999999,ductal,0.9999995,ductal,0.9999999,ductal,0.99998724
HP1508501T2D_N2,ductal,ductal,1.0,ductal,1.0,ductal,1.0,ductal,1.0,ductal,1.0
HP1508501T2D_N22,ductal,ductal,1.0,ductal,1.0,ductal,1.0,ductal,1.0,ductal,0.9999994
HP1508501T2D_C24,ductal,ductal,1.0,ductal,1.0,ductal,1.0,ductal,1.0,ductal,1.0
HP1508501T2D_H13,ductal,ductal,1.0,ductal,0.99999976,ductal,0.9999989,ductal,0.99999964,ductal,0.9999999
HP1508501T2D_L21,ductal,ductal,1.0,ductal,0.9998853,ductal,1.0,ductal,0.9999995,ductal,0.9999999
HP1508501T2D_E7,ductal,ductal,1.0,ductal,0.9999999,ductal,1.0,ductal,0.9999981,ductal,0.99999976
HP1508501T2D_I11,ductal,ductal,1.0,ductal,1.0,ductal,1.0,ductal,1.0,ductal,1.0
HP1508501T2D_K7,ductal,ductal,1.0,ductal,1.0,ductal,1.0,ductal,1.0,ductal,1.0
HP1508501T2D_O9,ductal,ductal,0.9999999,ductal,1.0,ductal,1.0,ductal,1.0,ductal,1.0
HP1508501T2D_I17,ductal,ductal,0.99638355,ductal,0.9999721,ductal,0.9999993,ductal,0.9999441,ductal,0.9999994
HP1508501T2D_L11,ductal,ductal,0.9999988,ductal,0.9999999,ductal,1.0,ductal,1.0,ductal,0.9999999
HP1508501T2D_G14,ductal,ductal,0.99999976,ductal,0.99999964,ductal,0.99999964,ductal,0.99999976,ductal,0.99999464
HP1508501T2D_J13,ductal,ductal,0.9999999,ductal,0.9999999,ductal,0.9999993,ductal,1.0,ductal,0.9999993
HP1508501T2D_A7,ductal,ductal,0.9999989,ductal,0.9999782,ductal,0.99999523,ductal,0.9999999,ductal,0.9999987
HP1508501T2D_P12,ductal,ductal,0.9999924,ductal,0.9999887,ductal,0.9999665,ductal,0.99998605,ductal,0.9997894
HP1508501T2D_C19,ductal,ductal,1.0,ductal,0.9999999,ductal,1.0,ductal,0.99999917,ductal,0.99999964
HP1508501T2D_E17,ductal,ductal,1.0,ductal,1.0,ductal,1.0,ductal,1.0,ductal,1.0
HP1508501T2D_H9,ductal,ductal,0.9999999,ductal,0.9999999,ductal,0.9999993,ductal,0.9999496,ductal,0.99997044
HP1508501T2D_F15,ductal,ductal,0.9999999,ductal,0.99999917,ductal,0.9999999,ductal,0.999998,ductal,0.9999999
HP1508501T2D_C21,ductal,ductal,0.9999999,ductal,0.9999993,ductal,0.9999999,ductal,0.9999988,ductal,0.9999999
HP1508501T2D_C15,ductal,ductal,1.0,ductal,0.9999999,ductal,1.0,ductal,0.9999982,ductal,0.9999999
HP1508501T2D_N15,ductal,ductal,0.99999964,ductal,0.9999999,ductal,1.0,ductal,0.9999647,ductal,0.9999994
HP1508501T2D_L23,ductal,ductal,0.9999999,ductal,0.9999981,ductal,0.99999905,ductal,0.99998844,ductal,0.9999989
HP1508501T2D_B24,ductal,ductal,0.9999962,ductal,0.99998224,ductal,0.991653,ductal,0.9935946,ductal,0.99787176
HP1508501T2D_O8,ductal,ductal,1.0,ductal,1.0,ductal,1.0,ductal,0.9999993,ductal,1.0
HP1508501T2D_D24,ductal,ductal,0.9999999,ductal,1.0,ductal,1.0,ductal,1.0,ductal,0.9999994
HP1508501T2D_K15,ductal,ductal,1.0,ductal,1.0,ductal,1.0,ductal,1.0,ductal,1.0
HP1508501T2D_J22,ductal,ductal,0.99999964,ductal,0.99999976,ductal,1.0,ductal,0.9999975,ductal,0.9999993
HP1508501T2D_N23,ductal,ductal,0.9999999,ductal,0.99999833,ductal,0.9999999,ductal,0.99999964,ductal,1.0
HP1508501T2D_A17,ductal,ductal,0.99999857,ductal,0.99999857,ductal,0.9999994,ductal,1.0,ductal,0.99999976
HP1508501T2D_L24,ductal,ductal,1.0,ductal,1.0,ductal,1.0,ductal,0.99999964,ductal,1.0
HP1508501T2D_C11,ductal,ductal,0.999998,ductal,0.9999999,ductal,0.9999999,ductal,0.99999857,ductal,0.99999964
HP1508501T2D_C18,ductal,ductal,1.0,ductal,0.9999994,ductal,1.0,ductal,1.0,ductal,0.99999964
HP1508501T2D_O12,ductal,ductal,0.99999964,ductal,0.9999999,ductal,1.0,ductal,0.9999999,ductal,0.99999976
HP1508501T2D_J14,ductal,ductal,1.0,ductal,1.0,ductal,1.0,ductal,1.0,ductal,0.99999976
HP1508501T2D_L5,ductal,ductal,1.0,ductal,1.0,ductal,1.0,ductal,1.0,ductal,1.0
HP1508501T2D_M23,ductal,ductal,0.99926716,ductal,0.9999982,ductal,0.9999999,ductal,0.99999464,ductal,0.9999999
HP1508501T2D_N10,ductal,ductal,1.0,ductal,0.9999999,ductal,1.0,ductal,0.9999999,ductal,1.0
HP1508501T2D_K23,ductal,ductal,0.9999927,ductal,0.9999999,ductal,0.9999999,ductal,1.0,ductal,0.99999976
HP1508501T2D_I4,ductal,ductal,1.0,ductal,0.99999976,ductal,0.9999993,ductal,1.0,ductal,0.99999976
HP1508501T2D_N6,ductal,ductal,0.99999976,ductal,0.9999974,ductal,0.99999964,ductal,0.99999917,ductal,0.9999993
HP1508501T2D_J16,ductal,ductal,0.99999845,ductal,0.9999982,ductal,0.9999989,ductal,1.0,ductal,0.9999987
HP1508501T2D_G13,ductal,ductal,1.0,ductal,0.99999976,ductal,0.9999993,ductal,0.9999852,ductal,0.9999999
HP1508501T2D_I12,ductal,ductal,1.0,ductal,0.99999976,ductal,1.0,ductal,1.0,ductal,1.0
HP1508501T2D_E11,ductal,ductal,0.9999988,ductal,0.999977,ductal,0.99999905,ductal,0.99999547,ductal,0.99978095
HP1508501T2D_I13,ductal,ductal,1.0,ductal,0.9999999,ductal,1.0,ductal,0.9999982,ductal,0.9999999
HP1508501T2D_L9,ductal,ductal,0.9999999,ductal,0.99999976,ductal,0.9999999,ductal,0.99999774,ductal,1.0
HP1508501T2D_E9,ductal,ductal,0.99999857,ductal,0.99999595,ductal,0.9999883,ductal,0.9930802,ductal,0.9999994
HP1508501T2D_D22,ductal,ductal,0.9999994,ductal,0.9999993,ductal,0.9999993,ductal,0.99997795,ductal,0.99999964
HP1508501T2D_E16,ductal,ductal,0.9999999,ductal,0.99999964,ductal,0.9999963,ductal,0.99997413,ductal,0.9999764
HP1508501T2D_I21,ductal,ductal,0.99999964,ductal,1.0,ductal,1.0,ductal,0.999995,ductal,0.9999989
HP1508501T2D_K3,ductal,ductal,1.0,ductal,1.0,ductal,1.0,ductal,1.0,ductal,0.9999995
HP1508501T2D_N8,ductal,ductal,0.99999976,ductal,0.9999995,ductal,1.0,ductal,0.99999535,ductal,0.9999999
HP1508501T2D_J15,ductal,ductal,1.0,ductal,0.9999999,ductal,1.0,ductal,0.99999964,ductal,0.99999976
HP1509101_E3,ductal,ductal,0.9999999,ductal,1.0,ductal,1.0,ductal,0.9999951,ductal,0.99999976
HP1509101_J22,ductal,ductal,1.0,ductal,1.0,ductal,1.0,ductal,0.9999982,ductal,1.0
HP1509101_K19,ductal,ductal,0.9999994,ductal,0.99999976,ductal,0.9999995,ductal,0.9999993,ductal,0.9999994
HP1509101_M14,ductal,ductal,0.9999999,ductal,0.9999995,ductal,0.99999917,ductal,0.99999964,ductal,0.99999976
HP1509101_K15,ductal,ductal,0.9999999,ductal,0.99999976,ductal,0.9999999,ductal,0.99999976,ductal,1.0
HP1509101_A24,ductal,ductal,1.0,ductal,1.0,ductal,1.0,ductal,1.0,ductal,1.0
HP1509101_B9,ductal,ductal,0.99999845,ductal,0.99999535,ductal,0.99999416,ductal,0.9999995,ductal,0.9999981
HP1509101_P17,ductal,ductal,1.0,ductal,0.9999999,ductal,0.9999999,ductal,0.9999999,ductal,1.0
HP1509101_P9,ductal,ductal,0.9999908,ductal,0.99999917,ductal,0.99905175,ductal,0.9999838,ductal,0.99998474
HP1509101_L13,ductal,ductal,0.99999976,ductal,1.0,ductal,0.9999999,ductal,0.99999917,ductal,0.9999999
HP1509101_J11,ductal,ductal,0.9999999,ductal,0.9999995,ductal,0.9999999,ductal,0.99999976,ductal,0.9999999
HP1509101_D17,ductal,ductal,0.9999982,ductal,0.9999995,ductal,0.99999964,ductal,0.9999988,ductal,0.9999999
HP1509101_N7,ductal,ductal,0.99999976,ductal,0.99999976,ductal,0.99999976,ductal,0.9999994,ductal,0.99999917
HP1509101_F24,ductal,ductal,1.0,ductal,0.99999976,ductal,0.9999995,ductal,0.9999906,ductal,1.0
HP1509101_F2,ductal,ductal,0.9999994,ductal,1.0,ductal,1.0,ductal,0.9999982,ductal,0.9999995
HP1509101_B24,ductal,ductal,1.0,ductal,1.0,ductal,0.9999999,ductal,0.9999999,ductal,0.9999999
HP1509101_M16,ductal,ductal,0.9999999,ductal,0.99999905,ductal,0.9999995,ductal,0.9999999,ductal,0.9999999
HP1509101_P6,ductal,ductal,0.99999976,ductal,0.9999999,ductal,0.9999999,ductal,0.9999968,ductal,0.9999968
HP1509101_L3,ductal,ductal,0.99999905,ductal,0.9999851,ductal,0.9999887,ductal,0.999995,ductal,0.9999994
HP1509101_J9,ductal,ductal,0.9999993,ductal,0.9999931,ductal,0.99999905,ductal,0.9999993,ductal,0.9999999
HP1509101_B19,ductal,ductal,1.0,ductal,1.0,ductal,1.0,ductal,1.0,ductal,1.0
HP1509101_D23,ductal,ductal,0.99999976,ductal,1.0,ductal,0.9999999,ductal,0.9999988,ductal,0.9999999
HP1509101_G4,ductal,ductal,1.0,ductal,0.9999999,ductal,0.99999976,ductal,1.0,ductal,1.0
HP1509101_P22,ductal,ductal,0.99998283,ductal,0.99999833,ductal,0.9999963,ductal,0.9999987,ductal,0.99999654
HP1509101_E24,ductal,ductal,0.9999999,ductal,0.99999905,ductal,0.9999993,ductal,0.99999976,ductal,0.9999995
HP1509101_G10,ductal,ductal,0.99999976,ductal,1.0,ductal,0.9999999,ductal,0.99999976,ductal,1.0
HP1509101_J23,ductal,ductal,0.9997576,ductal,0.99999094,ductal,0.9999964,ductal,0.9999943,ductal,0.999998
HP1509101_I12,ductal,ductal,1.0,ductal,1.0,ductal,1.0,ductal,1.0,ductal,1.0
HP1509101_O14,ductal,ductal,0.99999976,ductal,0.99999976,ductal,1.0,ductal,1.0,ductal,1.0
HP1509101_L16,ductal,ductal,1.0,ductal,0.99999976,ductal,0.9999999,ductal,0.99997926,ductal,0.9999999
HP1509101_K10,ductal,ductal,1.0,ductal,0.99999845,ductal,0.999998,ductal,0.9999907,ductal,1.0
HP1509101_B23,ductal,ductal,0.9998073,ductal,0.9999968,ductal,0.9999987,ductal,0.9987293,ductal,0.9999944
HP1509101_I16,ductal,ductal,1.0,ductal,0.9999999,ductal,0.9999995,ductal,0.99999857,ductal,0.99999976
HP1509101_A8,ductal,ductal,0.99999857,ductal,0.99999607,ductal,0.9999962,ductal,1.0,ductal,0.9999999
HP1509101_C21,ductal,ductal,0.99999964,ductal,0.99999976,ductal,0.9999999,ductal,0.9999999,ductal,1.0
HP1509101_P5,ductal,ductal,0.9999676,ductal,0.9999999,ductal,0.999432,ductal,0.99997926,ductal,0.999941
HP1509101_N6,ductal,ductal,0.99999976,ductal,0.99999976,ductal,0.9999999,ductal,0.99999976,ductal,0.9999999
HP1509101_N10,ductal,ductal,0.9999999,ductal,1.0,ductal,0.99999833,ductal,0.9999999,ductal,0.9999999
HP1509101_O17,ductal,ductal,0.99998844,ductal,0.99999785,ductal,0.9999963,ductal,0.99991405,ductal,0.99999964
HP1509101_P8,ductal,ductal,0.9999192,ductal,0.99999535,ductal,0.9996631,ductal,0.9973991,ductal,0.9998926
HP1509101_C6,ductal,ductal,0.9999943,ductal,0.9999914,ductal,0.9999974,ductal,0.999946,ductal,0.99999905
HP1509101_F22,ductal,ductal,1.0,ductal,1.0,ductal,1.0,ductal,0.99999976,ductal,1.0
HP1509101_F7,ductal,ductal,1.0,ductal,1.0,ductal,1.0,ductal,0.9999999,ductal,1.0
HP1509101_E10,ductal,ductal,0.9999999,ductal,0.9999287,ductal,0.99997175,ductal,0.99962986,ductal,0.9999957
HP1509101_E9,ductal,ductal,1.0,ductal,1.0,ductal,1.0,ductal,0.99999964,ductal,0.9999999
HP1509101_A17,ductal,ductal,1.0,ductal,0.9999999,ductal,0.9999999,ductal,0.9999999,ductal,0.9999999
HP1509101_H20,ductal,ductal,1.0,ductal,1.0,ductal,0.9999999,ductal,0.9975005,ductal,0.9999999
HP1509101_D21,ductal,ductal,0.9999988,ductal,0.9999995,ductal,0.99999595,ductal,0.99975854,ductal,0.99999905
HP1509101_I6,ductal,ductal,0.9999999,ductal,0.99999976,ductal,0.9999999,ductal,0.99999964,ductal,0.9999999
HP1525301T2D_P14,ductal,ductal,0.99980277,ductal,0.99999976,ductal,0.9999738,ductal,0.99999714,ductal,0.9999759
HP1525301T2D_O14,ductal,ductal,0.999998,ductal,0.9999989,ductal,1.0,ductal,0.99999845,ductal,0.9999993
HP1525301T2D_H14,ductal,ductal,1.0,ductal,1.0,ductal,1.0,ductal,0.99999905,ductal,1.0
HP1525301T2D_P1,ductal,ductal,0.99999976,ductal,0.9999994,ductal,1.0,ductal,0.9999927,ductal,0.99999976
HP1525301T2D_K16,ductal,ductal,0.9999821,ductal,0.99999976,ductal,0.99999976,ductal,0.9999994,ductal,0.9999938
HP1525301T2D_C3,ductal,ductal,0.9999932,ductal,0.9999993,ductal,1.0,ductal,0.9999968,ductal,0.99999905
HP1525301T2D_D1,ductal,ductal,0.99991786,ductal,0.9999993,ductal,0.999998,ductal,0.9999701,ductal,0.99999785
HP1525301T2D_I18,ductal,ductal,0.9999999,ductal,1.0,ductal,1.0,ductal,1.0,ductal,0.9999999
HP1525301T2D_M11,ductal,ductal,0.99999964,ductal,0.9999999,ductal,1.0,ductal,0.9999987,ductal,0.9999999
HP1525301T2D_I23,ductal,ductal,0.9999989,ductal,1.0,ductal,1.0,ductal,0.99997854,ductal,1.0
HP1525301T2D_K14,ductal,ductal,0.99999774,ductal,1.0,ductal,0.9999999,ductal,0.9999981,ductal,0.9999975
HP1525301T2D_J7,ductal,ductal,0.9999937,ductal,1.0,ductal,1.0,ductal,0.99999905,ductal,0.99999976
HP1525301T2D_C4,ductal,ductal,0.99999917,ductal,0.99986887,ductal,0.9999964,ductal,0.99985766,ductal,0.9999957
HP1525301T2D_J21,ductal,ductal,0.9999999,ductal,0.9999999,ductal,1.0,ductal,0.9999981,ductal,0.9999988
HP1525301T2D_C6,ductal,ductal,1.0,ductal,1.0,ductal,1.0,ductal,1.0,ductal,1.0
HP1525301T2D_G3,ductal,ductal,1.0,ductal,1.0,ductal,1.0,ductal,0.9999988,ductal,1.0
HP1525301T2D_E11,ductal,ductal,1.0,ductal,1.0,ductal,0.9999999,ductal,1.0,ductal,0.9999999
HP1525301T2D_N4,ductal,ductal,0.99999917,ductal,0.99999976,ductal,1.0,ductal,0.99999774,ductal,1.0
HP1525301T2D_B24,ductal,ductal,0.9999999,ductal,0.9999994,ductal,1.0,ductal,0.9999968,ductal,0.9999999
HP1525301T2D_O20,ductal,ductal,0.9999994,ductal,1.0,ductal,1.0,ductal,0.9999933,ductal,0.9999999
HP1525301T2D_G13,ductal,ductal,0.99988484,ductal,0.99994993,ductal,0.99999976,ductal,0.99999356,ductal,0.999997
HP1525301T2D_L23,ductal,ductal,0.99999833,ductal,0.99999976,ductal,0.9999993,ductal,0.99999666,ductal,0.99999714
HP1525301T2D_I1,ductal,ductal,0.9999993,ductal,0.99999917,ductal,0.99999976,ductal,0.9999913,ductal,0.9999994
HP1525301T2D_C24,ductal,ductal,0.99999785,ductal,0.99999976,ductal,1.0,ductal,0.9999999,ductal,0.99999774
HP1525301T2D_G14,ductal,ductal,0.99999857,ductal,0.9999993,ductal,0.9999999,ductal,0.9999963,ductal,0.9999999
HP1525301T2D_L1,ductal,ductal,0.9999114,ductal,0.99999833,ductal,1.0,ductal,0.9999989,ductal,0.99999905
HP1525301T2D_I10,ductal,ductal,0.9999999,ductal,1.0,ductal,1.0,ductal,1.0,ductal,0.9999999
HP1525301T2D_G20,ductal,ductal,0.999998,ductal,0.9999938,ductal,1.0,ductal,0.9999958,ductal,0.99999964
HP1525301T2D_H24,ductal,ductal,0.9999999,ductal,0.9999894,ductal,1.0,ductal,0.99999905,ductal,0.9999995
HP1525301T2D_P13,ductal,ductal,1.0,ductal,0.99999964,ductal,1.0,ductal,0.9999982,ductal,0.9999999
HP1525301T2D_D2,ductal,ductal,0.9999999,ductal,0.9999964,ductal,0.9999989,ductal,0.9999958,ductal,0.9999993
HP1525301T2D_I3,ductal,ductal,0.99999976,ductal,1.0,ductal,1.0,ductal,0.99999595,ductal,1.0
HP1525301T2D_K21,ductal,ductal,0.9918454,ductal,0.99961036,ductal,0.99999774,ductal,0.99998915,ductal,0.9999912
HP1525301T2D_H3,ductal,ductal,1.0,ductal,1.0,ductal,1.0,ductal,0.99999964,ductal,0.99999964
HP1525301T2D_N5,ductal,ductal,1.0,ductal,0.9999994,ductal,1.0,ductal,0.9999994,ductal,0.99999964
HP1525301T2D_A17,ductal,ductal,1.0,ductal,1.0,ductal,1.0,ductal,0.99999857,ductal,1.0
HP1525301T2D_C13,ductal,ductal,0.99999976,ductal,0.99999964,ductal,1.0,ductal,0.99997747,ductal,1.0
HP1525301T2D_I19,ductal,ductal,1.0,ductal,0.9999999,ductal,0.99999964,ductal,0.9999999,ductal,1.0
HP1525301T2D_J15,ductal,ductal,0.9999808,ductal,0.9999987,ductal,1.0,ductal,0.9999982,ductal,0.9999994
HP1525301T2D_P21,ductal,ductal,1.0,ductal,1.0,ductal,1.0,ductal,0.9999987,ductal,1.0
HP1525301T2D_P5,ductal,ductal,0.99999714,ductal,0.99999833,ductal,1.0,ductal,0.99999964,ductal,0.9999999
HP1525301T2D_F21,ductal,ductal,0.999998,ductal,0.9999975,ductal,0.99999964,ductal,0.9999999,ductal,1.0
HP1525301T2D_A19,ductal,ductal,0.99990785,ductal,0.9999838,ductal,0.9999999,ductal,0.9999976,ductal,0.99999976
HP1525301T2D_O7,ductal,ductal,1.0,ductal,1.0,ductal,0.9999988,ductal,0.9999913,ductal,0.9999999
HP1525301T2D_A12,ductal,ductal,0.9991755,ductal,0.9999958,ductal,0.99999976,ductal,0.9974584,ductal,0.9999349
HP1525301T2D_K11,ductal,ductal,0.99999857,ductal,0.99999964,ductal,0.9999999,ductal,0.99999607,ductal,0.99995923
HP1525301T2D_O23,ductal,ductal,1.0,ductal,1.0,ductal,0.9999999,ductal,0.9999956,ductal,1.0
HP1525301T2D_A15,ductal,ductal,0.9999999,ductal,0.9999987,ductal,0.9999999,ductal,0.9999989,ductal,0.9999994
HP1525301T2D_L2,ductal,ductal,0.9999994,ductal,1.0,ductal,0.9999999,ductal,1.0,ductal,0.9999999
HP1525301T2D_B10,ductal,ductal,0.9999629,ductal,0.9999993,ductal,0.9999994,ductal,0.99998665,ductal,0.99999225
HP1525301T2D_K18,ductal,ductal,0.99999905,ductal,0.9999999,ductal,1.0,ductal,0.9999995,ductal,0.9999989
HP1525301T2D_C17,ductal,ductal,0.98819435,ductal,0.99999976,ductal,0.9999999,ductal,0.9999918,ductal,0.99998176
HP1525301T2D_D3,ductal,ductal,0.9995435,ductal,0.99999833,ductal,0.99999976,ductal,0.9999987,ductal,0.99999845
HP1525301T2D_D22,ductal,ductal,0.9999887,ductal,0.99999905,ductal,0.99999976,ductal,0.99999964,ductal,0.9999881
HP1525301T2D_F16,ductal,ductal,0.99999964,ductal,0.99999976,ductal,0.9999999,ductal,0.99998593,ductal,0.9999999
HP1525301T2D_N11,ductal,ductal,0.99999976,ductal,1.0,ductal,1.0,ductal,0.99999845,ductal,0.9999994
HP1525301T2D_K6,ductal,ductal,0.9999999,ductal,0.9999999,ductal,1.0,ductal,0.9999956,ductal,0.99999964
HP1525301T2D_L4,ductal,ductal,0.9999418,ductal,0.9999995,ductal,1.0,ductal,0.99999917,ductal,0.9999975
HP1525301T2D_G9,ductal,ductal,0.99999917,ductal,0.9999999,ductal,1.0,ductal,0.9999999,ductal,1.0
HP1525301T2D_L20,ductal,ductal,0.9999709,ductal,0.99999034,ductal,0.9999999,ductal,0.999997,ductal,0.99999595
HP1525301T2D_E20,ductal,ductal,1.0,ductal,0.99999666,ductal,0.9999987,ductal,0.99999475,ductal,0.99999905
HP1525301T2D_I22,ductal,ductal,1.0,ductal,0.9999987,ductal,1.0,ductal,0.9999994,ductal,0.9999995
HP1525301T2D_F8,ductal,ductal,0.9998084,ductal,0.99977666,ductal,0.99998915,ductal,0.9995951,ductal,0.99999785
HP1525301T2D_A13,ductal,ductal,1.0,ductal,1.0,ductal,1.0,ductal,0.99999964,ductal,1.0
HP1525301T2D_A1,ductal,ductal,1.0,ductal,0.9999962,ductal,0.9999989,ductal,0.9999839,ductal,0.99999976
HP1525301T2D_N14,ductal,ductal,0.9999995,ductal,0.99999845,ductal,1.0,ductal,0.9999994,ductal,1.0
HP1525301T2D_J9,ductal,ductal,1.0,ductal,0.9999987,ductal,1.0,ductal,0.9999958,ductal,1.0
HP1525301T2D_P2,ductal,ductal,0.9999999,ductal,1.0,ductal,1.0,ductal,0.9999907,ductal,0.99999714
HP1525301T2D_K12,ductal,ductal,0.9940367,ductal,0.99999976,ductal,0.9999993,ductal,0.9999901,ductal,0.99999535
HP1525301T2D_O17,ductal,ductal,0.99999607,ductal,1.0,ductal,1.0,ductal,0.9999937,ductal,1.0
HP1525301T2D_L3,ductal,ductal,0.9999994,ductal,0.9999939,ductal,0.99999213,ductal,0.9999728,ductal,0.99999964
HP1525301T2D_D5,ductal,ductal,0.99553066,ductal,0.999995,ductal,0.999964,activated_stellate,0.7602722,ductal,0.9999788
HP1525301T2D_I15,ductal,ductal,1.0,ductal,1.0,ductal,1.0,ductal,0.9999925,ductal,0.9999999
HP1525301T2D_E15,ductal,ductal,0.9999943,ductal,0.99999964,ductal,0.9999881,ductal,0.99996936,ductal,0.99999034
HP1525301T2D_H11,ductal,ductal,0.99999976,ductal,1.0,ductal,0.9999999,ductal,0.99999297,ductal,0.9999999
HP1525301T2D_L6,ductal,ductal,0.99998,ductal,0.99999964,ductal,0.9999999,ductal,0.9999976,ductal,0.9999993
HP1525301T2D_F12,ductal,ductal,0.9999999,ductal,0.9999995,ductal,0.9999999,ductal,0.9999994,ductal,0.99999976
HP1525301T2D_P19,ductal,ductal,0.99999976,ductal,0.99999976,ductal,0.9999999,ductal,1.0,ductal,0.9999999
HP1525301T2D_A14,ductal,ductal,1.0,ductal,0.9999999,ductal,1.0,ductal,0.9999814,ductal,1.0
HP1525301T2D_C9,ductal,ductal,1.0,ductal,0.9999999,ductal,1.0,ductal,0.99999964,ductal,0.9999999
HP1525301T2D_J20,ductal,ductal,1.0,ductal,1.0,ductal,1.0,ductal,0.9999999,ductal,1.0
HP1525301T2D_N16,ductal,ductal,0.9999995,ductal,0.9999633,ductal,0.9999999,ductal,0.9999908,ductal,0.99999964
HP1525301T2D_C15,ductal,ductal,0.99845624,ductal,0.9999999,ductal,0.9999999,ductal,0.9999988,ductal,0.99999857
HP1525301T2D_D14,ductal,ductal,0.99999404,ductal,1.0,ductal,0.9999999,ductal,0.9999988,ductal,0.99999774
HP1525301T2D_N20,ductal,ductal,0.9999982,ductal,1.0,ductal,0.9999987,ductal,0.9999676,ductal,1.0
HP1525301T2D_P20,ductal,ductal,0.99999726,ductal,0.9999994,ductal,0.9999999,ductal,0.9999454,ductal,0.9999931
HP1525301T2D_L16,ductal,ductal,0.9999981,ductal,0.9999989,ductal,0.9999993,ductal,0.9999987,ductal,0.99999845
HP1525301T2D_G5,ductal,ductal,0.99999976,ductal,1.0,ductal,1.0,ductal,0.9999999,ductal,0.9999999
HP1525301T2D_P4,ductal,ductal,0.93521196,ductal,0.9999999,ductal,0.99997175,ductal,0.99999976,ductal,0.9999994
HP1525301T2D_I17,ductal,ductal,0.99998474,ductal,0.9999994,ductal,0.9999989,ductal,0.9999962,ductal,0.99999964
HP1525301T2D_M6,ductal,ductal,0.9999994,ductal,0.9999994,ductal,1.0,ductal,0.9999999,ductal,0.9999999
HP1525301T2D_O8,ductal,ductal,0.99999654,ductal,0.99997425,ductal,0.99999535,ductal,0.99996865,ductal,0.99973494
HP1525301T2D_N1,ductal,ductal,1.0,ductal,1.0,ductal,1.0,ductal,0.9999999,ductal,1.0
HP1525301T2D_B21,ductal,ductal,0.99999833,ductal,1.0,ductal,1.0,ductal,0.9999999,ductal,0.9999994
HP1525301T2D_H16,ductal,ductal,0.99999905,ductal,0.9999999,ductal,1.0,ductal,0.99999964,ductal,0.99999976
HP1525301T2D_M15,ductal,ductal,0.99999964,ductal,0.9999995,ductal,0.9999999,ductal,0.9999912,ductal,0.9999995
HP1525301T2D_C19,ductal,ductal,0.99999905,ductal,0.9999927,ductal,0.9999999,ductal,0.9999994,ductal,0.99999964
HP1525301T2D_K2,ductal,ductal,0.99986017,ductal,0.99992704,ductal,0.9999989,ductal,0.9999951,ductal,0.9999827
HP1525301T2D_M9,ductal,ductal,1.0,ductal,1.0,ductal,0.9999999,ductal,0.9999994,ductal,1.0
HP1525301T2D_N15,ductal,ductal,0.9999943,ductal,1.0,ductal,0.99998987,ductal,0.999998,ductal,0.99999976
HP1525301T2D_B14,ductal,ductal,0.9999912,ductal,0.99999964,ductal,0.99999976,ductal,0.99999857,ductal,0.99999785
HP1525301T2D_D4,ductal,ductal,0.9999987,ductal,0.99999964,ductal,0.99999976,ductal,0.99999976,ductal,0.9999994
HP1525301T2D_G10,ductal,ductal,0.99999416,ductal,0.9999999,ductal,1.0,ductal,0.9999995,ductal,0.99999964
HP1525301T2D_H2,ductal,ductal,0.9999999,ductal,1.0,ductal,1.0,ductal,1.0,ductal,1.0
HP1525301T2D_H1,ductal,ductal,0.99999845,ductal,0.9999758,ductal,0.9999999,ductal,0.99994266,ductal,0.9999993
HP1525301T2D_H18,ductal,ductal,0.9999999,ductal,0.9999999,ductal,1.0,ductal,0.99999964,ductal,0.99999976
HP1525301T2D_O16,ductal,ductal,1.0,ductal,1.0,ductal,0.9999999,ductal,0.9999981,ductal,1.0
HP1525301T2D_I24,ductal,ductal,0.9999405,ductal,0.99999976,ductal,1.0,ductal,0.9999981,ductal,0.9999999
HP1525301T2D_O24,ductal,ductal,0.9999999,ductal,0.99999905,ductal,0.9999993,ductal,0.9999324,ductal,0.9999995
HP1525301T2D_M20,ductal,ductal,1.0,ductal,1.0,ductal,1.0,ductal,0.99998605,ductal,0.9999999
HP1525301T2D_H17,ductal,ductal,0.99999976,ductal,0.9999988,ductal,1.0,ductal,0.99999976,ductal,1.0
HP1525301T2D_C21,ductal,ductal,0.99999344,ductal,0.9999995,ductal,0.9999995,ductal,0.99999774,ductal,0.99992704
HP1525301T2D_L13,ductal,ductal,0.9999999,ductal,0.9999999,ductal,1.0,ductal,1.0,ductal,0.9999999
HP1525301T2D_K17,ductal,ductal,1.0,ductal,0.99999976,ductal,1.0,ductal,0.99999905,ductal,0.99999976
HP1525301T2D_D8,ductal,ductal,0.99999905,ductal,0.9999999,ductal,1.0,ductal,0.9999999,ductal,0.9999999
HP1525301T2D_M12,ductal,ductal,0.9999989,ductal,0.99999774,ductal,1.0,ductal,0.9999957,ductal,0.9999999
HP1525301T2D_N12,ductal,ductal,0.9999999,ductal,0.9999987,ductal,1.0,ductal,0.9999993,ductal,1.0
HP1525301T2D_C11,ductal,ductal,0.99999917,ductal,0.9999881,ductal,0.9999999,ductal,0.9999993,ductal,0.999995
HP1525301T2D_I8,ductal,ductal,0.99999535,ductal,0.999997,ductal,0.9999999,ductal,0.9999933,ductal,0.9999993
HP1525301T2D_O22,ductal,ductal,0.9999976,ductal,0.9999877,ductal,0.99999845,ductal,0.9999937,ductal,0.99999833
HP1525301T2D_K1,ductal,ductal,0.9995584,ductal,0.9999962,ductal,0.99999964,ductal,0.99995565,ductal,0.99999523
HP1525301T2D_E17,ductal,ductal,0.99999607,ductal,0.9999896,ductal,0.999995,ductal,0.9999887,ductal,0.9999999
HP1525301T2D_D15,ductal,ductal,0.99999905,ductal,0.99999905,ductal,0.9999993,ductal,0.9999988,ductal,0.9999994
HP1525301T2D_G21,ductal,ductal,1.0,ductal,0.9999999,ductal,1.0,ductal,0.99999845,ductal,1.0
HP1525301T2D_E4,ductal,ductal,0.9999995,ductal,0.9999989,ductal,0.9999994,ductal,0.99999213,ductal,0.99999976
HP1525301T2D_C22,ductal,ductal,0.9999236,ductal,0.999907,ductal,0.99999905,ductal,0.9996377,ductal,0.99995494
HP1525301T2D_B3,ductal,ductal,0.9999989,ductal,0.999997,ductal,0.9999989,ductal,0.9999882,ductal,0.9999993
HP1525301T2D_N6,ductal,ductal,0.9999825,ductal,0.9999993,ductal,0.9999932,ductal,0.9999949,ductal,0.9999976
HP1525301T2D_I16,ductal,ductal,0.99999964,ductal,0.9999995,ductal,1.0,ductal,0.9999927,ductal,0.9999989
HP1525301T2D_P23,ductal,ductal,1.0,ductal,1.0,ductal,1.0,ductal,1.0,ductal,1.0
HP1525301T2D_O10,ductal,ductal,0.9999994,ductal,0.9999999,ductal,0.9999987,ductal,0.9999739,ductal,0.9999999
HP1526901T2D_O5,ductal,ductal,1.0,ductal,1.0,ductal,1.0,ductal,1.0,ductal,0.9999999
HP1526901T2D_F15,ductal,ductal,0.99999964,ductal,0.99999607,acinar,0.8719034,acinar,0.7965257,ductal,0.99761873
HP1526901T2D_M8,ductal,ductal,1.0,ductal,1.0,ductal,0.9999999,ductal,1.0,ductal,0.99999905
HP1526901T2D_I1,ductal,ductal,1.0,ductal,0.99999976,ductal,0.9999999,ductal,1.0,ductal,0.9999999
HP1526901T2D_J18,ductal,ductal,0.99988043,ductal,0.99998045,ductal,0.99999976,ductal,0.9999999,ductal,0.9999999
HP1526901T2D_B24,ductal,ductal,0.99999857,ductal,0.9999999,ductal,0.9999999,ductal,1.0,ductal,0.9999981
HP1526901T2D_G24,ductal,ductal,1.0,ductal,1.0,ductal,1.0,ductal,1.0,ductal,1.0
HP1526901T2D_E23,ductal,ductal,0.9999975,ductal,0.9999999,ductal,0.9999974,ductal,0.9999993,ductal,0.99998784
HP1526901T2D_D4,ductal,ductal,1.0,ductal,1.0,ductal,1.0,ductal,1.0,ductal,0.9999999
HP1526901T2D_K4,ductal,ductal,1.0,ductal,0.9999999,ductal,1.0,ductal,1.0,ductal,1.0
HP1526901T2D_M20,ductal,ductal,1.0,ductal,0.9999999,ductal,1.0,ductal,1.0,ductal,0.9999975
HP1526901T2D_D22,ductal,ductal,0.9999956,ductal,0.9999995,ductal,0.9999999,ductal,1.0,ductal,0.99999845
HP1526901T2D_J11,ductal,ductal,1.0,ductal,1.0,ductal,1.0,ductal,0.99999774,ductal,0.9999999
HP1526901T2D_E9,ductal,ductal,1.0,ductal,1.0,ductal,0.9999999,ductal,1.0,ductal,0.9999999
HP1526901T2D_F24,ductal,ductal,1.0,ductal,1.0,ductal,0.99999976,ductal,1.0,ductal,0.99999964
HP1526901T2D_J3,ductal,ductal,1.0,ductal,1.0,ductal,0.9999995,ductal,0.9999999,ductal,1.0
HP1526901T2D_A11,ductal,ductal,1.0,ductal,1.0,ductal,1.0,ductal,1.0,ductal,1.0
HP1526901T2D_F16,ductal,ductal,1.0,ductal,1.0,ductal,1.0,ductal,1.0,ductal,1.0
HP1526901T2D_A24,ductal,ductal,0.9999999,ductal,1.0,ductal,0.9999995,ductal,1.0,ductal,0.9999962
HP1526901T2D_E22,ductal,ductal,0.9998292,ductal,0.99995816,ductal,1.0,ductal,0.9999757,ductal,0.9999994
HP1526901T2D_C14,ductal,ductal,0.9999995,ductal,1.0,ductal,1.0,ductal,1.0,ductal,0.99999976
HP1526901T2D_E1,ductal,ductal,0.9999995,ductal,0.99999964,ductal,0.9999999,ductal,1.0,ductal,0.99999976
HP1526901T2D_F22,ductal,ductal,0.9999999,ductal,1.0,ductal,1.0,ductal,0.99999976,ductal,1.0
HP1526901T2D_D3,ductal,ductal,1.0,ductal,1.0,ductal,1.0,ductal,1.0,ductal,1.0
HP1526901T2D_H9,ductal,ductal,1.0,ductal,1.0,ductal,1.0,ductal,1.0,ductal,0.99999976
HP1526901T2D_M14,ductal,mast,0.9982495,ductal,0.99999964,ductal,0.8570519,ductal,0.9996735,ductal,0.99858403
HP1526901T2D_B23,ductal,ductal,1.0,ductal,1.0,ductal,1.0,ductal,0.9999999,ductal,1.0
HP1526901T2D_C22,ductal,ductal,1.0,ductal,0.99999976,ductal,0.99999905,ductal,0.99999845,ductal,0.9999999
HP1526901T2D_D2,ductal,ductal,1.0,ductal,1.0,ductal,1.0,ductal,0.99999976,ductal,1.0
HP1526901T2D_K1,ductal,ductal,1.0,ductal,1.0,ductal,1.0,ductal,1.0,ductal,1.0
HP1526901T2D_C23,ductal,ductal,1.0,ductal,1.0,ductal,0.99999976,ductal,0.9999999,ductal,0.99999726
HP1526901T2D_C20,ductal,ductal,1.0,ductal,0.9999999,ductal,1.0,ductal,0.9999999,ductal,1.0
HP1526901T2D_N21,ductal,ductal,1.0,ductal,1.0,ductal,0.9999999,ductal,1.0,ductal,0.9999994
HP1526901T2D_K19,ductal,ductal,0.9999999,ductal,0.99999976,ductal,1.0,ductal,1.0,ductal,0.9999999
HP1526901T2D_F8,ductal,ductal,0.9999999,ductal,1.0,ductal,0.99999964,ductal,0.99999917,ductal,1.0
HP1526901T2D_E14,ductal,ductal,0.9987556,ductal,0.99940705,ductal,0.9190164,ductal,0.9999999,ductal,0.99993086
HP1526901T2D_H21,ductal,ductal,1.0,ductal,0.9999999,ductal,1.0,ductal,1.0,ductal,0.9999999
HP1526901T2D_J12,ductal,ductal,0.9999981,ductal,0.9999999,ductal,0.9999994,ductal,1.0,ductal,0.9999995
HP1526901T2D_A21,ductal,ductal,1.0,ductal,1.0,ductal,1.0,ductal,0.9999976,ductal,1.0
HP1526901T2D_G22,ductal,ductal,0.99999905,ductal,0.9999999,ductal,0.99999964,ductal,0.9999995,ductal,0.999998
HP1526901T2D_B5,ductal,ductal,0.99999964,ductal,1.0,ductal,1.0,ductal,1.0,ductal,0.99999857
HP1526901T2D_O4,ductal,ductal,1.0,ductal,1.0,ductal,1.0,ductal,1.0,ductal,1.0
HP1526901T2D_D12,ductal,ductal,1.0,ductal,1.0,ductal,1.0,ductal,1.0,ductal,1.0
HP1526901T2D_H5,ductal,ductal,1.0,ductal,1.0,ductal,0.9999999,ductal,1.0,ductal,0.9999993
HP1526901T2D_N11,ductal,ductal,1.0,ductal,1.0,ductal,0.9999999,ductal,1.0,ductal,0.99999976
HP1526901T2D_H8,ductal,ductal,0.99999964,ductal,0.9999994,ductal,0.9999995,ductal,0.9999999,ductal,0.99999976
HP1526901T2D_B3,ductal,ductal,1.0,ductal,1.0,ductal,1.0,ductal,1.0,ductal,1.0
HP1502401_I12,endothelial,endothelial,1.0,endothelial,1.0,endothelial,1.0,endothelial,1.0,endothelial,1.0
HP1504101T2D_C1,endothelial,endothelial,1.0,endothelial,1.0,endothelial,1.0,endothelial,1.0,endothelial,1.0
HP1504901_I17,endothelial,endothelial,0.9999993,endothelial,0.9999995,endothelial,1.0,endothelial,1.0,endothelial,1.0
HP1504901_P3,endothelial,endothelial,0.99999917,endothelial,0.99999905,endothelial,1.0,endothelial,1.0,endothelial,1.0
HP1504901_A23,endothelial,endothelial,0.99999726,endothelial,0.99999976,endothelial,1.0,endothelial,1.0,endothelial,1.0
HP1504901_P18,endothelial,endothelial,0.9999951,endothelial,0.9999962,endothelial,1.0,endothelial,1.0,endothelial,1.0
HP1504901_G10,endothelial,endothelial,0.99999964,endothelial,0.99999845,endothelial,1.0,endothelial,1.0,endothelial,1.0
HP1504901_F16,endothelial,endothelial,0.99999857,endothelial,0.9999994,endothelial,1.0,endothelial,1.0,endothelial,1.0
HP1504901_D4,endothelial,endothelial,0.9999993,endothelial,0.99999464,endothelial,1.0,endothelial,1.0,endothelial,1.0
HP1504901_E2,endothelial,endothelial,0.99999964,endothelial,0.9999994,endothelial,1.0,endothelial,1.0,endothelial,1.0
HP1507101_D10,endothelial,endothelial,1.0,endothelial,1.0,endothelial,1.0,endothelial,1.0,endothelial,1.0
HP1507101_P20,endothelial,endothelial,1.0,endothelial,1.0,endothelial,1.0,endothelial,1.0,endothelial,1.0
HP1508501T2D_K18,endothelial,endothelial,1.0,endothelial,1.0,endothelial,1.0,endothelial,1.0,endothelial,1.0
HP1509101_I17,endothelial,endothelial,1.0,endothelial,1.0,endothelial,1.0,endothelial,1.0,endothelial,1.0
HP1509101_H17,endothelial,endothelial,0.9999999,endothelial,1.0,endothelial,1.0,endothelial,1.0,endothelial,1.0
HP1509101_P14,endothelial,endothelial,1.0,endothelial,1.0,endothelial,1.0,endothelial,1.0,endothelial,1.0
HP1509101_K5,endothelial,endothelial,0.9999999,endothelial,1.0,endothelial,1.0,endothelial,1.0,endothelial,1.0
HP1509101_L18,endothelial,endothelial,0.99999654,endothelial,0.9999906,endothelial,0.99999917,endothelial,0.9999907,endothelial,0.99999964
HP1509101_F23,endothelial,endothelial,1.0,endothelial,1.0,endothelial,1.0,endothelial,1.0,endothelial,1.0
HP1509101_G21,endothelial,endothelial,0.9999968,endothelial,0.9999999,endothelial,1.0,endothelial,1.0,endothelial,0.9999999
HP1525301T2D_P15,endothelial,endothelial,1.0,endothelial,1.0,endothelial,1.0,endothelial,1.0,endothelial,1.0
AZ_F5,activated_stellate,activated_stellate,0.9999995,activated_stellate,0.9999999,activated_stellate,0.9999976,activated_stellate,0.9999993,activated_stellate,0.99999845
HP1502401_H18,activated_stellate,activated_stellate,0.9967648,activated_stellate,0.99939406,activated_stellate,0.9999956,activated_stellate,0.9984397,activated_stellate,0.9934416
HP1504101T2D_P3,activated_stellate,activated_stellate,0.9999753,activated_stellate,0.99999785,activated_stellate,0.9999871,activated_stellate,0.99999905,activated_stellate,0.99998367
HP1504101T2D_F18,activated_stellate,activated_stellate,0.99999547,activated_stellate,0.9999999,activated_stellate,0.99999964,activated_stellate,0.9999995,activated_stellate,0.99999774
HP1504901_I19,activated_stellate,activated_stellate,0.9999819,activated_stellate,0.99990964,activated_stellate,0.999887,activated_stellate,0.99486214,activated_stellate,0.9999933
HP1504901_B24,activated_stellate,activated_stellate,0.99999535,activated_stellate,0.99977607,activated_stellate,0.99993956,activated_stellate,0.9999634,activated_stellate,0.9999993
HP1504901_M19,activated_stellate,activated_stellate,0.9999974,activated_stellate,0.999795,activated_stellate,0.99999917,activated_stellate,0.9997609,activated_stellate,0.99999714
HP1504901_E9,activated_stellate,activated_stellate,0.9991234,quiescent_stellate,0.84623104,activated_stellate,0.9987556,activated_stellate,0.91802305,activated_stellate,0.9883824
HP1504901_J24,activated_stellate,activated_stellate,0.99999595,activated_stellate,0.99934524,activated_stellate,0.99996793,activated_stellate,0.9988238,activated_stellate,0.9999529
HP1504901_J18,activated_stellate,activated_stellate,0.9999975,activated_stellate,0.9999819,activated_stellate,0.99999654,activated_stellate,0.99999464,activated_stellate,0.99999976
HP1506401_B15,activated_stellate,activated_stellate,0.99999917,activated_stellate,0.99999917,activated_stellate,0.99999046,activated_stellate,0.9999988,activated_stellate,0.9999995
HP1506401_B20,activated_stellate,activated_stellate,0.99999595,activated_stellate,0.99999857,activated_stellate,0.9999964,activated_stellate,0.99999857,activated_stellate,0.99999964
HP1507101_G2,activated_stellate,activated_stellate,0.9999995,activated_stellate,1.0,activated_stellate,1.0,activated_stellate,1.0,activated_stellate,1.0
HP1507101_M10,activated_stellate,activated_stellate,0.99999404,activated_stellate,1.0,activated_stellate,0.9999995,activated_stellate,1.0,activated_stellate,1.0
HP1507101_J12,activated_stellate,activated_stellate,0.99999833,activated_stellate,1.0,activated_stellate,0.9999944,activated_stellate,0.9999994,activated_stellate,0.99999607
HP1507101_D9,activated_stellate,activated_stellate,0.9999995,activated_stellate,1.0,activated_stellate,1.0,activated_stellate,1.0,activated_stellate,1.0
HP1507101_C11,activated_stellate,activated_stellate,0.99999666,activated_stellate,0.9999895,activated_stellate,0.99999547,activated_stellate,0.9999958,activated_stellate,0.9999956
HP1507101_K13,activated_stellate,activated_stellate,0.99999976,activated_stellate,1.0,activated_stellate,1.0,activated_stellate,1.0,activated_stellate,1.0
HP1507101_E18,activated_stellate,activated_stellate,0.99999917,activated_stellate,0.99998426,activated_stellate,0.99999833,activated_stellate,0.9999875,activated_stellate,0.9999968
HP1507101_K20,activated_stellate,activated_stellate,0.9999987,activated_stellate,1.0,activated_stellate,1.0,activated_stellate,1.0,activated_stellate,0.9999999
HP1507101_L1,activated_stellate,activated_stellate,0.9999999,activated_stellate,1.0,activated_stellate,1.0,activated_stellate,1.0,activated_stellate,1.0
HP1507101_E23,activated_stellate,activated_stellate,0.99999964,activated_stellate,1.0,activated_stellate,0.9999999,activated_stellate,1.0,activated_stellate,0.9999999
HP1508501T2D_A8,activated_stellate,activated_stellate,1.0,activated_stellate,0.9999999,activated_stellate,1.0,activated_stellate,1.0,activated_stellate,1.0
HP1508501T2D_H5,activated_stellate,activated_stellate,0.9999664,activated_stellate,1.0,activated_stellate,0.99999976,activated_stellate,1.0,activated_stellate,1.0
HP1508501T2D_I3,activated_stellate,activated_stellate,0.99999976,activated_stellate,1.0,activated_stellate,1.0,activated_stellate,1.0,activated_stellate,1.0
HP1508501T2D_L10,activated_stellate,activated_stellate,0.9999999,activated_stellate,1.0,activated_stellate,1.0,activated_stellate,1.0,activated_stellate,1.0
HP1508501T2D_L15,activated_stellate,activated_stellate,0.99595,activated_stellate,0.9999999,activated_stellate,0.9995222,activated_stellate,0.99999976,activated_stellate,1.0
HP1508501T2D_C12,activated_stellate,activated_stellate,0.9999485,activated_stellate,1.0,activated_stellate,0.9999999,activated_stellate,1.0,activated_stellate,1.0
HP1508501T2D_I19,activated_stellate,activated_stellate,0.9999989,activated_stellate,1.0,activated_stellate,1.0,activated_stellate,1.0,activated_stellate,1.0
HP1508501T2D_E20,activated_stellate,activated_stellate,0.9999982,activated_stellate,1.0,activated_stellate,1.0,activated_stellate,1.0,activated_stellate,1.0
HP1508501T2D_J2,activated_stellate,activated_stellate,0.9986511,activated_stellate,0.99999225,activated_stellate,0.9995203,activated_stellate,0.9999968,activated_stellate,0.9999995
HP1508501T2D_M10,activated_stellate,activated_stellate,0.99999976,activated_stellate,0.9999999,activated_stellate,1.0,activated_stellate,1.0,activated_stellate,1.0
HP1508501T2D_M21,activated_stellate,activated_stellate,0.99999976,activated_stellate,1.0,activated_stellate,1.0,activated_stellate,1.0,activated_stellate,1.0
HP1509101_D10,activated_stellate,activated_stellate,0.9999943,activated_stellate,0.9999684,activated_stellate,0.99999964,activated_stellate,0.99999595,activated_stellate,0.99999857
HP1509101_B12,activated_stellate,activated_stellate,1.0,activated_stellate,0.99999976,activated_stellate,0.99999976,activated_stellate,0.9999999,activated_stellate,0.9999999
HP1509101_P23,activated_stellate,activated_stellate,0.9999968,activated_stellate,0.99982184,activated_stellate,0.999703,activated_stellate,0.99999213,activated_stellate,0.99998784
HP1509101_J14,activated_stellate,activated_stellate,0.9999999,activated_stellate,1.0,activated_stellate,1.0,activated_stellate,0.9999999,activated_stellate,1.0
HP1509101_B17,activated_stellate,activated_stellate,0.9999999,activated_stellate,1.0,activated_stellate,1.0,activated_stellate,0.9999999,activated_stellate,0.9999999
HP1525301T2D_P16,activated_stellate,activated_stellate,1.0,activated_stellate,1.0,activated_stellate,1.0,activated_stellate,1.0,activated_stellate,1.0
HP1525301T2D_F24,activated_stellate,activated_stellate,1.0,activated_stellate,1.0,activated_stellate,1.0,activated_stellate,1.0,activated_stellate,1.0
HP1525301T2D_O9,activated_stellate,activated_stellate,0.99999785,activated_stellate,1.0,activated_stellate,0.9999995,activated_stellate,0.9999989,activated_stellate,0.99999976
HP1525301T2D_E12,activated_stellate,activated_stellate,0.99999976,activated_stellate,1.0,activated_stellate,1.0,activated_stellate,0.99999976,activated_stellate,0.99999964
HP1525301T2D_F7,activated_stellate,activated_stellate,1.0,activated_stellate,0.9999999,activated_stellate,1.0,activated_stellate,0.9999995,activated_stellate,1.0
HP1525301T2D_B6,activated_stellate,activated_stellate,0.9999999,activated_stellate,1.0,activated_stellate,0.9999999,activated_stellate,0.9999995,activated_stellate,0.9999999
HP1525301T2D_E5,activated_stellate,activated_stellate,1.0,activated_stellate,1.0,activated_stellate,1.0,activated_stellate,0.99999976,activated_stellate,1.0
HP1525301T2D_L8,activated_stellate,activated_stellate,0.9999999,activated_stellate,0.9999995,activated_stellate,0.9999999,activated_stellate,0.9999993,activated_stellate,0.9999999
HP1525301T2D_E24,activated_stellate,activated_stellate,0.9999999,activated_stellate,1.0,activated_stellate,1.0,activated_stellate,0.99999964,activated_stellate,0.9999999
HP1525301T2D_K10,activated_stellate,activated_stellate,0.99999976,activated_stellate,1.0,activated_stellate,0.9999988,activated_stellate,0.9999995,activated_stellate,0.9999999
HP1525301T2D_M2,activated_stellate,activated_stellate,0.9999999,activated_stellate,1.0,activated_stellate,1.0,activated_stellate,0.99999976,activated_stellate,1.0
HP1525301T2D_J17,activated_stellate,activated_stellate,1.0,activated_stellate,1.0,activated_stellate,1.0,activated_stellate,0.9999994,activated_stellate,0.9999999
HP1525301T2D_D21,activated_stellate,activated_stellate,0.89706624,activated_stellate,0.9875344,quiescent_stellate,0.9851445,activated_stellate,0.9338114,quiescent_stellate,0.96118414
HP1526901T2D_P13,activated_stellate,activated_stellate,1.0,activated_stellate,1.0,activated_stellate,0.9999999,activated_stellate,0.99999905,activated_stellate,0.9999999
HP1526901T2D_E15,activated_stellate,activated_stellate,1.0,activated_stellate,1.0,activated_stellate,1.0,activated_stellate,0.9999999,activated_stellate,1.0
HP1526901T2D_O2,activated_stellate,activated_stellate,0.9999999,activated_stellate,1.0,activated_stellate,1.0,activated_stellate,0.9999989,activated_stellate,1.0
HP1526901T2D_I9,activated_stellate,activated_stellate,1.0,activated_stellate,1.0,activated_stellate,1.0,activated_stellate,0.99999976,activated_stellate,1.0
HP1504101T2D_H7,schwann,schwann,1.0,schwann,1.0,schwann,0.99999976,schwann,1.0,schwann,1.0
HP1504901_C2,schwann,schwann,1.0,schwann,1.0,schwann,1.0,schwann,1.0,schwann,1.0
HP1502401_J7,mast,mast,0.99998176,mast,1.0,mast,0.99999714,mast,1.0,mast,0.9999995
HP1507101_M16,mast,mast,0.9999999,mast,1.0,mast,0.99999976,mast,1.0,mast,1.0
HP1508501T2D_M1,mast,mast,1.0,mast,1.0,mast,0.9999989,mast,1.0,mast,1.0
HP1508501T2D_H12,mast,mast,0.99999964,mast,1.0,mast,0.99999905,mast,1.0,mast,1.0
HP1526901T2D_O12,mast,mast,1.0,mast,1.0,mast,0.9999993,mast,1.0,mast,1.0
HP1526901T2D_P8,mast,mast,1.0,mast,1.0,mast,0.99999905,mast,0.9999999,mast,1.0
HP1526901T2D_E17,mast,t_cell,0.9999974,t_cell,0.7895385,t_cell,0.99999464,t_cell,0.9864891,t_cell,0.9999286
AZ_E3,macrophage,macrophage,1.0,macrophage,0.9999919,macrophage,0.9999199,macrophage,0.99989843,macrophage,0.9999999
HP1507101_L8,macrophage,macrophage,0.9999994,macrophage,1.0,macrophage,0.9999987,macrophage,1.0,macrophage,1.0
HP1507101_N1,macrophage,macrophage,0.9997012,macrophage,1.0,macrophage,0.99996793,macrophage,0.9999945,macrophage,0.9999993
HP1508501T2D_F14,macrophage,macrophage,0.9996853,macrophage,0.99508494,macrophage,0.99985576,macrophage,0.99982184,macrophage,0.99999213
HP1508501T2D_C9,macrophage,macrophage,1.0,macrophage,0.99999976,macrophage,0.9999567,macrophage,1.0,macrophage,0.99999714
HP1525301T2D_I11,macrophage,macrophage,1.0,macrophage,1.0,macrophage,1.0,macrophage,1.0,macrophage,1.0
HP1526901T2D_G11,macrophage,macrophage,0.9999999,macrophage,1.0,macrophage,0.99999833,macrophage,0.99999964,macrophage,0.9999989
HP1502401_E14,epsilon,epsilon,1.0,epsilon,0.99990165,epsilon,1.0,epsilon,1.0,epsilon,0.9999994
HP1504101T2D_M8,epsilon,epsilon,0.9999999,epsilon,0.9998628,epsilon,0.99998677,epsilon,0.99999845,epsilon,0.9990054
HP1504101T2D_C16,epsilon,delta,0.9173534,delta,0.65901816,epsilon,0.9903212,beta,0.43485218,epsilon,0.98691815
HP1504901_F14,epsilon,epsilon,1.0,epsilon,0.99999976,epsilon,1.0,epsilon,1.0,epsilon,0.99999964
HP1504901_D18,epsilon,epsilon,1.0,epsilon,0.9999596,epsilon,0.99999905,epsilon,1.0,epsilon,0.99970216
HP1504901_C13,epsilon,epsilon,1.0,epsilon,0.99999905,epsilon,1.0,epsilon,1.0,epsilon,1.0
HP1506401_J16,epsilon,epsilon,0.99997723,epsilon,0.9998901,epsilon,0.9990478,epsilon,0.9999987,epsilon,0.99999976
HP1526901T2D_M13,epsilon,epsilon,0.9999999,epsilon,0.99999166,epsilon,0.9997857,epsilon,1.0,epsilon,0.999721
HP1504101T2D_P14,quiescent_stellate,activated_stellate,0.9996823,activated_stellate,0.8441657,activated_stellate,0.9999995,activated_stellate,0.99983287,activated_stellate,0.9999558
HP1504901_A22,quiescent_stellate,quiescent_stellate,0.9999801,quiescent_stellate,0.99999976,quiescent_stellate,0.99998987,quiescent_stellate,0.999592,quiescent_stellate,0.9999999
HP1504901_M11,quiescent_stellate,quiescent_stellate,0.99999213,quiescent_stellate,0.9999999,quiescent_stellate,0.9997143,quiescent_stellate,0.9999448,quiescent_stellate,1.0
HP1504901_N21,quiescent_stellate,quiescent_stellate,0.9999975,quiescent_stellate,1.0,quiescent_stellate,0.9999994,quiescent_stellate,0.9999827,quiescent_stellate,1.0
HP1507101_P15,quiescent_stellate,quiescent_stellate,0.99999976,quiescent_stellate,1.0,quiescent_stellate,1.0,quiescent_stellate,1.0,quiescent_stellate,0.9999999
HP1508501T2D_M16,quiescent_stellate,quiescent_stellate,0.99999976,quiescent_stellate,0.99999976,quiescent_stellate,0.99999976,quiescent_stellate,0.9999995,quiescent_stellate,0.9999993
